#! /opt/homebrew/Cellar/icarus-verilog/13.0/bin/vvp
:ivl_version "13.0 (stable)" "(v13_0)";
:ivl_delay_selection "TYPICAL";
:vpi_time_precision + 0;
:vpi_module "/opt/homebrew/Cellar/icarus-verilog/13.0/lib/ivl/system.vpi";
:vpi_module "/opt/homebrew/Cellar/icarus-verilog/13.0/lib/ivl/vhdl_sys.vpi";
:vpi_module "/opt/homebrew/Cellar/icarus-verilog/13.0/lib/ivl/vhdl_textio.vpi";
:vpi_module "/opt/homebrew/Cellar/icarus-verilog/13.0/lib/ivl/v2005_math.vpi";
:vpi_module "/opt/homebrew/Cellar/icarus-verilog/13.0/lib/ivl/va_math.vpi";
:vpi_module "/opt/homebrew/Cellar/icarus-verilog/13.0/lib/ivl/v2009.vpi";
S_0x13f2e2f80 .scope package, "$unit" "$unit" 2 1;
 .timescale 0 0;
S_0x13f2e2cc0 .scope module, "ALU" "ALU" 3 6;
 .timescale 0 0;
    .port_info 0 /INPUT 5 "opcode";
    .port_info 1 /INPUT 64 "PC";
    .port_info 2 /INPUT 64 "rd_data";
    .port_info 3 /INPUT 64 "rs_data";
    .port_info 4 /INPUT 64 "rt_data";
    .port_info 5 /INPUT 64 "r31_data";
    .port_info 6 /INPUT 12 "L_data";
    .port_info 7 /OUTPUT 64 "result";
    .port_info 8 /OUTPUT 1 "writeback";
    .port_info 9 /OUTPUT 64 "branch_target";
    .port_info 10 /OUTPUT 1 "branch_taken";
L_0x13f5c5f00 .functor NOT 1, L_0x13f5c9d00, C4<0>, C4<0>, C4<0>;
o0x13000b0d0 .functor BUFZ 12, c4<zzzzzzzzzzzz>; HiZ drive
v0x13f246ff0_0 .net "L_data", 11 0, o0x13000b0d0;  0 drivers
o0x13000b100 .functor BUFZ 64, c4<zzzzzzzzzzzzzzzzzzzzzzzzzzzzzzzzzzzzzzzzzzzzzzzzzzzzzzzzzzzzzzzz>; HiZ drive
v0x13f247080_0 .net "PC", 63 0, o0x13000b100;  0 drivers
v0x13f224b90_0 .net *"_ivl_1", 0 0, L_0x13f586b30;  1 drivers
v0x13f224c20_0 .net *"_ivl_11", 62 0, L_0x13f5c9fa0;  1 drivers
v0x13f2244e0_0 .net *"_ivl_3", 51 0, L_0x13f5c4e30;  1 drivers
v0x13f224570_0 .net *"_ivl_7", 0 0, L_0x13f5c9d00;  1 drivers
v0x13f221770_0 .net *"_ivl_8", 0 0, L_0x13f5c5f00;  1 drivers
v0x13f221800_0 .var "branch_taken", 0 0;
v0x13f2210c0_0 .var "branch_target", 63 0;
v0x13f221150_0 .net "extended_L", 63 0, L_0x13f5c4ed0;  1 drivers
v0x13f347290_0 .net "fpu_add_result", 63 0, v0x13f3d1fd0_0;  1 drivers
v0x13f347320_0 .net "fpu_div_result", 63 0, v0x13f3a56e0_0;  1 drivers
v0x13f3b32e0_0 .net "fpu_mul_result", 63 0, v0x13f3efcf0_0;  1 drivers
v0x13f3b3370_0 .net "fpu_sub_result", 63 0, v0x13f254d70_0;  1 drivers
v0x13f3d0540_0 .net "negated", 63 0, L_0x13f5ca040;  1 drivers
o0x13000b2b0 .functor BUFZ 5, c4<zzzzz>; HiZ drive
v0x13f3d05d0_0 .net "opcode", 4 0, o0x13000b2b0;  0 drivers
o0x13000b2e0 .functor BUFZ 64, c4<zzzzzzzzzzzzzzzzzzzzzzzzzzzzzzzzzzzzzzzzzzzzzzzzzzzzzzzzzzzzzzzz>; HiZ drive
v0x13f3cfe90_0 .net "r31_data", 63 0, o0x13000b2e0;  0 drivers
o0x13000b310 .functor BUFZ 64, c4<zzzzzzzzzzzzzzzzzzzzzzzzzzzzzzzzzzzzzzzzzzzzzzzzzzzzzzzzzzzzzzzz>; HiZ drive
v0x13f3cd120_0 .net "rd_data", 63 0, o0x13000b310;  0 drivers
v0x13f3cd1b0_0 .var "result", 63 0;
o0x1300081c0 .functor BUFZ 64, c4<zzzzzzzzzzzzzzzzzzzzzzzzzzzzzzzzzzzzzzzzzzzzzzzzzzzzzzzzzzzzzzzz>; HiZ drive
v0x13f3cca70_0 .net "rs_data", 63 0, o0x1300081c0;  0 drivers
o0x1300085e0 .functor BUFZ 64, c4<zzzzzzzzzzzzzzzzzzzzzzzzzzzzzzzzzzzzzzzzzzzzzzzzzzzzzzzzzzzzzzzz>; HiZ drive
v0x13f3e4c70_0 .net "rt_data", 63 0, o0x1300085e0;  0 drivers
v0x13f3e4d00_0 .var "writeback", 0 0;
E_0x13f118250/0 .event anyedge, v0x13f247080_0, v0x13f3d05d0_0, v0x13f21ff20_0, v0x13f238350_0;
E_0x13f118250/1 .event anyedge, v0x13f3cd120_0, v0x13f221150_0, v0x13f3cfe90_0, v0x13f3d1fd0_0;
E_0x13f118250/2 .event anyedge, v0x13f254d70_0, v0x13f3efcf0_0, v0x13f3a56e0_0;
E_0x13f118250 .event/or E_0x13f118250/0, E_0x13f118250/1, E_0x13f118250/2;
L_0x13f586b30 .part o0x13000b0d0, 11, 1;
L_0x13f5c4e30 .repeat 52, 52, L_0x13f586b30;
L_0x13f5c4ed0 .concat [ 12 52 0 0], o0x13000b0d0, L_0x13f5c4e30;
L_0x13f5c9d00 .part o0x1300085e0, 63, 1;
L_0x13f5c9fa0 .part o0x1300085e0, 0, 63;
L_0x13f5ca040 .concat [ 63 1 0 0], L_0x13f5c9fa0, L_0x13f5c5f00;
S_0x13f2db0e0 .scope module, "fpu_add_unit" "fpu_add" 3 29, 4 124 0, S_0x13f2e2cc0;
 .timescale 0 0;
    .port_info 0 /INPUT 64 "a";
    .port_info 1 /INPUT 64 "b";
    .port_info 2 /OUTPUT 64 "result";
v0x13f245d10_0 .net "a", 63 0, o0x1300081c0;  alias, 0 drivers
v0x13f245da0_0 .net "aInf", 0 0, L_0x13f5c56c0;  1 drivers
v0x13f244ec0_0 .net "aNan", 0 0, L_0x13f5c5590;  1 drivers
v0x13f244f50_0 .net "aNormal", 0 0, L_0x13f5c5be0;  1 drivers
v0x13f227000_0 .net "aSubnormal", 0 0, L_0x13f5c5950;  1 drivers
v0x13f227090_0 .net "aZero", 0 0, L_0x13f5c5770;  1 drivers
v0x13f226620_0 .var "addendSig", 52 0;
v0x13f2266b0_0 .var "augendSig", 52 0;
v0x13f2257d0_0 .net "b", 63 0, o0x1300085e0;  alias, 0 drivers
v0x13f223be0_0 .net "bInf", 0 0, L_0x13f5c6400;  1 drivers
v0x13f223c70_0 .net "bNan", 0 0, L_0x13f5c62d0;  1 drivers
v0x13f223200_0 .net "bNormal", 0 0, L_0x13f5c6920;  1 drivers
v0x13f223290_0 .net "bSubnormal", 0 0, L_0x13f5c6690;  1 drivers
v0x13f2223b0_0 .net "bZero", 0 0, L_0x13f5c64b0;  1 drivers
v0x13f222440_0 .var "diffSig", 56 0;
v0x13f30ab90_0 .var/s "expA", 12 0;
v0x13f30ac20_0 .var/s "expB", 12 0;
v0x13f3089f0_0 .var/s "expResult", 12 0;
v0x13f308a80_0 .var "extAddend", 55 0;
v0x13f3d29b0_0 .var "extAugend", 55 0;
v0x13f3d2a40_0 .var "guard", 0 0;
v0x13f3d1fd0_0 .var "result", 63 0;
v0x13f3d2060_0 .var "round_bit", 0 0;
v0x13f3d1180_0 .var/s "shift", 12 0;
v0x13f3d1210_0 .var "shiftAmount", 12 0;
v0x13f3cf590_0 .var "sigFinal", 52 0;
v0x13f3cf620_0 .var "sign", 0 0;
v0x13f3cebb0_0 .var "sticky", 0 0;
v0x13f3cec40_0 .var "sumSig", 56 0;
E_0x13f118150/0 .event anyedge, v0x13f25ad40_0, v0x13f237a00_0, v0x13f25acb0_0, v0x13f237970_0;
E_0x13f118150/1 .event anyedge, v0x13f21ff20_0, v0x13f238350_0, v0x13f259480_0, v0x13f249b10_0;
E_0x13f118150/2 .event anyedge, v0x13f25a2d0_0, v0x13f236b20_0, v0x13f30ab90_0, v0x13f30ac20_0;
E_0x13f118150/3 .event anyedge, v0x13f2266b0_0, v0x13f226620_0, v0x13f3d1180_0, v0x13f308a80_0;
E_0x13f118150/4 .event anyedge, v0x13f3d29b0_0, v0x13f3cec40_0, v0x13f3089f0_0, v0x13f3cebb0_0;
E_0x13f118150/5 .event anyedge, v0x13f3d2a40_0, v0x13f3d2060_0, v0x13f3cf590_0, v0x13f3cf620_0;
E_0x13f118150/6 .event anyedge, v0x13f3d1210_0, v0x13f222440_0;
E_0x13f118150 .event/or E_0x13f118150/0, E_0x13f118150/1, E_0x13f118150/2, E_0x13f118150/3, E_0x13f118150/4, E_0x13f118150/5, E_0x13f118150/6;
S_0x13f2d5340 .scope module, "classA" "fpu_class" 4 129, 4 4 0, S_0x13f2db0e0;
 .timescale 0 0;
    .port_info 0 /INPUT 64 "f";
    .port_info 1 /OUTPUT 1 "nan";
    .port_info 2 /OUTPUT 1 "infinity";
    .port_info 3 /OUTPUT 1 "zero";
    .port_info 4 /OUTPUT 1 "subnormal";
    .port_info 5 /OUTPUT 1 "normal";
L_0x13f5c54e0 .functor NOT 1, L_0x13f5c5400, C4<0>, C4<0>, C4<0>;
L_0x13f5c5590 .functor AND 1, L_0x13f5c5090, L_0x13f5c54e0, C4<1>, C4<1>;
L_0x13f5c56c0 .functor AND 1, L_0x13f5c5090, L_0x13f5c5400, C4<1>, C4<1>;
L_0x13f5c5770 .functor AND 1, L_0x13f5c5230, L_0x13f5c5400, C4<1>, C4<1>;
L_0x13f5c58e0 .functor NOT 1, L_0x13f5c5400, C4<0>, C4<0>, C4<0>;
L_0x13f5c5950 .functor AND 1, L_0x13f5c5230, L_0x13f5c58e0, C4<1>, C4<1>;
L_0x13f5c5a00 .functor NOT 1, L_0x13f5c5090, C4<0>, C4<0>, C4<0>;
L_0x13f5c5af0 .functor NOT 1, L_0x13f5c5230, C4<0>, C4<0>, C4<0>;
L_0x13f5c5be0 .functor AND 1, L_0x13f5c5a00, L_0x13f5c5af0, C4<1>, C4<1>;
v0x13f26fec0_0 .net *"_ivl_1", 10 0, L_0x13f5c4ff0;  1 drivers
v0x13f307ff0_0 .net *"_ivl_12", 0 0, L_0x13f5c54e0;  1 drivers
v0x13f308080_0 .net *"_ivl_20", 0 0, L_0x13f5c58e0;  1 drivers
v0x13f307180_0 .net *"_ivl_24", 0 0, L_0x13f5c5a00;  1 drivers
v0x13f307220_0 .net *"_ivl_26", 0 0, L_0x13f5c5af0;  1 drivers
v0x13f32b410_0 .net *"_ivl_5", 10 0, L_0x13f5c5170;  1 drivers
v0x13f32aca0_0 .net *"_ivl_9", 51 0, L_0x13f5c5330;  1 drivers
v0x13f32ad30_0 .net "expOnes", 0 0, L_0x13f5c5090;  1 drivers
v0x13f5200b0_0 .net "expZero", 0 0, L_0x13f5c5230;  1 drivers
v0x13f21ff20_0 .net "f", 63 0, o0x1300081c0;  alias, 0 drivers
v0x13f21ffb0_0 .net "fracZero", 0 0, L_0x13f5c5400;  1 drivers
v0x13f25acb0_0 .net "infinity", 0 0, L_0x13f5c56c0;  alias, 1 drivers
v0x13f25ad40_0 .net "nan", 0 0, L_0x13f5c5590;  alias, 1 drivers
v0x13f25a2d0_0 .net "normal", 0 0, L_0x13f5c5be0;  alias, 1 drivers
v0x13f25a360_0 .net "subnormal", 0 0, L_0x13f5c5950;  alias, 1 drivers
v0x13f259480_0 .net "zero", 0 0, L_0x13f5c5770;  alias, 1 drivers
L_0x13f5c4ff0 .part o0x1300081c0, 52, 11;
L_0x13f5c5090 .reduce/and L_0x13f5c4ff0;
L_0x13f5c5170 .part o0x1300081c0, 52, 11;
L_0x13f5c5230 .reduce/nor L_0x13f5c5170;
L_0x13f5c5330 .part o0x1300081c0, 0, 52;
L_0x13f5c5400 .reduce/nor L_0x13f5c5330;
S_0x13f257890 .scope module, "classB" "fpu_class" 4 130, 4 4 0, S_0x13f2db0e0;
 .timescale 0 0;
    .port_info 0 /INPUT 64 "f";
    .port_info 1 /OUTPUT 1 "nan";
    .port_info 2 /OUTPUT 1 "infinity";
    .port_info 3 /OUTPUT 1 "zero";
    .port_info 4 /OUTPUT 1 "subnormal";
    .port_info 5 /OUTPUT 1 "normal";
L_0x13f5c6220 .functor NOT 1, L_0x13f5c6140, C4<0>, C4<0>, C4<0>;
L_0x13f5c62d0 .functor AND 1, L_0x13f5c5dc0, L_0x13f5c6220, C4<1>, C4<1>;
L_0x13f5c6400 .functor AND 1, L_0x13f5c5dc0, L_0x13f5c6140, C4<1>, C4<1>;
L_0x13f5c64b0 .functor AND 1, L_0x13f5c6000, L_0x13f5c6140, C4<1>, C4<1>;
L_0x13f5c6620 .functor NOT 1, L_0x13f5c6140, C4<0>, C4<0>, C4<0>;
L_0x13f5c6690 .functor AND 1, L_0x13f5c6000, L_0x13f5c6620, C4<1>, C4<1>;
L_0x13f5c6740 .functor NOT 1, L_0x13f5c5dc0, C4<0>, C4<0>, C4<0>;
L_0x13f5c6830 .functor NOT 1, L_0x13f5c6000, C4<0>, C4<0>, C4<0>;
L_0x13f5c6920 .functor AND 1, L_0x13f5c6740, L_0x13f5c6830, C4<1>, C4<1>;
v0x13f256eb0_0 .net *"_ivl_1", 10 0, L_0x13f5c5d20;  1 drivers
v0x13f256f40_0 .net *"_ivl_12", 0 0, L_0x13f5c6220;  1 drivers
v0x13f256060_0 .net *"_ivl_20", 0 0, L_0x13f5c6620;  1 drivers
v0x13f2560f0_0 .net *"_ivl_24", 0 0, L_0x13f5c6740;  1 drivers
v0x13f23b770_0 .net *"_ivl_26", 0 0, L_0x13f5c6830;  1 drivers
v0x13f23b800_0 .net *"_ivl_5", 10 0, L_0x13f5c5e60;  1 drivers
v0x13f23ad90_0 .net *"_ivl_9", 51 0, L_0x13f5c60a0;  1 drivers
v0x13f23ae20_0 .net "expOnes", 0 0, L_0x13f5c5dc0;  1 drivers
v0x13f239f40_0 .net "expZero", 0 0, L_0x13f5c6000;  1 drivers
v0x13f238350_0 .net "f", 63 0, o0x1300085e0;  alias, 0 drivers
v0x13f2383e0_0 .net "fracZero", 0 0, L_0x13f5c6140;  1 drivers
v0x13f237970_0 .net "infinity", 0 0, L_0x13f5c6400;  alias, 1 drivers
v0x13f237a00_0 .net "nan", 0 0, L_0x13f5c62d0;  alias, 1 drivers
v0x13f236b20_0 .net "normal", 0 0, L_0x13f5c6920;  alias, 1 drivers
v0x13f236bb0_0 .net "subnormal", 0 0, L_0x13f5c6690;  alias, 1 drivers
v0x13f249b10_0 .net "zero", 0 0, L_0x13f5c64b0;  alias, 1 drivers
L_0x13f5c5d20 .part o0x1300085e0, 52, 11;
L_0x13f5c5dc0 .reduce/and L_0x13f5c5d20;
L_0x13f5c5e60 .part o0x1300085e0, 52, 11;
L_0x13f5c6000 .reduce/nor L_0x13f5c5e60;
L_0x13f5c60a0 .part o0x1300085e0, 0, 52;
L_0x13f5c6140 .reduce/nor L_0x13f5c60a0;
S_0x13f249130 .scope function.vec4.s6, "count_leading_zeros" "count_leading_zeros" 4 132, 4 132 0, S_0x13f2db0e0;
 .timescale 0 0;
; Variable count_leading_zeros is vec4 return value of scope S_0x13f249130
v0x13f2466f0_0 .var/i "i", 31 0;
v0x13f246780_0 .var "sig", 55 0;
TD_ALU.fpu_add_unit.count_leading_zeros ;
    %fork t_1, S_0x13f2482e0;
    %jmp t_0;
    .scope S_0x13f2482e0;
t_1 ;
    %pushi/vec4 0, 0, 6;
    %ret/vec4 0, 0, 6;  Assign to count_leading_zeros (store_vec4_to_lval)
    %pushi/vec4 55, 0, 32;
    %store/vec4 v0x13f2466f0_0, 0, 32;
T_0.0 ; Top of for-loop
    %load/vec4 v0x13f2466f0_0;
    %cmpi/s 0, 0, 32;
    %flag_inv 5; GE is !LT
	  %jmp/0xz T_0.1, 5;
    %load/vec4 v0x13f246780_0;
    %load/vec4 v0x13f2466f0_0;
    %part/s 1;
    %flag_set/vec4 8;
    %jmp/0xz  T_0.3, 8;
    %disable S_0x13f2482e0;
    %jmp T_0.4;
T_0.3 ;
    %retload/vec4 0; Load count_leading_zeros (draw_signal_vec4)
    %addi 1, 0, 6;
    %ret/vec4 0, 0, 6;  Assign to count_leading_zeros (store_vec4_to_lval)
T_0.4 ;
T_0.2 ; for-loop step statement
    %load/vec4 v0x13f2466f0_0;
    %subi 1, 0, 32;
    %store/vec4 v0x13f2466f0_0, 0, 32;
    %jmp T_0.0;
T_0.1 ; for-loop exit label
    %end;
    .scope S_0x13f249130;
t_0 %join;
    %end;
S_0x13f2482e0 .scope begin, "clz_loop" "clz_loop" 4 134, 4 134 0, S_0x13f249130;
 .timescale 0 0;
S_0x13f3cdd60 .scope module, "fpu_div_unit" "fpu_div" 3 41, 4 306 0, S_0x13f2e2cc0;
 .timescale 0 0;
    .port_info 0 /INPUT 64 "a";
    .port_info 1 /INPUT 64 "b";
    .port_info 2 /OUTPUT 64 "result";
v0x13f382c80_0 .net "a", 63 0, o0x1300081c0;  alias, 0 drivers
v0x13f382210_0 .net "aInf", 0 0, L_0x13f5c8a50;  1 drivers
v0x13f3822a0_0 .net "aNan", 0 0, L_0x13f5c8920;  1 drivers
v0x13f3813c0_0 .net "aNormal", 0 0, L_0x13f5c8f70;  1 drivers
v0x13f381450_0 .net "aSubnormal", 0 0, L_0x13f5c8ce0;  1 drivers
v0x13f39a760_0 .net "aZero", 0 0, L_0x13f5c8b00;  1 drivers
v0x13f39a7f0_0 .net "b", 63 0, o0x1300085e0;  alias, 0 drivers
v0x13f399d80_0 .net "bInf", 0 0, L_0x13f5c96a0;  1 drivers
v0x13f399e10_0 .net "bNan", 0 0, L_0x13f5c9570;  1 drivers
v0x13f398fb0_0 .net "bNormal", 0 0, L_0x13f5c9bc0;  1 drivers
v0x13f397340_0 .net "bSubnormal", 0 0, L_0x13f5c9930;  1 drivers
v0x13f3973d0_0 .net "bZero", 0 0, L_0x13f5c9750;  1 drivers
v0x13f396960_0 .var "divisor", 52 0;
v0x13f3969f0_0 .var/s "expA", 12 0;
v0x13f395b10_0 .var/s "expB", 12 0;
v0x13f395ba0_0 .var/s "expResult", 12 0;
v0x13f3a8b00_0 .var "guard", 0 0;
v0x13f3a8b90_0 .var/i "i", 31 0;
v0x13f3a72d0_0 .var "q", 56 0;
v0x13f3a7360_0 .var "r", 109 0;
v0x13f3a56e0_0 .var "result", 63 0;
v0x13f3a5770_0 .var "round_bit", 0 0;
v0x13f3a4d00_0 .var "shift", 5 0;
v0x13f3a4d90_0 .var/s "shiftAmount", 12 0;
v0x13f3a3eb0_0 .var "sigA", 52 0;
v0x13f3a3f40_0 .var "sigB", 52 0;
v0x13f370960_0 .var "sigFinal", 52 0;
v0x13f3709f0_0 .var "sign", 0 0;
v0x13f36ff80_0 .var "sticky", 0 0;
E_0x13f3d12b0/0 .event anyedge, v0x13f21ff20_0, v0x13f238350_0, v0x13f3f3c50_0, v0x13f32a3c0_0;
E_0x13f3d12b0/1 .event anyedge, v0x13f3f4b30_0, v0x13f3b8780_0, v0x13f3709f0_0, v0x13f328ee0_0;
E_0x13f3d12b0/2 .event anyedge, v0x13f3f20f0_0, v0x13f3f3ce0_0, v0x13f32a450_0, v0x13f3a3eb0_0;
E_0x13f3d12b0/3 .event anyedge, v0x13f3a4d00_0, v0x13f3a3f40_0, v0x13f3969f0_0, v0x13f395b10_0;
E_0x13f3d12b0/4 .event anyedge, v0x13f3a7360_0, v0x13f396960_0, v0x13f3a72d0_0, v0x13f395ba0_0;
E_0x13f3d12b0/5 .event anyedge, v0x13f36ff80_0, v0x13f3a8b00_0, v0x13f3a5770_0, v0x13f370960_0;
E_0x13f3d12b0/6 .event anyedge, v0x13f3a4d90_0;
E_0x13f3d12b0 .event/or E_0x13f3d12b0/0, E_0x13f3d12b0/1, E_0x13f3d12b0/2, E_0x13f3d12b0/3, E_0x13f3d12b0/4, E_0x13f3d12b0/5, E_0x13f3d12b0/6;
S_0x13f3e70e0 .scope module, "classA" "fpu_class" 4 310, 4 4 0, S_0x13f3cdd60;
 .timescale 0 0;
    .port_info 0 /INPUT 64 "f";
    .port_info 1 /OUTPUT 1 "nan";
    .port_info 2 /OUTPUT 1 "infinity";
    .port_info 3 /OUTPUT 1 "zero";
    .port_info 4 /OUTPUT 1 "subnormal";
    .port_info 5 /OUTPUT 1 "normal";
L_0x13f5c8870 .functor NOT 1, L_0x13f5c8790, C4<0>, C4<0>, C4<0>;
L_0x13f5c8920 .functor AND 1, L_0x13f5c8380, L_0x13f5c8870, C4<1>, C4<1>;
L_0x13f5c8a50 .functor AND 1, L_0x13f5c8380, L_0x13f5c8790, C4<1>, C4<1>;
L_0x13f5c8b00 .functor AND 1, L_0x13f3ccb00, L_0x13f5c8790, C4<1>, C4<1>;
L_0x13f5c8c70 .functor NOT 1, L_0x13f5c8790, C4<0>, C4<0>, C4<0>;
L_0x13f5c8ce0 .functor AND 1, L_0x13f3ccb00, L_0x13f5c8c70, C4<1>, C4<1>;
L_0x13f5c8d90 .functor NOT 1, L_0x13f5c8380, C4<0>, C4<0>, C4<0>;
L_0x13f5c8e80 .functor NOT 1, L_0x13f3ccb00, C4<0>, C4<0>, C4<0>;
L_0x13f5c8f70 .functor AND 1, L_0x13f5c8d90, L_0x13f5c8e80, C4<1>, C4<1>;
v0x13f3e67c0_0 .net *"_ivl_1", 10 0, L_0x13f5c82e0;  1 drivers
v0x13f3e58b0_0 .net *"_ivl_12", 0 0, L_0x13f5c8870;  1 drivers
v0x13f3e5940_0 .net *"_ivl_20", 0 0, L_0x13f5c8c70;  1 drivers
v0x13f3e3cc0_0 .net *"_ivl_24", 0 0, L_0x13f5c8d90;  1 drivers
v0x13f3e3d50_0 .net *"_ivl_26", 0 0, L_0x13f5c8e80;  1 drivers
v0x13f3e32e0_0 .net *"_ivl_5", 10 0, L_0x13f5c8420;  1 drivers
v0x13f3e3370_0 .net *"_ivl_9", 51 0, L_0x13f5c86c0;  1 drivers
v0x13f3e2490_0 .net "expOnes", 0 0, L_0x13f5c8380;  1 drivers
v0x13f3e2520_0 .net "expZero", 0 0, L_0x13f3ccb00;  1 drivers
v0x13f3f5500_0 .net "f", 63 0, o0x1300081c0;  alias, 0 drivers
v0x13f3f4aa0_0 .net "fracZero", 0 0, L_0x13f5c8790;  1 drivers
v0x13f3f4b30_0 .net "infinity", 0 0, L_0x13f5c8a50;  alias, 1 drivers
v0x13f3f3c50_0 .net "nan", 0 0, L_0x13f5c8920;  alias, 1 drivers
v0x13f3f3ce0_0 .net "normal", 0 0, L_0x13f5c8f70;  alias, 1 drivers
v0x13f3f2060_0 .net "subnormal", 0 0, L_0x13f5c8ce0;  alias, 1 drivers
v0x13f3f20f0_0 .net "zero", 0 0, L_0x13f5c8b00;  alias, 1 drivers
L_0x13f5c82e0 .part o0x1300081c0, 52, 11;
L_0x13f5c8380 .reduce/and L_0x13f5c82e0;
L_0x13f5c8420 .part o0x1300081c0, 52, 11;
L_0x13f3ccb00 .reduce/nor L_0x13f5c8420;
L_0x13f5c86c0 .part o0x1300081c0, 0, 52;
L_0x13f5c8790 .reduce/nor L_0x13f5c86c0;
S_0x13f3f1680 .scope module, "classB" "fpu_class" 4 311, 4 4 0, S_0x13f3cdd60;
 .timescale 0 0;
    .port_info 0 /INPUT 64 "f";
    .port_info 1 /OUTPUT 1 "nan";
    .port_info 2 /OUTPUT 1 "infinity";
    .port_info 3 /OUTPUT 1 "zero";
    .port_info 4 /OUTPUT 1 "subnormal";
    .port_info 5 /OUTPUT 1 "normal";
L_0x13f5c94c0 .functor NOT 1, L_0x13f5c93e0, C4<0>, C4<0>, C4<0>;
L_0x13f5c9570 .functor AND 1, L_0x13f5c90d0, L_0x13f5c94c0, C4<1>, C4<1>;
L_0x13f5c96a0 .functor AND 1, L_0x13f5c90d0, L_0x13f5c93e0, C4<1>, C4<1>;
L_0x13f5c9750 .functor AND 1, L_0x13f5c9210, L_0x13f5c93e0, C4<1>, C4<1>;
L_0x13f5c98c0 .functor NOT 1, L_0x13f5c93e0, C4<0>, C4<0>, C4<0>;
L_0x13f5c9930 .functor AND 1, L_0x13f5c9210, L_0x13f5c98c0, C4<1>, C4<1>;
L_0x13f5c99e0 .functor NOT 1, L_0x13f5c90d0, C4<0>, C4<0>, C4<0>;
L_0x13f5c9ad0 .functor NOT 1, L_0x13f5c9210, C4<0>, C4<0>, C4<0>;
L_0x13f5c9bc0 .functor AND 1, L_0x13f5c99e0, L_0x13f5c9ad0, C4<1>, C4<1>;
v0x13f3f08f0_0 .net *"_ivl_1", 10 0, L_0x13f5c9030;  1 drivers
v0x13f3bd340_0 .net *"_ivl_12", 0 0, L_0x13f5c94c0;  1 drivers
v0x13f3bd3d0_0 .net *"_ivl_20", 0 0, L_0x13f5c98c0;  1 drivers
v0x13f3bc960_0 .net *"_ivl_24", 0 0, L_0x13f5c99e0;  1 drivers
v0x13f3bc9f0_0 .net *"_ivl_26", 0 0, L_0x13f5c9ad0;  1 drivers
v0x13f3bbb10_0 .net *"_ivl_5", 10 0, L_0x13f5c9170;  1 drivers
v0x13f3bbba0_0 .net *"_ivl_9", 51 0, L_0x13f5c9310;  1 drivers
v0x13f3b9f20_0 .net "expOnes", 0 0, L_0x13f5c90d0;  1 drivers
v0x13f3b9fb0_0 .net "expZero", 0 0, L_0x13f5c9210;  1 drivers
v0x13f3b95c0_0 .net "f", 63 0, o0x1300085e0;  alias, 0 drivers
v0x13f3b86f0_0 .net "fracZero", 0 0, L_0x13f5c93e0;  1 drivers
v0x13f3b8780_0 .net "infinity", 0 0, L_0x13f5c96a0;  alias, 1 drivers
v0x13f32a3c0_0 .net "nan", 0 0, L_0x13f5c9570;  alias, 1 drivers
v0x13f32a450_0 .net "normal", 0 0, L_0x13f5c9bc0;  alias, 1 drivers
v0x13f328e50_0 .net "subnormal", 0 0, L_0x13f5c9930;  alias, 1 drivers
v0x13f328ee0_0 .net "zero", 0 0, L_0x13f5c9750;  alias, 1 drivers
L_0x13f5c9030 .part o0x1300085e0, 52, 11;
L_0x13f5c90d0 .reduce/and L_0x13f5c9030;
L_0x13f5c9170 .part o0x1300085e0, 52, 11;
L_0x13f5c9210 .reduce/nor L_0x13f5c9170;
L_0x13f5c9310 .part o0x1300085e0, 0, 52;
L_0x13f5c93e0 .reduce/nor L_0x13f5c9310;
S_0x13f386010 .scope function.vec4.s6, "count_leading_zeros" "count_leading_zeros" 4 313, 4 313 0, S_0x13f3cdd60;
 .timescale 0 0;
; Variable count_leading_zeros is vec4 return value of scope S_0x13f386010
v0x13f384870_0 .var/i "i", 31 0;
v0x13f382bf0_0 .var "sig", 52 0;
TD_ALU.fpu_div_unit.count_leading_zeros ;
    %fork t_3, S_0x13f385630;
    %jmp t_2;
    .scope S_0x13f385630;
t_3 ;
    %pushi/vec4 0, 0, 6;
    %ret/vec4 0, 0, 6;  Assign to count_leading_zeros (store_vec4_to_lval)
    %pushi/vec4 52, 0, 32;
    %store/vec4 v0x13f384870_0, 0, 32;
T_1.5 ; Top of for-loop
    %load/vec4 v0x13f384870_0;
    %cmpi/s 0, 0, 32;
    %flag_inv 5; GE is !LT
	  %jmp/0xz T_1.6, 5;
    %load/vec4 v0x13f382bf0_0;
    %load/vec4 v0x13f384870_0;
    %part/s 1;
    %flag_set/vec4 8;
    %jmp/0xz  T_1.8, 8;
    %disable S_0x13f385630;
    %jmp T_1.9;
T_1.8 ;
    %retload/vec4 0; Load count_leading_zeros (draw_signal_vec4)
    %addi 1, 0, 6;
    %ret/vec4 0, 0, 6;  Assign to count_leading_zeros (store_vec4_to_lval)
T_1.9 ;
T_1.7 ; for-loop step statement
    %load/vec4 v0x13f384870_0;
    %subi 1, 0, 32;
    %store/vec4 v0x13f384870_0, 0, 32;
    %jmp T_1.5;
T_1.6 ; for-loop exit label
    %end;
    .scope S_0x13f386010;
t_2 %join;
    %end;
S_0x13f385630 .scope begin, "clz_loop" "clz_loop" 4 315, 4 315 0, S_0x13f386010;
 .timescale 0 0;
S_0x13f520590 .scope module, "fpu_mul_unit" "fpu_mul" 3 35, 4 16 0, S_0x13f2e2cc0;
 .timescale 0 0;
    .port_info 0 /INPUT 64 "a";
    .port_info 1 /INPUT 64 "b";
    .port_info 2 /OUTPUT 64 "result";
v0x13f3492a0_0 .net "a", 63 0, o0x1300081c0;  alias, 0 drivers
v0x13f349330_0 .net "aInf", 0 0, L_0x13f5c7080;  1 drivers
v0x13f308450_0 .net "aNan", 0 0, L_0x13f5c6f50;  1 drivers
v0x13f3084e0_0 .net "aNormal", 0 0, L_0x13f5c75a0;  1 drivers
v0x13f3ffc60_0 .net "aSubnormal", 0 0, L_0x13f5c7310;  1 drivers
v0x13f3ffcf0_0 .net "aZero", 0 0, L_0x13f5c7130;  1 drivers
v0x13f3d0bd0_0 .net "b", 63 0, o0x1300085e0;  alias, 0 drivers
v0x13f3d0c60_0 .net "bInf", 0 0, L_0x13f5c7cc0;  1 drivers
v0x13f3cd7b0_0 .net "bNan", 0 0, L_0x13f5c7b90;  1 drivers
v0x13f3e5300_0 .net "bNormal", 0 0, L_0x13f5c81a0;  1 drivers
v0x13f3e5390_0 .net "bSubnormal", 0 0, L_0x13f5c7f50;  1 drivers
v0x13f3e1ee0_0 .net "bZero", 0 0, L_0x13f5c7d70;  1 drivers
v0x13f3e1f70_0 .var/s "expA", 12 0;
v0x13f3f36a0_0 .var/s "expB", 12 0;
v0x13f3f3730_0 .var/s "expResult", 12 0;
v0x13f3efc60_0 .var "guard", 0 0;
v0x13f3efcf0_0 .var "result", 63 0;
v0x13f3bb560_0 .var "round_bit", 0 0;
v0x13f3bb5f0_0 .var "shift", 5 0;
v0x13f3b8140_0 .var/s "shiftAmount", 12 0;
v0x13f3b81d0_0 .var "sigA", 52 0;
v0x13f329ec0_0 .var "sigB", 52 0;
v0x13f329f50_0 .var "sigFinal", 52 0;
v0x13f3295f0_0 .var "sigResult", 105 0;
v0x13f329680_0 .var "sign", 0 0;
v0x13f328950_0 .var "sticky", 0 0;
E_0x13f396a80/0 .event anyedge, v0x13f255ab0_0, v0x13f36c2c0_0, v0x13f258f60_0, v0x13f3467c0_0;
E_0x13f396a80/1 .event anyedge, v0x13f36c230_0, v0x13f239a20_0, v0x13f21ff20_0, v0x13f238350_0;
E_0x13f396a80/2 .event anyedge, v0x13f255b40_0, v0x13f36ad80_0, v0x13f3b81d0_0, v0x13f3bb5f0_0;
E_0x13f396a80/3 .event anyedge, v0x13f329ec0_0, v0x13f3e1f70_0, v0x13f3f36a0_0, v0x13f3295f0_0;
E_0x13f396a80/4 .event anyedge, v0x13f3f3730_0, v0x13f3efc60_0, v0x13f3bb560_0, v0x13f329f50_0;
E_0x13f396a80/5 .event anyedge, v0x13f328950_0, v0x13f329680_0, v0x13f3b8140_0;
E_0x13f396a80 .event/or E_0x13f396a80/0, E_0x13f396a80/1, E_0x13f396a80/2, E_0x13f396a80/3, E_0x13f396a80/4, E_0x13f396a80/5;
S_0x13f543900 .scope module, "classA" "fpu_class" 4 20, 4 4 0, S_0x13f520590;
 .timescale 0 0;
    .port_info 0 /INPUT 64 "f";
    .port_info 1 /OUTPUT 1 "nan";
    .port_info 2 /OUTPUT 1 "infinity";
    .port_info 3 /OUTPUT 1 "zero";
    .port_info 4 /OUTPUT 1 "subnormal";
    .port_info 5 /OUTPUT 1 "normal";
L_0x13f5c6ea0 .functor NOT 1, L_0x13f5c6dc0, C4<0>, C4<0>, C4<0>;
L_0x13f5c6f50 .functor AND 1, L_0x13f5c6b00, L_0x13f5c6ea0, C4<1>, C4<1>;
L_0x13f5c7080 .functor AND 1, L_0x13f5c6b00, L_0x13f5c6dc0, C4<1>, C4<1>;
L_0x13f5c7130 .functor AND 1, L_0x13f5c6c40, L_0x13f5c6dc0, C4<1>, C4<1>;
L_0x13f5c72a0 .functor NOT 1, L_0x13f5c6dc0, C4<0>, C4<0>, C4<0>;
L_0x13f5c7310 .functor AND 1, L_0x13f5c6c40, L_0x13f5c72a0, C4<1>, C4<1>;
L_0x13f5c73c0 .functor NOT 1, L_0x13f5c6b00, C4<0>, C4<0>, C4<0>;
L_0x13f5c74b0 .functor NOT 1, L_0x13f5c6c40, C4<0>, C4<0>, C4<0>;
L_0x13f5c75a0 .functor AND 1, L_0x13f5c73c0, L_0x13f5c74b0, C4<1>, C4<1>;
v0x13f542040_0 .net *"_ivl_1", 10 0, L_0x13f5c6a60;  1 drivers
v0x13f540600_0 .net *"_ivl_12", 0 0, L_0x13f5c6ea0;  1 drivers
v0x13f540690_0 .net *"_ivl_20", 0 0, L_0x13f5c72a0;  1 drivers
v0x13f5238c0_0 .net *"_ivl_24", 0 0, L_0x13f5c73c0;  1 drivers
v0x13f523950_0 .net *"_ivl_26", 0 0, L_0x13f5c74b0;  1 drivers
v0x13f508180_0 .net *"_ivl_5", 10 0, L_0x13f5c6ba0;  1 drivers
v0x13f508210_0 .net *"_ivl_9", 51 0, L_0x13f5c6d20;  1 drivers
v0x13f509f90_0 .net "expOnes", 0 0, L_0x13f5c6b00;  1 drivers
v0x13f50a020_0 .net "expZero", 0 0, L_0x13f5c6c40;  1 drivers
v0x13f2e0f30_0 .net "f", 63 0, o0x1300081c0;  alias, 0 drivers
v0x13f258ed0_0 .net "fracZero", 0 0, L_0x13f5c6dc0;  1 drivers
v0x13f258f60_0 .net "infinity", 0 0, L_0x13f5c7080;  alias, 1 drivers
v0x13f255ab0_0 .net "nan", 0 0, L_0x13f5c6f50;  alias, 1 drivers
v0x13f255b40_0 .net "normal", 0 0, L_0x13f5c75a0;  alias, 1 drivers
v0x13f239990_0 .net "subnormal", 0 0, L_0x13f5c7310;  alias, 1 drivers
v0x13f239a20_0 .net "zero", 0 0, L_0x13f5c7130;  alias, 1 drivers
L_0x13f5c6a60 .part o0x1300081c0, 52, 11;
L_0x13f5c6b00 .reduce/and L_0x13f5c6a60;
L_0x13f5c6ba0 .part o0x1300081c0, 52, 11;
L_0x13f5c6c40 .reduce/nor L_0x13f5c6ba0;
L_0x13f5c6d20 .part o0x1300081c0, 0, 52;
L_0x13f5c6dc0 .reduce/nor L_0x13f5c6d20;
S_0x13f236590 .scope module, "classB" "fpu_class" 4 21, 4 4 0, S_0x13f520590;
 .timescale 0 0;
    .port_info 0 /INPUT 64 "f";
    .port_info 1 /OUTPUT 1 "nan";
    .port_info 2 /OUTPUT 1 "infinity";
    .port_info 3 /OUTPUT 1 "zero";
    .port_info 4 /OUTPUT 1 "subnormal";
    .port_info 5 /OUTPUT 1 "normal";
L_0x13f5c7ae0 .functor NOT 1, L_0x13f5c7a00, C4<0>, C4<0>, C4<0>;
L_0x13f5c7b90 .functor AND 1, L_0x13f5c7740, L_0x13f5c7ae0, C4<1>, C4<1>;
L_0x13f5c7cc0 .functor AND 1, L_0x13f5c7740, L_0x13f5c7a00, C4<1>, C4<1>;
L_0x13f5c7d70 .functor AND 1, L_0x13f5c7880, L_0x13f5c7a00, C4<1>, C4<1>;
L_0x13f5c7ee0 .functor NOT 1, L_0x13f5c7a00, C4<0>, C4<0>, C4<0>;
L_0x13f5c7f50 .functor AND 1, L_0x13f5c7880, L_0x13f5c7ee0, C4<1>, C4<1>;
L_0x13f5c7fc0 .functor NOT 1, L_0x13f5c7740, C4<0>, C4<0>, C4<0>;
L_0x13f5c80b0 .functor NOT 1, L_0x13f5c7880, C4<0>, C4<0>, C4<0>;
L_0x13f5c81a0 .functor AND 1, L_0x13f5c7fc0, L_0x13f5c80b0, C4<1>, C4<1>;
v0x13f247df0_0 .net *"_ivl_1", 10 0, L_0x13f5c76a0;  1 drivers
v0x13f2442f0_0 .net *"_ivl_12", 0 0, L_0x13f5c7ae0;  1 drivers
v0x13f244380_0 .net *"_ivl_20", 0 0, L_0x13f5c7ee0;  1 drivers
v0x13f244920_0 .net *"_ivl_24", 0 0, L_0x13f5c7fc0;  1 drivers
v0x13f2449b0_0 .net *"_ivl_26", 0 0, L_0x13f5c80b0;  1 drivers
v0x13f225220_0 .net *"_ivl_5", 10 0, L_0x13f5c77e0;  1 drivers
v0x13f2252b0_0 .net *"_ivl_9", 51 0, L_0x13f5c7960;  1 drivers
v0x13f221e00_0 .net "expOnes", 0 0, L_0x13f5c7740;  1 drivers
v0x13f221e90_0 .net "expZero", 0 0, L_0x13f5c7880;  1 drivers
v0x13f3b6420_0 .net "f", 63 0, o0x1300085e0;  alias, 0 drivers
v0x13f36c940_0 .net "fracZero", 0 0, L_0x13f5c7a00;  1 drivers
v0x13f36c230_0 .net "infinity", 0 0, L_0x13f5c7cc0;  alias, 1 drivers
v0x13f36c2c0_0 .net "nan", 0 0, L_0x13f5c7b90;  alias, 1 drivers
v0x13f36ad80_0 .net "normal", 0 0, L_0x13f5c81a0;  alias, 1 drivers
v0x13f36ae10_0 .net "subnormal", 0 0, L_0x13f5c7f50;  alias, 1 drivers
v0x13f3467c0_0 .net "zero", 0 0, L_0x13f5c7d70;  alias, 1 drivers
L_0x13f5c76a0 .part o0x1300085e0, 52, 11;
L_0x13f5c7740 .reduce/and L_0x13f5c76a0;
L_0x13f5c77e0 .part o0x1300085e0, 52, 11;
L_0x13f5c7880 .reduce/nor L_0x13f5c77e0;
L_0x13f5c7960 .part o0x1300085e0, 0, 52;
L_0x13f5c7a00 .reduce/nor L_0x13f5c7960;
S_0x13f359f70 .scope function.vec4.s6, "count_leading_zeros" "count_leading_zeros" 4 23, 4 23 0, S_0x13f520590;
 .timescale 0 0;
; Variable count_leading_zeros is vec4 return value of scope S_0x13f359f70
v0x13f349970_0 .var/i "i", 31 0;
v0x13f349a00_0 .var "sig", 52 0;
TD_ALU.fpu_mul_unit.count_leading_zeros ;
    %fork t_5, S_0x13f3598c0;
    %jmp t_4;
    .scope S_0x13f3598c0;
t_5 ;
    %pushi/vec4 0, 0, 6;
    %ret/vec4 0, 0, 6;  Assign to count_leading_zeros (store_vec4_to_lval)
    %pushi/vec4 52, 0, 32;
    %store/vec4 v0x13f349970_0, 0, 32;
T_2.10 ; Top of for-loop
    %load/vec4 v0x13f349970_0;
    %cmpi/s 0, 0, 32;
    %flag_inv 5; GE is !LT
	  %jmp/0xz T_2.11, 5;
    %load/vec4 v0x13f349a00_0;
    %load/vec4 v0x13f349970_0;
    %part/s 1;
    %flag_set/vec4 8;
    %jmp/0xz  T_2.13, 8;
    %disable S_0x13f3598c0;
    %jmp T_2.14;
T_2.13 ;
    %retload/vec4 0; Load count_leading_zeros (draw_signal_vec4)
    %addi 1, 0, 6;
    %ret/vec4 0, 0, 6;  Assign to count_leading_zeros (store_vec4_to_lval)
T_2.14 ;
T_2.12 ; for-loop step statement
    %load/vec4 v0x13f349970_0;
    %subi 1, 0, 32;
    %store/vec4 v0x13f349970_0, 0, 32;
    %jmp T_2.10;
T_2.11 ; for-loop exit label
    %end;
    .scope S_0x13f359f70;
t_4 %join;
    %end;
S_0x13f3598c0 .scope begin, "clz_loop" "clz_loop" 4 25, 4 25 0, S_0x13f359f70;
 .timescale 0 0;
S_0x13f384230 .scope module, "fpu_sub_unit" "fpu_add" 3 49, 4 124 0, S_0x13f2e2cc0;
 .timescale 0 0;
    .port_info 0 /INPUT 64 "a";
    .port_info 1 /INPUT 64 "b";
    .port_info 2 /OUTPUT 64 "result";
v0x13f509530_0 .net "a", 63 0, o0x1300081c0;  alias, 0 drivers
v0x13f52e200_0 .net "aInf", 0 0, L_0x13f5ca770;  1 drivers
v0x13f52e290_0 .net "aNan", 0 0, L_0x13f5ca640;  1 drivers
v0x13f52d490_0 .net "aNormal", 0 0, L_0x13f5cac90;  1 drivers
v0x13f52d520_0 .net "aSubnormal", 0 0, L_0x13f5caa00;  1 drivers
v0x13f532100_0 .net "aZero", 0 0, L_0x13f5ca820;  1 drivers
v0x13f532190_0 .var "addendSig", 52 0;
v0x13f531de0_0 .var "augendSig", 52 0;
v0x13f531e70_0 .net "b", 63 0, L_0x13f5ca040;  alias, 1 drivers
v0x13f531b40_0 .net "bInf", 0 0, L_0x13f5cb430;  1 drivers
v0x13f5317a0_0 .net "bNan", 0 0, L_0x13f5cb300;  1 drivers
v0x13f531830_0 .net "bNormal", 0 0, L_0x13f5cb950;  1 drivers
v0x13f2ef9c0_0 .net "bSubnormal", 0 0, L_0x13f5cb6c0;  1 drivers
v0x13f2efa50_0 .net "bZero", 0 0, L_0x13f5cb4e0;  1 drivers
v0x13f2de390_0 .var "diffSig", 56 0;
v0x13f2de420_0 .var/s "expA", 12 0;
v0x13f258840_0 .var/s "expB", 12 0;
v0x13f258190_0 .var/s "expResult", 12 0;
v0x13f258220_0 .var "extAddend", 55 0;
v0x13f255420_0 .var "extAugend", 55 0;
v0x13f2554b0_0 .var "guard", 0 0;
v0x13f254d70_0 .var "result", 63 0;
v0x13f254e00_0 .var "round_bit", 0 0;
v0x13f239300_0 .var/s "shift", 12 0;
v0x13f239390_0 .var "shiftAmount", 12 0;
v0x13f238c50_0 .var "sigFinal", 52 0;
v0x13f238ce0_0 .var "sign", 0 0;
v0x13f2476a0_0 .var "sticky", 0 0;
v0x13f247730_0 .var "sumSig", 56 0;
E_0x13f3e2000/0 .event anyedge, v0x13f36e670_0, v0x13f539b50_0, v0x13f3a39a0_0, v0x13f53a4b0_0;
E_0x13f3e2000/1 .event anyedge, v0x13f21ff20_0, v0x13f53ada0_0, v0x13f36e0d0_0, v0x13f539910_0;
E_0x13f3e2000/2 .event anyedge, v0x13f36e700_0, v0x13f539be0_0, v0x13f2de420_0, v0x13f258840_0;
E_0x13f3e2000/3 .event anyedge, v0x13f531de0_0, v0x13f532190_0, v0x13f239300_0, v0x13f258220_0;
E_0x13f3e2000/4 .event anyedge, v0x13f255420_0, v0x13f247730_0, v0x13f258190_0, v0x13f2476a0_0;
E_0x13f3e2000/5 .event anyedge, v0x13f2554b0_0, v0x13f254e00_0, v0x13f238c50_0, v0x13f238ce0_0;
E_0x13f3e2000/6 .event anyedge, v0x13f239390_0, v0x13f2de390_0;
E_0x13f3e2000 .event/or E_0x13f3e2000/0, E_0x13f3e2000/1, E_0x13f3e2000/2, E_0x13f3e2000/3, E_0x13f3e2000/4, E_0x13f3e2000/5, E_0x13f3e2000/6;
S_0x13f3800e0 .scope module, "classA" "fpu_class" 4 129, 4 4 0, S_0x13f384230;
 .timescale 0 0;
    .port_info 0 /INPUT 64 "f";
    .port_info 1 /OUTPUT 1 "nan";
    .port_info 2 /OUTPUT 1 "infinity";
    .port_info 3 /OUTPUT 1 "zero";
    .port_info 4 /OUTPUT 1 "subnormal";
    .port_info 5 /OUTPUT 1 "normal";
L_0x13f5ca590 .functor NOT 1, L_0x13f5ca4b0, C4<0>, C4<0>, C4<0>;
L_0x13f5ca640 .functor AND 1, L_0x13f5ca180, L_0x13f5ca590, C4<1>, C4<1>;
L_0x13f5ca770 .functor AND 1, L_0x13f5ca180, L_0x13f5ca4b0, C4<1>, C4<1>;
L_0x13f5ca820 .functor AND 1, L_0x13f5ca300, L_0x13f5ca4b0, C4<1>, C4<1>;
L_0x13f5ca990 .functor NOT 1, L_0x13f5ca4b0, C4<0>, C4<0>, C4<0>;
L_0x13f5caa00 .functor AND 1, L_0x13f5ca300, L_0x13f5ca990, C4<1>, C4<1>;
L_0x13f5caab0 .functor NOT 1, L_0x13f5ca180, C4<0>, C4<0>, C4<0>;
L_0x13f5caba0 .functor NOT 1, L_0x13f5ca300, C4<0>, C4<0>, C4<0>;
L_0x13f5cac90 .functor AND 1, L_0x13f5caab0, L_0x13f5caba0, C4<1>, C4<1>;
v0x13f380e10_0 .net *"_ivl_1", 10 0, L_0x13f5ca0e0;  1 drivers
v0x13f380ea0_0 .net *"_ivl_12", 0 0, L_0x13f5ca590;  1 drivers
v0x13f398980_0 .net *"_ivl_20", 0 0, L_0x13f5ca990;  1 drivers
v0x13f398a10_0 .net *"_ivl_24", 0 0, L_0x13f5caab0;  1 drivers
v0x13f395570_0 .net *"_ivl_26", 0 0, L_0x13f5caba0;  1 drivers
v0x13f395600_0 .net *"_ivl_5", 10 0, L_0x13f5ca260;  1 drivers
v0x13f3a6d20_0 .net *"_ivl_9", 51 0, L_0x13f5ca3e0;  1 drivers
v0x13f3a6db0_0 .net "expOnes", 0 0, L_0x13f5ca180;  1 drivers
v0x13f3a32e0_0 .net "expZero", 0 0, L_0x13f5ca300;  1 drivers
v0x13f3a3370_0 .net "f", 63 0, o0x1300081c0;  alias, 0 drivers
v0x13f3a3910_0 .net "fracZero", 0 0, L_0x13f5ca4b0;  1 drivers
v0x13f3a39a0_0 .net "infinity", 0 0, L_0x13f5ca770;  alias, 1 drivers
v0x13f36e670_0 .net "nan", 0 0, L_0x13f5ca640;  alias, 1 drivers
v0x13f36e700_0 .net "normal", 0 0, L_0x13f5cac90;  alias, 1 drivers
v0x13f36e040_0 .net "subnormal", 0 0, L_0x13f5caa00;  alias, 1 drivers
v0x13f36e0d0_0 .net "zero", 0 0, L_0x13f5ca820;  alias, 1 drivers
L_0x13f5ca0e0 .part o0x1300081c0, 52, 11;
L_0x13f5ca180 .reduce/and L_0x13f5ca0e0;
L_0x13f5ca260 .part o0x1300081c0, 52, 11;
L_0x13f5ca300 .reduce/nor L_0x13f5ca260;
L_0x13f5ca3e0 .part o0x1300081c0, 0, 52;
L_0x13f5ca4b0 .reduce/nor L_0x13f5ca3e0;
S_0x13f36eca0 .scope module, "classB" "fpu_class" 4 130, 4 4 0, S_0x13f384230;
 .timescale 0 0;
    .port_info 0 /INPUT 64 "f";
    .port_info 1 /OUTPUT 1 "nan";
    .port_info 2 /OUTPUT 1 "infinity";
    .port_info 3 /OUTPUT 1 "zero";
    .port_info 4 /OUTPUT 1 "subnormal";
    .port_info 5 /OUTPUT 1 "normal";
L_0x13f5cb250 .functor NOT 1, L_0x13f5cb170, C4<0>, C4<0>, C4<0>;
L_0x13f5cb300 .functor AND 1, L_0x13f5caef0, L_0x13f5cb250, C4<1>, C4<1>;
L_0x13f5cb430 .functor AND 1, L_0x13f5caef0, L_0x13f5cb170, C4<1>, C4<1>;
L_0x13f5cb4e0 .functor AND 1, L_0x13f5cb030, L_0x13f5cb170, C4<1>, C4<1>;
L_0x13f5cb650 .functor NOT 1, L_0x13f5cb170, C4<0>, C4<0>, C4<0>;
L_0x13f5cb6c0 .functor AND 1, L_0x13f5cb030, L_0x13f5cb650, C4<1>, C4<1>;
L_0x13f5cb770 .functor NOT 1, L_0x13f5caef0, C4<0>, C4<0>, C4<0>;
L_0x13f5cb860 .functor NOT 1, L_0x13f5cb030, C4<0>, C4<0>, C4<0>;
L_0x13f5cb950 .functor AND 1, L_0x13f5cb770, L_0x13f5cb860, C4<1>, C4<1>;
v0x13f507120_0 .net *"_ivl_1", 10 0, L_0x13f5cadd0;  1 drivers
v0x13f54a9a0_0 .net *"_ivl_12", 0 0, L_0x13f5cb250;  1 drivers
v0x13f54aa30_0 .net *"_ivl_20", 0 0, L_0x13f5cb650;  1 drivers
v0x13f549060_0 .net *"_ivl_24", 0 0, L_0x13f5cb770;  1 drivers
v0x13f5490f0_0 .net *"_ivl_26", 0 0, L_0x13f5cb860;  1 drivers
v0x13f548d60_0 .net *"_ivl_5", 10 0, L_0x13f5caf90;  1 drivers
v0x13f548df0_0 .net *"_ivl_9", 51 0, L_0x13f5cb0d0;  1 drivers
v0x13f53ed40_0 .net "expOnes", 0 0, L_0x13f5caef0;  1 drivers
v0x13f53edd0_0 .net "expZero", 0 0, L_0x13f5cb030;  1 drivers
v0x13f53ada0_0 .net "f", 63 0, L_0x13f5ca040;  alias, 1 drivers
v0x13f53a420_0 .net "fracZero", 0 0, L_0x13f5cb170;  1 drivers
v0x13f53a4b0_0 .net "infinity", 0 0, L_0x13f5cb430;  alias, 1 drivers
v0x13f539b50_0 .net "nan", 0 0, L_0x13f5cb300;  alias, 1 drivers
v0x13f539be0_0 .net "normal", 0 0, L_0x13f5cb950;  alias, 1 drivers
v0x13f539880_0 .net "subnormal", 0 0, L_0x13f5cb6c0;  alias, 1 drivers
v0x13f539910_0 .net "zero", 0 0, L_0x13f5cb4e0;  alias, 1 drivers
L_0x13f5cadd0 .part L_0x13f5ca040, 52, 11;
L_0x13f5caef0 .reduce/and L_0x13f5cadd0;
L_0x13f5caf90 .part L_0x13f5ca040, 52, 11;
L_0x13f5cb030 .reduce/nor L_0x13f5caf90;
L_0x13f5cb0d0 .part L_0x13f5ca040, 0, 52;
L_0x13f5cb170 .reduce/nor L_0x13f5cb0d0;
S_0x13f5395b0 .scope function.vec4.s6, "count_leading_zeros" "count_leading_zeros" 4 132, 4 132 0, S_0x13f384230;
 .timescale 0 0;
; Variable count_leading_zeros is vec4 return value of scope S_0x13f5395b0
v0x13f507fc0_0 .var/i "i", 31 0;
v0x13f5094a0_0 .var "sig", 55 0;
TD_ALU.fpu_sub_unit.count_leading_zeros ;
    %fork t_7, S_0x13f5392e0;
    %jmp t_6;
    .scope S_0x13f5392e0;
t_7 ;
    %pushi/vec4 0, 0, 6;
    %ret/vec4 0, 0, 6;  Assign to count_leading_zeros (store_vec4_to_lval)
    %pushi/vec4 55, 0, 32;
    %store/vec4 v0x13f507fc0_0, 0, 32;
T_3.15 ; Top of for-loop
    %load/vec4 v0x13f507fc0_0;
    %cmpi/s 0, 0, 32;
    %flag_inv 5; GE is !LT
	  %jmp/0xz T_3.16, 5;
    %load/vec4 v0x13f5094a0_0;
    %load/vec4 v0x13f507fc0_0;
    %part/s 1;
    %flag_set/vec4 8;
    %jmp/0xz  T_3.18, 8;
    %disable S_0x13f5392e0;
    %jmp T_3.19;
T_3.18 ;
    %retload/vec4 0; Load count_leading_zeros (draw_signal_vec4)
    %addi 1, 0, 6;
    %ret/vec4 0, 0, 6;  Assign to count_leading_zeros (store_vec4_to_lval)
T_3.19 ;
T_3.17 ; for-loop step statement
    %load/vec4 v0x13f507fc0_0;
    %subi 1, 0, 32;
    %store/vec4 v0x13f507fc0_0, 0, 32;
    %jmp T_3.15;
T_3.16 ; for-loop exit label
    %end;
    .scope S_0x13f5395b0;
t_6 %join;
    %end;
S_0x13f5392e0 .scope begin, "clz_loop" "clz_loop" 4 134, 4 134 0, S_0x13f5395b0;
 .timescale 0 0;
S_0x13f2e2a00 .scope module, "tinker_tb" "tinker_tb" 5 3;
 .timescale 0 0;
P_0x13f821400 .param/l "OP_ADD" 1 5 47, C4<11000>;
P_0x13f821440 .param/l "OP_ADDI" 1 5 47, C4<11001>;
P_0x13f821480 .param/l "OP_AND" 1 5 40, C4<00000>;
P_0x13f8214c0 .param/l "OP_BR" 1 5 42, C4<01000>;
P_0x13f821500 .param/l "OP_BRGT" 1 5 44, C4<01110>;
P_0x13f821540 .param/l "OP_BRNZ" 1 5 43, C4<01011>;
P_0x13f821580 .param/l "OP_BRR" 1 5 42, C4<01001>;
P_0x13f8215c0 .param/l "OP_BRR_L" 1 5 42, C4<01010>;
P_0x13f821600 .param/l "OP_CALL" 1 5 43, C4<01100>;
P_0x13f821640 .param/l "OP_DIV" 1 5 48, C4<11101>;
P_0x13f821680 .param/l "OP_FADD" 1 5 46, C4<10100>;
P_0x13f8216c0 .param/l "OP_FDIV" 1 5 46, C4<10111>;
P_0x13f821700 .param/l "OP_FMUL" 1 5 46, C4<10110>;
P_0x13f821740 .param/l "OP_FSUB" 1 5 46, C4<10101>;
P_0x13f821780 .param/l "OP_HALT" 1 5 44, C4<01111>;
P_0x13f8217c0 .param/l "OP_LOAD" 1 5 45, C4<10000>;
P_0x13f821800 .param/l "OP_MOV" 1 5 45, C4<10001>;
P_0x13f821840 .param/l "OP_MOVI" 1 5 45, C4<10010>;
P_0x13f821880 .param/l "OP_MUL" 1 5 48, C4<11100>;
P_0x13f8218c0 .param/l "OP_NOT" 1 5 40, C4<00011>;
P_0x13f821900 .param/l "OP_OR" 1 5 40, C4<00001>;
P_0x13f821940 .param/l "OP_RETURN" 1 5 43, C4<01101>;
P_0x13f821980 .param/l "OP_SHFTL" 1 5 41, C4<00110>;
P_0x13f8219c0 .param/l "OP_SHFTLI" 1 5 41, C4<00111>;
P_0x13f821a00 .param/l "OP_SHFTR" 1 5 41, C4<00100>;
P_0x13f821a40 .param/l "OP_SHFTRI" 1 5 41, C4<00101>;
P_0x13f821a80 .param/l "OP_STORE" 1 5 45, C4<10011>;
P_0x13f821ac0 .param/l "OP_SUB" 1 5 47, C4<11010>;
P_0x13f821b00 .param/l "OP_SUBI" 1 5 47, C4<11011>;
P_0x13f821b40 .param/l "OP_XOR" 1 5 40, C4<00010>;
v0x13f5c4760_0 .var "clk", 0 0;
v0x13f584760_0 .var/i "cycle_count", 31 0;
v0x13f5c49f0_0 .var/i "fail_count", 31 0;
v0x13f5c4a80_0 .net "hlt", 0 0, L_0x13f5e0440;  1 drivers
v0x13f5c4b10_0 .var/i "pass_count", 31 0;
v0x13f5c4ba0_0 .var "reset", 0 0;
S_0x13f3e45c0 .scope task, "check_hlt" "check_hlt" 5 90, 5 90 0, S_0x13f2e2a00;
 .timescale 0 0;
v0x13f2e0fc0_0 .var "test_name", 320 1;
TD_tinker_tb.check_hlt ;
    %load/vec4 v0x13f5c4a80_0;
    %cmpi/e 1, 0, 1;
    %jmp/0xz  T_4.20, 6;
    %vpi_call/w 5 93 "$display", "  PASS: hlt asserted" {0 0 0};
    %load/vec4 v0x13f5c4b10_0;
    %addi 1, 0, 32;
    %store/vec4 v0x13f5c4b10_0, 0, 32;
    %jmp T_4.21;
T_4.20 ;
    %vpi_call/w 5 96 "$display", "  FAIL: hlt not asserted [%0s]", v0x13f2e0fc0_0 {0 0 0};
    %load/vec4 v0x13f5c49f0_0;
    %addi 1, 0, 32;
    %store/vec4 v0x13f5c49f0_0, 0, 32;
T_4.21 ;
    %end;
S_0x13f3f3010 .scope task, "check_reg" "check_reg" 5 76, 5 76 0, S_0x13f2e2a00;
 .timescale 0 0;
v0x13f3f2960_0 .var "actual", 63 0;
v0x13f3f29f0_0 .var "expected", 63 0;
v0x13f3baed0_0 .var "regnum", 4 0;
v0x13f3baf60_0 .var "test_name", 320 1;
TD_tinker_tb.check_reg ;
    %load/vec4 v0x13f3baed0_0;
    %pad/u 7;
    %ix/vec4 4;
    %load/vec4a v0x13f55e500, 4;
    %store/vec4 v0x13f3f2960_0, 0, 64;
    %load/vec4 v0x13f3f2960_0;
    %load/vec4 v0x13f3f29f0_0;
    %cmp/e;
    %jmp/0xz  T_5.22, 6;
    %vpi_call/w 5 81 "$display", "  PASS: r%0d = %0d", v0x13f3baed0_0, v0x13f3f2960_0 {0 0 0};
    %load/vec4 v0x13f5c4b10_0;
    %addi 1, 0, 32;
    %store/vec4 v0x13f5c4b10_0, 0, 32;
    %jmp T_5.23;
T_5.22 ;
    %vpi_call/w 5 84 "$display", "  FAIL: r%0d = %0d (expected %0d) [%0s]", v0x13f3baed0_0, v0x13f3f2960_0, v0x13f3f29f0_0, v0x13f3baf60_0 {0 0 0};
    %load/vec4 v0x13f5c49f0_0;
    %addi 1, 0, 32;
    %store/vec4 v0x13f5c49f0_0, 0, 32;
T_5.23 ;
    %end;
S_0x13f3ba820 .scope task, "do_reset" "do_reset" 5 53, 5 53 0, S_0x13f2e2a00;
 .timescale 0 0;
v0x13f3b7ab0_0 .var/i "i", 31 0;
E_0x13f224cb0 .event posedge, v0x13f5563a0_0;
TD_tinker_tb.do_reset ;
    %pushi/vec4 1, 0, 1;
    %store/vec4 v0x13f5c4ba0_0, 0, 1;
    %wait E_0x13f224cb0;
    %delay 2, 0;
    %pushi/vec4 0, 0, 32;
    %store/vec4 v0x13f3b7ab0_0, 0, 32;
T_6.24 ; Top of for-loop
    %load/vec4 v0x13f3b7ab0_0;
    %cmpi/s 128, 0, 32;
	  %jmp/0xz T_6.25, 5;
    %pushi/vec4 0, 0, 8;
    %pushi/vec4 8192, 0, 64;
    %load/vec4 v0x13f3b7ab0_0;
    %pad/u 64;
    %add;
    %ix/vec4 4;
    %store/vec4a v0x13f59bd80, 4, 0;
T_6.26 ; for-loop step statement
    %load/vec4 v0x13f3b7ab0_0;
    %addi 1, 0, 32;
    %store/vec4 v0x13f3b7ab0_0, 0, 32;
    %jmp T_6.24;
T_6.25 ; for-loop exit label
    %end;
S_0x13f3b7400 .scope module, "dut" "tinker" 5 7, 6 22 0, S_0x13f2e2a00;
 .timescale 0 0;
    .port_info 0 /INPUT 1 "clk";
    .port_info 1 /INPUT 1 "reset";
    .port_info 2 /OUTPUT 1 "hlt";
L_0x13f5e0350 .functor BUFZ 5, L_0x13f5df3f0, C4<00000>, C4<00000>, C4<00000>;
L_0x13f5e0440 .functor BUFZ 1, v0x13f5a6760_0, C4<0>, C4<0>, C4<0>;
L_0x13f5e29e0 .functor AND 1, v0x13f582570_0, L_0x13f5e2940, C4<1>, C4<1>;
L_0x13f5e2bb0 .functor AND 1, L_0x13f5e29e0, L_0x13f5e2ad0, C4<1>, C4<1>;
L_0x13f5e2d40 .functor AND 1, v0x13f5827d0_0, L_0x13f5e2ca0, C4<1>, C4<1>;
L_0x13f5e2f40 .functor AND 1, L_0x13f5e2d40, L_0x13f5e2ea0, C4<1>, C4<1>;
L_0x13f5e3710 .functor OR 1, L_0x13f5e3510, L_0x13f5e3630, C4<0>, C4<0>;
L_0x13f5e3860 .functor AND 1, L_0x13f5e4490, L_0x13f5e3710, C4<1>, C4<1>;
L_0x13f5e3b90 .functor OR 1, L_0x13f5e3950, L_0x13f5e3ab0, C4<0>, C4<0>;
L_0x13f5e3cd0 .functor AND 1, L_0x13f5e51a0, L_0x13f5e3b90, C4<1>, C4<1>;
L_0x13f5e3eb0 .functor AND 1, L_0x13f5e4490, L_0x13f5e3d80, C4<1>, C4<1>;
L_0x13f5e4060 .functor AND 1, L_0x13f5e51a0, L_0x13f5e3fc0, C4<1>, C4<1>;
L_0x13f5e4d80 .functor AND 1, v0x13f5ac590_0, L_0x13f5e5b20, C4<1>, C4<1>;
L_0x13f5e5a70 .functor AND 1, v0x13f5ac620_0, L_0x13f5e4e30, C4<1>, C4<1>;
L_0x13f5e5b20 .functor AND 1, v0x13f5ac590_0, L_0x13f5e4340, C4<1>, C4<1>;
L_0x13f5e4e30 .functor AND 1, v0x13f5ac620_0, L_0x13f5e5050, C4<1>, C4<1>;
L_0x13f5eccb0 .functor AND 1, v0x13f5b0f60_0, L_0x13f5f4000, C4<1>, C4<1>;
L_0x13f5f3ed0 .functor AND 1, v0x13f5b0ff0_0, L_0x13f5f4110, C4<1>, C4<1>;
L_0x13f5f4000 .functor AND 1, v0x13f5b0f60_0, L_0x13f5ec910, C4<1>, C4<1>;
L_0x13f5f4110 .functor AND 1, v0x13f5b0ff0_0, L_0x13f5f3ba0, C4<1>, C4<1>;
L_0x13f5f4ac0 .functor OR 1, L_0x13f5e3860, L_0x13f5e3cd0, C4<0>, C4<0>;
L_0x13f5f4ee0 .functor OR 1, L_0x13f5e3cd0, L_0x13f5e3860, C4<0>, C4<0>;
L_0x13f5f5070 .functor AND 1, v0x13f5a5200_0, L_0x13f5f5180, C4<1>, C4<1>;
L_0x13f5f5460 .functor AND 1, v0x13f5a52a0_0, L_0x13f5f4b30, C4<1>, C4<1>;
L_0x13f5f5550 .functor OR 1, L_0x13f5f5070, L_0x13f5f5460, C4<0>, C4<0>;
L_0x13f5f57e0 .functor AND 1, v0x13f5a5200_0, L_0x13f5f5320, C4<1>, C4<1>;
L_0x13f5f5a90 .functor BUFZ 64, v0x13f5866a0_0, C4<0000000000000000000000000000000000000000000000000000000000000000>, C4<0000000000000000000000000000000000000000000000000000000000000000>, C4<0000000000000000000000000000000000000000000000000000000000000000>;
L_0x13f5f6dd0 .functor BUFZ 1, L_0x13f5f78d0, C4<0>, C4<0>, C4<0>;
L_0x13f5f89b0 .functor BUFZ 7, v0x13f562290_0, C4<0000000>, C4<0000000>, C4<0000000>;
L_0x13f5f8f00 .functor BUFZ 64, v0x13f560e40_0, C4<0000000000000000000000000000000000000000000000000000000000000000>, C4<0000000000000000000000000000000000000000000000000000000000000000>, C4<0000000000000000000000000000000000000000000000000000000000000000>;
L_0x13f5f5b00 .functor BUFZ 1, L_0x13f5f7940, C4<0>, C4<0>, C4<0>;
L_0x13f5f90b0 .functor BUFZ 7, v0x13f560d90_0, C4<0000000>, C4<0000000>, C4<0000000>;
L_0x13f5f8e10 .functor BUFZ 64, v0x13f562320_0, C4<0000000000000000000000000000000000000000000000000000000000000000>, C4<0000000000000000000000000000000000000000000000000000000000000000>, C4<0000000000000000000000000000000000000000000000000000000000000000>;
L_0x13f5f92f0 .functor AND 1, v0x13f5be940_0, L_0x13f5f8fb0, C4<1>, C4<1>;
L_0x13f5f9160 .functor BUFZ 1, L_0x13f5f92f0, C4<0>, C4<0>, C4<0>;
L_0x13f5f91d0 .functor BUFZ 64, v0x13f5be9d0_0, C4<0000000000000000000000000000000000000000000000000000000000000000>, C4<0000000000000000000000000000000000000000000000000000000000000000>, C4<0000000000000000000000000000000000000000000000000000000000000000>;
L_0x13f5f9500 .functor AND 1, L_0x13f5f78d0, L_0x13f5f8760, C4<1>, C4<1>;
L_0x13f5f97c0 .functor AND 1, L_0x13f5f9670, L_0x13f5e4800, C4<1>, C4<1>;
L_0x13f5f9450 .functor AND 1, L_0x13f5f59f0, L_0x13f5e5510, C4<1>, C4<1>;
L_0x13f5f9970 .functor OR 1, L_0x13f5f97c0, L_0x13f5f9450, C4<0>, C4<0>;
L_0x13f5f9830 .functor AND 1, L_0x13f5f9500, L_0x13f5f9970, C4<1>, C4<1>;
L_0x13f5f9bb0 .functor AND 1, L_0x13f5f7940, L_0x13f5f6ba0, C4<1>, C4<1>;
L_0x13f5adac0 .functor AND 1, L_0x13f5f9a60, L_0x13f5e4800, C4<1>, C4<1>;
L_0x13f5f9750 .functor AND 1, L_0x13f5f9f40, L_0x13f5e5510, C4<1>, C4<1>;
L_0x13f5f9d20 .functor OR 1, L_0x13f5adac0, L_0x13f5f9750, C4<0>, C4<0>;
L_0x13f5f9dd0 .functor AND 1, L_0x13f5f9bb0, L_0x13f5f9d20, C4<1>, C4<1>;
L_0x13f5fa0e0 .functor OR 1, L_0x13f5f9830, L_0x13f5f9dd0, C4<0>, C4<0>;
L_0x13f5fb6d0 .functor AND 1, v0x13f5a5200_0, L_0x13f5fb2c0, C4<1>, C4<1>;
L_0x13f5fa370 .functor AND 1, L_0x13f5fb6d0, L_0x13f5fa290, C4<1>, C4<1>;
L_0x13f5fbae0 .functor AND 1, L_0x13f5fa370, L_0x13f5fb610, C4<1>, C4<1>;
L_0x13f5fb8a0 .functor AND 1, v0x13f5a52a0_0, L_0x13f5fb7c0, C4<1>, C4<1>;
L_0x13f5fbed0 .functor AND 1, L_0x13f5fb8a0, L_0x13f5fb950, C4<1>, C4<1>;
L_0x13f5fbcb0 .functor AND 1, L_0x13f5fbed0, L_0x13f5fbbd0, C4<1>, C4<1>;
L_0x13f5fbda0 .functor BUFZ 1, L_0x13f5fbae0, C4<0>, C4<0>, C4<0>;
L_0x13f5fbfc0 .functor BUFZ 5, v0x13f5a50a0_0, C4<00000>, C4<00000>, C4<00000>;
L_0x13f5fc070 .functor BUFZ 64, v0x13f5a5760_0, C4<0000000000000000000000000000000000000000000000000000000000000000>, C4<0000000000000000000000000000000000000000000000000000000000000000>, C4<0000000000000000000000000000000000000000000000000000000000000000>;
L_0x13f5fc4b0 .functor BUFZ 1, L_0x13f5fbcb0, C4<0>, C4<0>, C4<0>;
L_0x13f5fc5a0 .functor BUFZ 5, v0x13f5a5150_0, C4<00000>, C4<00000>, C4<00000>;
L_0x13f5fc2e0 .functor BUFZ 64, v0x13f5a5810_0, C4<0000000000000000000000000000000000000000000000000000000000000000>, C4<0000000000000000000000000000000000000000000000000000000000000000>, C4<0000000000000000000000000000000000000000000000000000000000000000>;
L_0x13f5fc3d0 .functor BUFZ 1, L_0x13f5fbae0, C4<0>, C4<0>, C4<0>;
L_0x13f5fc440 .functor BUFZ 1, L_0x13f5fbcb0, C4<0>, C4<0>, C4<0>;
L_0x13f5fceb0 .functor BUFZ 1, v0x13f586a00_0, C4<0>, C4<0>, C4<0>;
L_0x13f5fc690 .functor BUFZ 64, v0x13f5868a0_0, C4<0000000000000000000000000000000000000000000000000000000000000000>, C4<0000000000000000000000000000000000000000000000000000000000000000>, C4<0000000000000000000000000000000000000000000000000000000000000000>;
L_0x13f5fc780 .functor BUFZ 64, v0x13f586950_0, C4<0000000000000000000000000000000000000000000000000000000000000000>, C4<0000000000000000000000000000000000000000000000000000000000000000>, C4<0000000000000000000000000000000000000000000000000000000000000000>;
L_0x1300432f8 .functor BUFT 1, C4<011>, C4<0>, C4<0>, C4<0>;
v0x13f5ad0a0_0 .net/2u *"_ivl_100", 2 0, L_0x1300432f8;  1 drivers
v0x13f5ad160_0 .net *"_ivl_102", 0 0, L_0x13f5f4b30;  1 drivers
v0x13f5b19a0_0 .net *"_ivl_105", 0 0, L_0x13f5f5460;  1 drivers
L_0x130043340 .functor BUFT 1, C4<011>, C4<0>, C4<0>, C4<0>;
v0x13f5b1a30_0 .net/2u *"_ivl_108", 2 0, L_0x130043340;  1 drivers
v0x13f5b1ac0_0 .net *"_ivl_110", 0 0, L_0x13f5f5320;  1 drivers
v0x13f5b1b50_0 .net *"_ivl_113", 0 0, L_0x13f5f57e0;  1 drivers
L_0x130043388 .functor BUFT 1, C4<00001>, C4<0>, C4<0>, C4<0>;
v0x13f5b1be0_0 .net/2u *"_ivl_114", 4 0, L_0x130043388;  1 drivers
v0x13f5b1c90_0 .net *"_ivl_116", 4 0, L_0x13f5f5850;  1 drivers
v0x13f5b1d40_0 .net *"_ivl_137", 0 0, L_0x13f5f8fb0;  1 drivers
v0x13f5b1e50_0 .net *"_ivl_147", 0 0, L_0x13f5f9500;  1 drivers
L_0x130043778 .functor BUFT 1, C4<000>, C4<0>, C4<0>, C4<0>;
v0x13f5b1ee0_0 .net/2u *"_ivl_148", 2 0, L_0x130043778;  1 drivers
v0x13f5b1f90_0 .net *"_ivl_15", 0 0, L_0x13f5e2940;  1 drivers
v0x13f5b2030_0 .net *"_ivl_150", 0 0, L_0x13f5f9670;  1 drivers
v0x13f5b20d0_0 .net *"_ivl_153", 0 0, L_0x13f5f97c0;  1 drivers
L_0x1300437c0 .functor BUFT 1, C4<001>, C4<0>, C4<0>, C4<0>;
v0x13f5b2170_0 .net/2u *"_ivl_154", 2 0, L_0x1300437c0;  1 drivers
v0x13f5b2220_0 .net *"_ivl_156", 0 0, L_0x13f5f59f0;  1 drivers
v0x13f5b22c0_0 .net *"_ivl_159", 0 0, L_0x13f5f9450;  1 drivers
v0x13f5b2450_0 .net *"_ivl_161", 0 0, L_0x13f5f9970;  1 drivers
v0x13f5b24e0_0 .net *"_ivl_165", 0 0, L_0x13f5f9bb0;  1 drivers
L_0x130043808 .functor BUFT 1, C4<000>, C4<0>, C4<0>, C4<0>;
v0x13f5b2570_0 .net/2u *"_ivl_166", 2 0, L_0x130043808;  1 drivers
v0x13f5b2610_0 .net *"_ivl_168", 0 0, L_0x13f5f9a60;  1 drivers
v0x13f5b26b0_0 .net *"_ivl_17", 0 0, L_0x13f5e29e0;  1 drivers
v0x13f5b2750_0 .net *"_ivl_171", 0 0, L_0x13f5adac0;  1 drivers
L_0x130043850 .functor BUFT 1, C4<001>, C4<0>, C4<0>, C4<0>;
v0x13f5b27f0_0 .net/2u *"_ivl_172", 2 0, L_0x130043850;  1 drivers
v0x13f5b28a0_0 .net *"_ivl_174", 0 0, L_0x13f5f9f40;  1 drivers
v0x13f5b2940_0 .net *"_ivl_177", 0 0, L_0x13f5f9750;  1 drivers
v0x13f5b29e0_0 .net *"_ivl_179", 0 0, L_0x13f5f9d20;  1 drivers
L_0x130043898 .functor BUFT 1, C4<000>, C4<0>, C4<0>, C4<0>;
v0x13f5b2a80_0 .net/2u *"_ivl_184", 2 0, L_0x130043898;  1 drivers
v0x13f5b2b30_0 .net *"_ivl_186", 0 0, L_0x13f5fa410;  1 drivers
v0x13f5b2bd0_0 .net *"_ivl_188", 63 0, L_0x13f5fa580;  1 drivers
v0x13f5b2c80_0 .net *"_ivl_19", 0 0, L_0x13f5e2ad0;  1 drivers
L_0x1300438e0 .functor BUFT 1, C4<000>, C4<0>, C4<0>, C4<0>;
v0x13f5b2d20_0 .net/2u *"_ivl_190", 2 0, L_0x1300438e0;  1 drivers
v0x13f5b2dd0_0 .net *"_ivl_192", 0 0, L_0x13f5fa620;  1 drivers
v0x13f5b2360_0 .net *"_ivl_194", 63 0, L_0x13f5fa7a0;  1 drivers
L_0x130043928 .functor BUFT 1, C4<000>, C4<0>, C4<0>, C4<0>;
v0x13f5b3060_0 .net/2u *"_ivl_198", 2 0, L_0x130043928;  1 drivers
v0x13f5b30f0_0 .net *"_ivl_200", 0 0, L_0x13f5faa10;  1 drivers
v0x13f5b3180_0 .net *"_ivl_202", 0 0, L_0x13f5faab0;  1 drivers
L_0x130043970 .functor BUFT 1, C4<000>, C4<0>, C4<0>, C4<0>;
v0x13f5b3220_0 .net/2u *"_ivl_204", 2 0, L_0x130043970;  1 drivers
v0x13f5b32d0_0 .net *"_ivl_206", 0 0, L_0x13f5fac50;  1 drivers
v0x13f5b3370_0 .net *"_ivl_208", 0 0, L_0x13f5fad30;  1 drivers
L_0x1300439b8 .functor BUFT 1, C4<000>, C4<0>, C4<0>, C4<0>;
v0x13f5b3420_0 .net/2u *"_ivl_212", 2 0, L_0x1300439b8;  1 drivers
v0x13f5b34d0_0 .net *"_ivl_214", 0 0, L_0x13f5fafe0;  1 drivers
v0x13f5b3570_0 .net *"_ivl_216", 0 0, L_0x13f5fadd0;  1 drivers
L_0x130043a00 .functor BUFT 1, C4<000>, C4<0>, C4<0>, C4<0>;
v0x13f5b3620_0 .net/2u *"_ivl_218", 2 0, L_0x130043a00;  1 drivers
v0x13f5b36d0_0 .net *"_ivl_220", 0 0, L_0x13f5fb1e0;  1 drivers
v0x13f5b3770_0 .net *"_ivl_222", 0 0, L_0x13f5fb0c0;  1 drivers
L_0x130043a48 .functor BUFT 1, C4<011>, C4<0>, C4<0>, C4<0>;
v0x13f5b3820_0 .net/2u *"_ivl_226", 2 0, L_0x130043a48;  1 drivers
v0x13f5b38d0_0 .net *"_ivl_228", 0 0, L_0x13f5fb2c0;  1 drivers
v0x13f5b3970_0 .net *"_ivl_23", 0 0, L_0x13f5e2ca0;  1 drivers
v0x13f5b3a10_0 .net *"_ivl_231", 0 0, L_0x13f5fb6d0;  1 drivers
L_0x130043a90 .functor BUFT 1, C4<100>, C4<0>, C4<0>, C4<0>;
v0x13f5b3ab0_0 .net/2u *"_ivl_232", 2 0, L_0x130043a90;  1 drivers
v0x13f5b3b60_0 .net *"_ivl_234", 0 0, L_0x13f5fa290;  1 drivers
v0x13f5b3c00_0 .net *"_ivl_237", 0 0, L_0x13f5fa370;  1 drivers
L_0x130043ad8 .functor BUFT 1, C4<101>, C4<0>, C4<0>, C4<0>;
v0x13f5b3ca0_0 .net/2u *"_ivl_238", 2 0, L_0x130043ad8;  1 drivers
v0x13f5b3d50_0 .net *"_ivl_240", 0 0, L_0x13f5fb610;  1 drivers
L_0x130043b20 .functor BUFT 1, C4<011>, C4<0>, C4<0>, C4<0>;
v0x13f5b3df0_0 .net/2u *"_ivl_244", 2 0, L_0x130043b20;  1 drivers
v0x13f5b3ea0_0 .net *"_ivl_246", 0 0, L_0x13f5fb7c0;  1 drivers
v0x13f5b3f40_0 .net *"_ivl_249", 0 0, L_0x13f5fb8a0;  1 drivers
v0x13f5b3fe0_0 .net *"_ivl_25", 0 0, L_0x13f5e2d40;  1 drivers
L_0x130043b68 .functor BUFT 1, C4<100>, C4<0>, C4<0>, C4<0>;
v0x13f5b4080_0 .net/2u *"_ivl_250", 2 0, L_0x130043b68;  1 drivers
v0x13f5b4130_0 .net *"_ivl_252", 0 0, L_0x13f5fb950;  1 drivers
v0x13f5b41d0_0 .net *"_ivl_255", 0 0, L_0x13f5fbed0;  1 drivers
L_0x130043bb0 .functor BUFT 1, C4<101>, C4<0>, C4<0>, C4<0>;
v0x13f5b4270_0 .net/2u *"_ivl_256", 2 0, L_0x130043bb0;  1 drivers
v0x13f5b4320_0 .net *"_ivl_258", 0 0, L_0x13f5fbbd0;  1 drivers
v0x13f5b43c0_0 .net *"_ivl_27", 0 0, L_0x13f5e2ea0;  1 drivers
L_0x1300430b8 .functor BUFT 1, C4<10000>, C4<0>, C4<0>, C4<0>;
v0x13f5b2e70_0 .net/2u *"_ivl_30", 4 0, L_0x1300430b8;  1 drivers
v0x13f5b2f20_0 .net *"_ivl_32", 0 0, L_0x13f5e3510;  1 drivers
L_0x130043100 .functor BUFT 1, C4<10011>, C4<0>, C4<0>, C4<0>;
v0x13f5b2fc0_0 .net/2u *"_ivl_34", 4 0, L_0x130043100;  1 drivers
v0x13f5b4460_0 .net *"_ivl_36", 0 0, L_0x13f5e3630;  1 drivers
v0x13f5b4500_0 .net *"_ivl_39", 0 0, L_0x13f5e3710;  1 drivers
L_0x130043148 .functor BUFT 1, C4<10000>, C4<0>, C4<0>, C4<0>;
v0x13f5b45a0_0 .net/2u *"_ivl_42", 4 0, L_0x130043148;  1 drivers
v0x13f5b4650_0 .net *"_ivl_44", 0 0, L_0x13f5e3950;  1 drivers
L_0x130043190 .functor BUFT 1, C4<10011>, C4<0>, C4<0>, C4<0>;
v0x13f5b46f0_0 .net/2u *"_ivl_46", 4 0, L_0x130043190;  1 drivers
v0x13f5b47a0_0 .net *"_ivl_48", 0 0, L_0x13f5e3ab0;  1 drivers
v0x13f5b4840_0 .net *"_ivl_51", 0 0, L_0x13f5e3b90;  1 drivers
v0x13f5b48e0_0 .net *"_ivl_55", 0 0, L_0x13f5e3d80;  1 drivers
v0x13f5b4980_0 .net *"_ivl_59", 0 0, L_0x13f5e3fc0;  1 drivers
L_0x1300432b0 .functor BUFT 1, C4<011>, C4<0>, C4<0>, C4<0>;
v0x13f5b4a20_0 .net/2u *"_ivl_94", 2 0, L_0x1300432b0;  1 drivers
v0x13f5b4ad0_0 .net *"_ivl_96", 0 0, L_0x13f5f5180;  1 drivers
v0x13f5b4b70_0 .net *"_ivl_99", 0 0, L_0x13f5f5070;  1 drivers
v0x13f5b4c10_0 .net "alu0_br_taken", 0 0, L_0x13f5e48b0;  1 drivers
v0x13f5b4cc0_0 .net "alu0_br_target", 63 0, L_0x13f5e49b0;  1 drivers
v0x13f5b4d50_0 .net "alu0_cdb_valid", 0 0, L_0x13f5e3eb0;  1 drivers
v0x13f5b4de0_0 .net "alu0_dt_out", 6 0, L_0x13f5e4670;  1 drivers
v0x13f5b4e70_0 .net "alu0_is_br", 0 0, L_0x13f5e4800;  1 drivers
v0x13f5b4f00_0 .net "alu0_is_mem", 0 0, L_0x13f5e3860;  1 drivers
v0x13f5b4f90_0 .net "alu0_mispred", 0 0, L_0x13f5e4bc0;  1 drivers
v0x13f5b5040_0 .net "alu0_opc_out", 4 0, v0x13f559ee0_0;  1 drivers
v0x13f5b50f0_0 .net "alu0_ready", 0 0, L_0x13f5e4340;  1 drivers
v0x13f5b51a0_0 .net "alu0_result", 63 0, v0x13f55a040_0;  1 drivers
v0x13f5b5270_0 .net "alu0_ri_out", 4 0, v0x13f55a0f0_0;  1 drivers
v0x13f5b5340_0 .net "alu0_valid_out", 0 0, L_0x13f5e4490;  1 drivers
v0x13f5b53d0_0 .net "alu1_br_taken", 0 0, L_0x13f5e55c0;  1 drivers
v0x13f5b5460_0 .net "alu1_br_target", 63 0, L_0x13f5e56c0;  1 drivers
v0x13f5b5510_0 .net "alu1_cdb_valid", 0 0, L_0x13f5e4060;  1 drivers
v0x13f5b55c0_0 .net "alu1_dt_out", 6 0, L_0x13f5e5380;  1 drivers
v0x13f5b5690_0 .net "alu1_is_br", 0 0, L_0x13f5e5510;  1 drivers
v0x13f5b5720_0 .net "alu1_is_mem", 0 0, L_0x13f5e3cd0;  1 drivers
v0x13f5b57b0_0 .net "alu1_mispred", 0 0, L_0x13f5e58d0;  1 drivers
v0x13f5b5860_0 .net "alu1_opc_out", 4 0, v0x13f55ca30_0;  1 drivers
v0x13f5b5910_0 .net "alu1_ready", 0 0, L_0x13f5e5050;  1 drivers
v0x13f5b59c0_0 .net "alu1_result", 63 0, v0x13f55cb90_0;  1 drivers
v0x13f5b5a90_0 .net "alu1_ri_out", 4 0, v0x13f55cc40_0;  1 drivers
v0x13f5b5b60_0 .net "alu1_valid_out", 0 0, L_0x13f5e51a0;  1 drivers
v0x13f5b5bf0_0 .net "alu_rs_grant0", 0 0, L_0x13f5e5b20;  1 drivers
v0x13f5b5c80_0 .net "alu_rs_grant1", 0 0, L_0x13f5e4e30;  1 drivers
v0x13f5b5d30_0 .net "alu_rs_ibp0", 0 0, v0x13f5abb60_0;  1 drivers
v0x13f5b5e00_0 .net "alu_rs_ibp1", 0 0, v0x13f5abc10_0;  1 drivers
v0x13f5b5ed0_0 .net "alu_rs_idt0", 6 0, v0x13f5abcc0_0;  1 drivers
v0x13f5b5fa0_0 .net "alu_rs_idt1", 6 0, v0x13f5abd70_0;  1 drivers
v0x13f5b6070_0 .net "alu_rs_iimm0", 63 0, v0x13f5aa480_0;  1 drivers
v0x13f5b6140_0 .net "alu_rs_iimm1", 63 0, v0x13f5abe00_0;  1 drivers
v0x13f5b6210_0 .net "alu_rs_iopc0", 4 0, v0x13f5abeb0_0;  1 drivers
v0x13f5b62e0_0 .net "alu_rs_iopc1", 4 0, v0x13f5abf60_0;  1 drivers
v0x13f5b63b0_0 .net "alu_rs_ipc0", 63 0, v0x13f5ac010_0;  1 drivers
v0x13f5b6480_0 .net "alu_rs_ipc1", 63 0, v0x13f5ac0c0_0;  1 drivers
v0x13f5b6550_0 .net "alu_rs_iri0", 4 0, v0x13f5ac170_0;  1 drivers
v0x13f5b6620_0 .net "alu_rs_iri1", 4 0, v0x13f5ac220_0;  1 drivers
v0x13f5b66f0_0 .net "alu_rs_is1v0", 63 0, v0x13f5ac2d0_0;  1 drivers
v0x13f5b67c0_0 .net "alu_rs_is1v1", 63 0, v0x13f5ac380_0;  1 drivers
v0x13f5b6890_0 .net "alu_rs_is2v0", 63 0, v0x13f5ac430_0;  1 drivers
v0x13f5b6960_0 .net "alu_rs_is2v1", 63 0, v0x13f5ac4e0_0;  1 drivers
v0x13f5b6a30_0 .net "alu_rs_iv0", 0 0, v0x13f5ac590_0;  1 drivers
v0x13f5b6ac0_0 .net "alu_rs_iv1", 0 0, v0x13f5ac620_0;  1 drivers
v0x13f5b6b50_0 .net "arch_wdata0", 63 0, L_0x13f5fc070;  1 drivers
v0x13f5b6be0_0 .net "arch_wdata1", 63 0, L_0x13f5fc2e0;  1 drivers
v0x13f5b6c70_0 .net "arch_we0", 0 0, L_0x13f5fbda0;  1 drivers
v0x13f5b6d00_0 .net "arch_we1", 0 0, L_0x13f5fc4b0;  1 drivers
v0x13f5b6d90_0 .net "arch_wsel0", 4 0, L_0x13f5fbfc0;  1 drivers
v0x13f5b6e20_0 .net "arch_wsel1", 4 0, L_0x13f5fc5a0;  1 drivers
v0x13f5b6eb0_0 .net "bht_actual_taken", 0 0, L_0x13f5fb4f0;  1 drivers
v0x13f5b6f40_0 .net "bht_bus0_is_br", 0 0, L_0x13f5f9830;  1 drivers
v0x13f5b6fd0_0 .net "bht_bus1_is_br", 0 0, L_0x13f5f9dd0;  1 drivers
v0x13f5b7060_0 .net "bht_pred_taken", 0 0, L_0x13f5fab90;  1 drivers
v0x13f5b70f0_0 .net "bht_update_en", 0 0, L_0x13f5fa0e0;  1 drivers
v0x13f5b7180_0 .net "bht_update_pc", 63 0, L_0x13f5fa840;  1 drivers
v0x13f5b7210_0 .net "cdb_rob_idx_bus0", 4 0, L_0x13f5f7b00;  1 drivers
v0x13f5b72e0_0 .net "cdb_rob_idx_bus1", 4 0, L_0x13f5f7d70;  1 drivers
v0x13f5b73b0_0 .net "cdb_tag_bus0", 6 0, v0x13f562290_0;  1 drivers
v0x13f5b74c0_0 .net "cdb_tag_bus1", 6 0, v0x13f560d90_0;  1 drivers
v0x13f5b75d0_0 .net "cdb_valid_bus0", 0 0, L_0x13f5f78d0;  1 drivers
v0x13f5b7660_0 .net "cdb_valid_bus1", 0 0, L_0x13f5f7940;  1 drivers
v0x13f5b76f0_0 .net "cdb_value_bus0", 63 0, v0x13f560e40_0;  1 drivers
v0x13f5b7780_0 .net "cdb_value_bus1", 63 0, v0x13f562320_0;  1 drivers
v0x13f5b7810_0 .net "cdb_win0_id", 2 0, L_0x13f5f8900;  1 drivers
v0x13f5b78a0_0 .net "cdb_win0_valid", 0 0, L_0x13f5f8760;  1 drivers
v0x13f5b7930_0 .net "cdb_win1_id", 2 0, L_0x13f5f8b80;  1 drivers
v0x13f5b79c0_0 .net "cdb_win1_valid", 0 0, L_0x13f5f6ba0;  1 drivers
v0x13f5b7a50_0 .net "clk", 0 0, v0x13f5c4760_0;  1 drivers
v0x13f5b7ae0_0 .net "commit0_has_old", 0 0, L_0x13f5fc3d0;  1 drivers
v0x13f5b7b70_0 .net "commit0_writes_reg", 0 0, L_0x13f5fbae0;  1 drivers
v0x13f5b7c00_0 .net "commit1_has_old", 0 0, L_0x13f5fc440;  1 drivers
v0x13f5b7c90_0 .net "commit1_writes_reg", 0 0, L_0x13f5fbcb0;  1 drivers
v0x13f5b7d20_0 .net "decode_take", 1 0, v0x13f5669c0_0;  1 drivers
v0x13f5b7df0_0 .net "do_flush", 0 0, L_0x13f5f92f0;  1 drivers
v0x13f5b7e80_0 .net "dr_lsq_ld_dt_a", 6 0, v0x13f567c50_0;  1 drivers
v0x13f5b7f60_0 .net "dr_lsq_ld_dt_b", 6 0, v0x13f567d00_0;  1 drivers
v0x13f5b8030_0 .net "dr_lsq_ld_en_a", 0 0, v0x13f567db0_0;  1 drivers
v0x13f5b8100_0 .net "dr_lsq_ld_en_b", 0 0, v0x13f567e50_0;  1 drivers
v0x13f5b8190_0 .net "dr_lsq_ld_ri_a", 4 0, v0x13f567ef0_0;  1 drivers
v0x13f5b8260_0 .net "dr_lsq_ld_ri_b", 4 0, v0x13f567fa0_0;  1 drivers
v0x13f5b8330_0 .net "dr_lsq_st_data_a", 63 0, v0x13f568190_0;  1 drivers
v0x13f5b8400_0 .net "dr_lsq_st_data_b", 63 0, v0x13f568240_0;  1 drivers
v0x13f5b8490_0 .net "dr_lsq_st_drdy_a", 0 0, v0x13f5682f0_0;  1 drivers
v0x13f5b8560_0 .net "dr_lsq_st_drdy_b", 0 0, v0x13f568390_0;  1 drivers
v0x13f5b85f0_0 .net "dr_lsq_st_dtag_a", 6 0, v0x13f568430_0;  1 drivers
v0x13f5b86c0_0 .net "dr_lsq_st_dtag_b", 6 0, v0x13f5684e0_0;  1 drivers
v0x13f5b8790_0 .net "dr_lsq_st_en_a", 0 0, v0x13f568590_0;  1 drivers
v0x13f5b8860_0 .net "dr_lsq_st_en_b", 0 0, v0x13f568630_0;  1 drivers
v0x13f5b8930_0 .net "dr_lsq_st_ri_a", 4 0, v0x13f5686d0_0;  1 drivers
v0x13f5b8a00_0 .net "dr_lsq_st_ri_b", 4 0, v0x13f568780_0;  1 drivers
v0x13f5b8ad0_0 .net "dr_rs_alu_bp_a", 0 0, v0x13f56b040_0;  1 drivers
v0x13f5b8ba0_0 .net "dr_rs_alu_bp_b", 0 0, v0x13f56b0e0_0;  1 drivers
v0x13f5b8c70_0 .net "dr_rs_alu_dt_a", 6 0, v0x13f56b180_0;  1 drivers
v0x13f5b8d40_0 .net "dr_rs_alu_dt_b", 6 0, v0x13f56b230_0;  1 drivers
v0x13f5b8e10_0 .net "dr_rs_alu_en_a", 0 0, v0x13f56b2e0_0;  1 drivers
v0x13f5b8ee0_0 .net "dr_rs_alu_en_b", 0 0, v0x13f56b380_0;  1 drivers
v0x13f5b8f70_0 .net "dr_rs_alu_imm_a", 63 0, v0x13f56b420_0;  1 drivers
v0x13f5b9040_0 .net "dr_rs_alu_imm_b", 63 0, v0x13f56b4d0_0;  1 drivers
v0x13f5b9110_0 .net "dr_rs_alu_opc_a", 4 0, v0x13f56b580_0;  1 drivers
v0x13f5b91e0_0 .net "dr_rs_alu_opc_b", 4 0, v0x13f56b630_0;  1 drivers
v0x13f5b92b0_0 .net "dr_rs_alu_pc_a", 63 0, v0x13f56b6e0_0;  1 drivers
v0x13f5b9340_0 .net "dr_rs_alu_pc_b", 63 0, v0x13f56b790_0;  1 drivers
v0x13f5b9410_0 .net "dr_rs_alu_ri_a", 4 0, v0x13f56b840_0;  1 drivers
v0x13f5b94e0_0 .net "dr_rs_alu_ri_b", 4 0, v0x13f56b8f0_0;  1 drivers
v0x13f5b95b0_0 .net "dr_rs_alu_s1r_a", 0 0, v0x13f56b9a0_0;  1 drivers
v0x13f5b9680_0 .net "dr_rs_alu_s1r_b", 0 0, v0x13f56ba40_0;  1 drivers
v0x13f5b9750_0 .net "dr_rs_alu_s1t_a", 6 0, v0x13f56bae0_0;  1 drivers
v0x13f5b9820_0 .net "dr_rs_alu_s1t_b", 6 0, v0x13f56bb90_0;  1 drivers
v0x13f5b98f0_0 .net "dr_rs_alu_s1v_a", 63 0, v0x13f56bc40_0;  1 drivers
v0x13f5b99c0_0 .net "dr_rs_alu_s1v_b", 63 0, v0x13f56bcf0_0;  1 drivers
v0x13f5b9a90_0 .net "dr_rs_alu_s2r_a", 0 0, v0x13f56bda0_0;  1 drivers
v0x13f5b9b60_0 .net "dr_rs_alu_s2r_b", 0 0, v0x13f56be40_0;  1 drivers
v0x13f5b9c30_0 .net "dr_rs_alu_s2t_a", 6 0, v0x13f56bee0_0;  1 drivers
v0x13f5b9d00_0 .net "dr_rs_alu_s2t_b", 6 0, v0x13f56bf90_0;  1 drivers
v0x13f5b9dd0_0 .net "dr_rs_alu_s2v_a", 63 0, v0x13f56c040_0;  1 drivers
v0x13f5b9ea0_0 .net "dr_rs_alu_s2v_b", 63 0, v0x13f56c0f0_0;  1 drivers
v0x13f5b9f30_0 .net "dr_rs_fpu_bp_a", 0 0, v0x13f56c390_0;  1 drivers
v0x13f5ba000_0 .net "dr_rs_fpu_bp_b", 0 0, v0x13f56c430_0;  1 drivers
v0x13f5ba0d0_0 .net "dr_rs_fpu_dt_a", 6 0, v0x13f56c4d0_0;  1 drivers
v0x13f5ba1a0_0 .net "dr_rs_fpu_dt_b", 6 0, v0x13f56c580_0;  1 drivers
v0x13f5ba230_0 .net "dr_rs_fpu_en_a", 0 0, v0x13f56c630_0;  1 drivers
v0x13f5ba300_0 .net "dr_rs_fpu_en_b", 0 0, v0x13f56c6d0_0;  1 drivers
v0x13f5ba390_0 .net "dr_rs_fpu_imm_a", 63 0, v0x13f56c770_0;  1 drivers
v0x13f5ba460_0 .net "dr_rs_fpu_imm_b", 63 0, v0x13f56c820_0;  1 drivers
v0x13f5ba4f0_0 .net "dr_rs_fpu_opc_a", 4 0, v0x13f56c8d0_0;  1 drivers
v0x13f5ba5c0_0 .net "dr_rs_fpu_opc_b", 4 0, v0x13f56c980_0;  1 drivers
v0x13f5ba650_0 .net "dr_rs_fpu_pc_a", 63 0, v0x13f56ca30_0;  1 drivers
v0x13f5ba720_0 .net "dr_rs_fpu_pc_b", 63 0, v0x13f56cae0_0;  1 drivers
v0x13f5ba7b0_0 .net "dr_rs_fpu_ri_a", 4 0, v0x13f56cb90_0;  1 drivers
v0x13f5ba880_0 .net "dr_rs_fpu_ri_b", 4 0, v0x13f56cc40_0;  1 drivers
v0x13f5ba910_0 .net "dr_rs_fpu_s1r_a", 0 0, v0x13f56ccf0_0;  1 drivers
v0x13f5ba9e0_0 .net "dr_rs_fpu_s1r_b", 0 0, v0x13f56cd90_0;  1 drivers
v0x13f5baa70_0 .net "dr_rs_fpu_s1t_a", 6 0, v0x13f56ce30_0;  1 drivers
v0x13f5bab40_0 .net "dr_rs_fpu_s1t_b", 6 0, v0x13f56cee0_0;  1 drivers
v0x13f5bac10_0 .net "dr_rs_fpu_s1v_a", 63 0, v0x13f56cf90_0;  1 drivers
v0x13f5bace0_0 .net "dr_rs_fpu_s1v_b", 63 0, v0x13f56d040_0;  1 drivers
v0x13f5badb0_0 .net "dr_rs_fpu_s2r_a", 0 0, v0x13f56d0f0_0;  1 drivers
v0x13f5bae80_0 .net "dr_rs_fpu_s2r_b", 0 0, v0x13f56d190_0;  1 drivers
v0x13f5baf50_0 .net "dr_rs_fpu_s2t_a", 6 0, v0x13f56d230_0;  1 drivers
v0x13f5bb020_0 .net "dr_rs_fpu_s2t_b", 6 0, v0x13f56d2e0_0;  1 drivers
v0x13f5bb0f0_0 .net "dr_rs_fpu_s2v_a", 63 0, v0x13f56d390_0;  1 drivers
v0x13f5bb1c0_0 .net "dr_rs_fpu_s2v_b", 63 0, v0x13f56d440_0;  1 drivers
v0x13f5bb250_0 .net "dr_stall", 0 0, v0x13f56d9b0_0;  1 drivers
v0x13f5bb2e0_0 .net "fetch_flush", 0 0, L_0x13f5f9160;  1 drivers
v0x13f5bb370_0 .net "fetch_flush_pc", 63 0, L_0x13f5f91d0;  1 drivers
v0x13f5bb400_0 .net "fl_alloc_en0", 0 0, v0x13f566b50_0;  1 drivers
v0x13f5bb4d0_0 .net "fl_alloc_en1", 0 0, v0x13f566be0_0;  1 drivers
v0x13f5bb5a0_0 .net "fl_alloc_reg0", 6 0, L_0x13f5de570;  1 drivers
v0x13f5bb670_0 .net "fl_alloc_reg1", 6 0, L_0x13f5dea30;  1 drivers
v0x13f5bb700_0 .net "fl_almost_empty", 0 0, L_0x13f5de130;  1 drivers
v0x13f5bb7d0_0 .net "fl_empty", 0 0, L_0x13f5ddf30;  1 drivers
v0x13f5bb860_0 .net "fl_free_en0", 0 0, L_0x13f5fc880;  1 drivers
v0x13f5bb8f0_0 .net "fl_free_en1", 0 0, L_0x13f5fc230;  1 drivers
v0x13f5bb980_0 .net "fl_free_reg0", 6 0, L_0x13f5fc9e0;  1 drivers
v0x13f5bba10_0 .net "fl_free_reg1", 6 0, L_0x13f5fcc80;  1 drivers
v0x13f5bbaa0_0 .net "flush_active", 0 0, v0x13f5a5e60_0;  1 drivers
v0x13f5bbb30_0 .net "flush_rob_idx_w", 4 0, v0x13f5bea60_0;  1 drivers
v0x13f5bbc40_0 .net "fpu0_dt_out", 6 0, L_0x13f5ecaf0;  1 drivers
v0x13f5bbcd0_0 .net "fpu0_ready", 0 0, L_0x13f5ec910;  1 drivers
v0x13f5bbd60_0 .net "fpu0_result", 63 0, L_0x13f5ecc00;  1 drivers
v0x13f5bbe30_0 .net "fpu0_ri_out", 4 0, L_0x13f5ecb90;  1 drivers
v0x13f5bbf00_0 .net "fpu0_valid_out", 0 0, L_0x13f5eca40;  1 drivers
v0x13f5bbfd0_0 .net "fpu1_dt_out", 6 0, L_0x13f5f3d80;  1 drivers
v0x13f5bc0a0_0 .net "fpu1_ready", 0 0, L_0x13f5f3ba0;  1 drivers
v0x13f5bc130_0 .net "fpu1_result", 63 0, L_0x13f5f3e60;  1 drivers
v0x13f5bc200_0 .net "fpu1_ri_out", 4 0, L_0x13f5f3df0;  1 drivers
v0x13f5bc2d0_0 .net "fpu1_valid_out", 0 0, L_0x13f5f3cd0;  1 drivers
v0x13f5bc3a0_0 .net "fpu_rs_grant0", 0 0, L_0x13f5f4000;  1 drivers
v0x13f5bc430_0 .net "fpu_rs_grant1", 0 0, L_0x13f5f4110;  1 drivers
v0x13f5bc4c0_0 .net "fpu_rs_ibp0", 0 0, v0x13f5b0580_0;  1 drivers
v0x13f5bc550_0 .net "fpu_rs_ibp1", 0 0, v0x13f5b0610_0;  1 drivers
v0x13f5bc5e0_0 .net "fpu_rs_idt0", 6 0, v0x13f5b06a0_0;  1 drivers
v0x13f5bc6b0_0 .net "fpu_rs_idt1", 6 0, v0x13f5b0730_0;  1 drivers
v0x13f5bc780_0 .net "fpu_rs_iimm0", 63 0, v0x13f5aee00_0;  1 drivers
v0x13f5bc810_0 .net "fpu_rs_iimm1", 63 0, v0x13f5b07c0_0;  1 drivers
v0x13f5bc8a0_0 .net "fpu_rs_iopc0", 4 0, v0x13f5b0870_0;  1 drivers
v0x13f5bc970_0 .net "fpu_rs_iopc1", 4 0, v0x13f5b0930_0;  1 drivers
v0x13f5bca40_0 .net "fpu_rs_ipc0", 63 0, v0x13f5b09e0_0;  1 drivers
v0x13f5bcad0_0 .net "fpu_rs_ipc1", 63 0, v0x13f5b0a80_0;  1 drivers
v0x13f5bcb60_0 .net "fpu_rs_iri0", 4 0, v0x13f5b0b30_0;  1 drivers
v0x13f5bcc30_0 .net "fpu_rs_iri1", 4 0, v0x13f5b0bf0_0;  1 drivers
v0x13f5bcd00_0 .net "fpu_rs_is1v0", 63 0, v0x13f5b0ca0_0;  1 drivers
v0x13f5bcdd0_0 .net "fpu_rs_is1v1", 63 0, v0x13f5b0d50_0;  1 drivers
v0x13f5bcea0_0 .net "fpu_rs_is2v0", 63 0, v0x13f5b0e00_0;  1 drivers
v0x13f5bcf70_0 .net "fpu_rs_is2v1", 63 0, v0x13f5b0eb0_0;  1 drivers
v0x13f5bd040_0 .net "fpu_rs_iv0", 0 0, v0x13f5b0f60_0;  1 drivers
v0x13f5bd0d0_0 .net "fpu_rs_iv1", 0 0, v0x13f5b0ff0_0;  1 drivers
v0x13f5bd160_0 .net "fu_br_pred0", 0 0, v0x13f5823a0_0;  1 drivers
v0x13f5bd230_0 .net "fu_br_pred1", 0 0, v0x13f582600_0;  1 drivers
v0x13f5bd300_0 .net "fu_inst0", 31 0, v0x13f582450_0;  1 drivers
v0x13f5bd3d0_0 .net "fu_inst1", 31 0, v0x13f582690_0;  1 drivers
v0x13f5bd4a0_0 .net "fu_pc0", 63 0, v0x13f5824e0_0;  1 drivers
v0x13f5bd570_0 .net "fu_pc1", 63 0, v0x13f582720_0;  1 drivers
v0x13f5bd600_0 .net "fu_valid0", 0 0, v0x13f582570_0;  1 drivers
v0x13f5bd690_0 .net "fu_valid1", 0 0, v0x13f5827d0_0;  1 drivers
v0x13f5bd720_0 .net "hlt", 0 0, L_0x13f5e0440;  alias, 1 drivers
v0x13f5bd7b0_0 .net "lsq_ld_almost_full_w", 0 0, L_0x13f5f4290;  1 drivers
v0x13f5bd880_0 .net "lsq_ld_full_w", 0 0, L_0x13f5f4180;  1 drivers
v0x13f5bd950_0 .net "lsq_load_result_data", 63 0, v0x13f585c90_0;  1 drivers
v0x13f5bda20_0 .net "lsq_load_result_dt", 6 0, v0x13f585d50_0;  1 drivers
v0x13f5bdaf0_0 .net "lsq_load_result_ri", 4 0, v0x13f585e00_0;  1 drivers
v0x13f5bdbc0_0 .net "lsq_load_result_valid", 0 0, v0x13f585eb0_0;  1 drivers
v0x13f5bdc90_0 .net "lsq_mem_read_addr", 63 0, v0x13f5866a0_0;  1 drivers
v0x13f5bdd20_0 .net "lsq_mem_read_en", 0 0, v0x13f586800_0;  1 drivers
v0x13f5bddb0_0 .net "lsq_mem_write_addr", 63 0, v0x13f5868a0_0;  1 drivers
v0x13f5bde40_0 .net "lsq_mem_write_data", 63 0, v0x13f586950_0;  1 drivers
v0x13f5bded0_0 .net "lsq_mem_write_en", 0 0, v0x13f586a00_0;  1 drivers
v0x13f5bdf60_0 .net "lsq_st_almost_full_w", 0 0, L_0x13f5f44b0;  1 drivers
v0x13f5be030_0 .net "lsq_st_full_w", 0 0, L_0x13f5f4380;  1 drivers
v0x13f5be100_0 .net "lsq_store_complete_addr", 63 0, v0x13f5886a0_0;  1 drivers
v0x13f5be190_0 .net "lsq_store_complete_data", 63 0, v0x13f588730_0;  1 drivers
v0x13f5be260_0 .net "lsq_store_complete_ri", 4 0, v0x13f5887e0_0;  1 drivers
v0x13f5be330_0 .net "lsq_store_complete_valid", 0 0, v0x13f588890_0;  1 drivers
v0x13f5be400_0 .net "mem_data_addr", 63 0, L_0x13f5f5a90;  1 drivers
v0x13f5be490_0 .net "mem_data_out", 63 0, L_0x13f5dbb70;  1 drivers
L_0x1300426e0 .functor BUFT 1, C4<1>, C4<0>, C4<0>, C4<0>;
v0x13f5be560_0 .net "mem_data_ready", 0 0, L_0x1300426e0;  1 drivers
v0x13f5be5f0_0 .net "mem_instr_fetch_addr", 63 0, L_0x13f5df2d0;  1 drivers
v0x13f5be6c0_0 .net "mem_instr_fetch_data", 511 0, L_0x13f5d9350;  1 drivers
v0x13f5be790_0 .net "mem_write_addr", 63 0, L_0x13f5fc690;  1 drivers
v0x13f5be820_0 .net "mem_write_data", 63 0, L_0x13f5fc780;  1 drivers
v0x13f5be8b0_0 .net "mem_write_en", 0 0, L_0x13f5fceb0;  1 drivers
v0x13f5be940_0 .var "mispredict_detected", 0 0;
v0x13f5be9d0_0 .var "mispredict_redirect_pc", 63 0;
v0x13f5bea60_0 .var "mispredict_rob_idx", 4 0;
v0x13f5beaf0_0 .net "prf_clr_addr0", 6 0, v0x13f5676f0_0;  1 drivers
v0x13f5bebc0_0 .net "prf_clr_addr1", 6 0, v0x13f568b80_0;  1 drivers
v0x13f5bec90_0 .net "prf_clr_en0", 0 0, v0x13f568c30_0;  1 drivers
v0x13f5bed60_0 .net "prf_clr_en1", 0 0, v0x13f568cd0_0;  1 drivers
v0x13f5bee30_0 .net "prf_raddr0", 6 0, v0x13f569030_0;  1 drivers
v0x13f5beec0_0 .net "prf_raddr1", 6 0, v0x13f5690e0_0;  1 drivers
v0x13f5bef90_0 .net "prf_raddr2", 6 0, v0x13f569190_0;  1 drivers
v0x13f5bf060_0 .net "prf_raddr3", 6 0, v0x13f569240_0;  1 drivers
v0x13f5bf130_0 .net "prf_rdata0", 63 0, L_0x13f5dc940;  1 drivers
v0x13f5bf200_0 .net "prf_rdata1", 63 0, L_0x13f5dce90;  1 drivers
v0x13f5bf2d0_0 .net "prf_rdata2", 63 0, L_0x13f5dd400;  1 drivers
v0x13f5bf3a0_0 .net "prf_rdata3", 63 0, L_0x13f5dd970;  1 drivers
v0x13f5bf470_0 .net "prf_rdy0", 0 0, L_0x13f5dcbf0;  1 drivers
v0x13f5bf540_0 .net "prf_rdy1", 0 0, L_0x13f5dd180;  1 drivers
v0x13f5bf610_0 .net "prf_rdy2", 0 0, L_0x13f5dd6d0;  1 drivers
v0x13f5bf6e0_0 .net "prf_rdy3", 0 0, L_0x13f5ddca0;  1 drivers
v0x13f5bf7b0_0 .net "prf_waddr0", 6 0, L_0x13f5f89b0;  1 drivers
v0x13f5bf840_0 .net "prf_waddr1", 6 0, L_0x13f5f90b0;  1 drivers
v0x13f5bf8d0_0 .net "prf_wdata0", 63 0, L_0x13f5f8f00;  1 drivers
v0x13f5bf960_0 .net "prf_wdata1", 63 0, L_0x13f5f8e10;  1 drivers
v0x13f5bf9f0_0 .net "prf_we0", 0 0, L_0x13f5f6dd0;  1 drivers
v0x13f5bfa80_0 .net "prf_we1", 0 0, L_0x13f5f5b00;  1 drivers
v0x13f5bfb10_0 .net "rat_ckpt_en", 0 0, v0x13f569570_0;  1 drivers
v0x13f5bfbe0_0 .net "rat_lk0", 4 0, v0x13f569610_0;  1 drivers
v0x13f5bfcb0_0 .net "rat_lk1", 4 0, v0x13f5696c0_0;  1 drivers
v0x13f5bfd80_0 .net "rat_lk2", 4 0, v0x13f569770_0;  1 drivers
v0x13f5bfe50_0 .net "rat_lk3", 4 0, v0x13f569820_0;  1 drivers
v0x13f5bff20_0 .net "rat_old_a", 6 0, L_0x13f5df180;  1 drivers
v0x13f5bfff0_0 .net "rat_old_b", 6 0, v0x13f5a1950_0;  1 drivers
v0x13f5c00c0_0 .net "rat_ph0", 6 0, L_0x13f5deca0;  1 drivers
v0x13f5c0190_0 .net "rat_ph1", 6 0, L_0x13f5def10;  1 drivers
v0x13f5c0260_0 .net "rat_ph2", 6 0, v0x13f5a14c0_0;  1 drivers
v0x13f5c0330_0 .net "rat_ph3", 6 0, v0x13f5a1550_0;  1 drivers
v0x13f5c03c0_0 .net "rat_ren_arch_a", 4 0, v0x13f569cf0_0;  1 drivers
v0x13f5c0490_0 .net "rat_ren_arch_b", 4 0, v0x13f569da0_0;  1 drivers
v0x13f5c0520_0 .net "rat_ren_en_a", 0 0, v0x13f569e50_0;  1 drivers
v0x13f5c05f0_0 .net "rat_ren_en_b", 0 0, v0x13f569ef0_0;  1 drivers
v0x13f5c06c0_0 .net "rat_ren_phys_a", 6 0, v0x13f569f90_0;  1 drivers
v0x13f5c0790_0 .net "rat_ren_phys_b", 6 0, v0x13f56a040_0;  1 drivers
v0x13f5c0860_0 .net "reset", 0 0, v0x13f5c4ba0_0;  1 drivers
v0x13f5c08f0_0 .net "rob_alloc_arch_rd0", 4 0, v0x13f56a250_0;  1 drivers
v0x13f5c09c0_0 .net "rob_alloc_arch_rd1", 4 0, v0x13f56a300_0;  1 drivers
v0x13f5c0a90_0 .net "rob_alloc_br_pred0", 0 0, v0x13f56a3b0_0;  1 drivers
v0x13f5c0b60_0 .net "rob_alloc_br_pred1", 0 0, v0x13f56a450_0;  1 drivers
v0x13f5c0c30_0 .net "rob_alloc_en0", 0 0, v0x13f56a4f0_0;  1 drivers
v0x13f5c0cc0_0 .net "rob_alloc_en1", 0 0, v0x13f56a590_0;  1 drivers
v0x13f5c0d90_0 .net "rob_alloc_has_dest0", 0 0, v0x13f56a630_0;  1 drivers
v0x13f5c0e60_0 .net "rob_alloc_has_dest1", 0 0, v0x13f56a6d0_0;  1 drivers
v0x13f5c0f30_0 .net "rob_alloc_idx0", 4 0, L_0x13f5dfb30;  1 drivers
v0x13f5c0fc0_0 .net "rob_alloc_idx1", 4 0, L_0x13f5dfbe0;  1 drivers
v0x13f5c1090_0 .net "rob_alloc_new_phys0", 6 0, v0x13f56a8d0_0;  1 drivers
v0x13f5c1160_0 .net "rob_alloc_new_phys1", 6 0, v0x13f56a980_0;  1 drivers
v0x13f5c1230_0 .net "rob_alloc_old_phys0", 6 0, v0x13f56aa30_0;  1 drivers
v0x13f5c1300_0 .net "rob_alloc_old_phys1", 6 0, v0x13f56aae0_0;  1 drivers
v0x13f5c13d0_0 .net "rob_alloc_pc0", 63 0, v0x13f56ab90_0;  1 drivers
v0x13f5c14a0_0 .net "rob_alloc_pc1", 63 0, v0x13f56ac40_0;  1 drivers
v0x13f5c1570_0 .net "rob_alloc_type0", 2 0, v0x13f56acf0_0;  1 drivers
v0x13f5c1640_0 .net "rob_alloc_type1", 2 0, v0x13f56ada0_0;  1 drivers
v0x13f5c1710_0 .var "rob_cdb_br_actual0", 0 0;
v0x13f5c17a0_0 .var "rob_cdb_br_actual1", 0 0;
v0x13f5c1830_0 .var "rob_cdb_mispredict0", 0 0;
v0x13f5c18c0_0 .var "rob_cdb_mispredict1", 0 0;
v0x13f5c1950_0 .var "rob_cdb_store_addr0", 63 0;
v0x13f5c19e0_0 .var "rob_cdb_store_addr1", 63 0;
v0x13f5c1a70_0 .net "rob_commit_arch_rd0", 4 0, v0x13f5a50a0_0;  1 drivers
v0x13f5c1b00_0 .net "rob_commit_arch_rd1", 4 0, v0x13f5a5150_0;  1 drivers
v0x13f5c1b90_0 .net "rob_commit_en0", 0 0, v0x13f5a5200_0;  1 drivers
v0x13f5c1c20_0 .net "rob_commit_en1", 0 0, v0x13f5a52a0_0;  1 drivers
v0x13f5c1cb0_0 .net "rob_commit_new_phys0", 6 0, v0x13f5a5340_0;  1 drivers
v0x13f5c1d40_0 .net "rob_commit_new_phys1", 6 0, v0x13f5a53f0_0;  1 drivers
v0x13f5c1dd0_0 .net "rob_commit_old_phys0", 6 0, v0x13f5a54a0_0;  1 drivers
v0x13f5c1e60_0 .net "rob_commit_old_phys1", 6 0, v0x13f5a5550_0;  1 drivers
v0x13f5c1ef0_0 .net "rob_commit_store_addr0", 63 0, v0x13f5a5600_0;  1 drivers
v0x13f5c1f80_0 .net "rob_commit_store_addr1", 63 0, v0x13f5a56b0_0;  1 drivers
v0x13f5c2010_0 .net "rob_commit_store_data0", 63 0, v0x13f5a5760_0;  1 drivers
v0x13f5c20a0_0 .net "rob_commit_store_data1", 63 0, v0x13f5a5810_0;  1 drivers
v0x13f5c2130_0 .net "rob_commit_type0", 2 0, v0x13f5a58c0_0;  1 drivers
v0x13f5c21c0_0 .net "rob_commit_type1", 2 0, v0x13f5a5970_0;  1 drivers
v0x13f5c2250_0 .net "rob_empty", 0 0, L_0x13f5df990;  1 drivers
v0x13f5c22e0_0 .net "rob_flush_free_en0", 0 0, v0x13f5a5f90_0;  1 drivers
v0x13f5c2370_0 .net "rob_flush_free_en1", 0 0, v0x13f5a6030_0;  1 drivers
v0x13f5c2400_0 .net "rob_flush_free_reg0", 6 0, v0x13f5a60d0_0;  1 drivers
v0x13f5c2490_0 .net "rob_flush_free_reg1", 6 0, v0x13f5a6180_0;  1 drivers
v0x13f5c2520_0 .net "rob_flush_redirect_pc", 63 0, v0x13f5a6390_0;  1 drivers
v0x13f5c25b0_0 .net "rob_full", 0 0, L_0x13f5df790;  1 drivers
v0x13f5c2680_0 .net "rob_head_idx", 4 0, L_0x13f5e0350;  1 drivers
v0x13f5c2710_0 .net "rob_hlt", 0 0, v0x13f5a6760_0;  1 drivers
v0x13f5c27a0_0 .net "rs_alu_almost_full_w", 0 0, L_0x13f5e3190;  1 drivers
v0x13f5c2870_0 .net "rs_alu_full_w", 0 0, L_0x13f5e3030;  1 drivers
v0x13f5c2940_0 .net "rs_fpu_almost_full_w", 0 0, L_0x13f5e3400;  1 drivers
v0x13f5c2a10_0 .net "rs_fpu_full_w", 0 0, L_0x13f5e32a0;  1 drivers
v0x13f5c2ae0_0 .net "stall_alu0_cdb", 0 0, L_0x13f5f7e90;  1 drivers
v0x13f5c2bb0_0 .net "stall_alu1_cdb", 0 0, L_0x13f5f7ca0;  1 drivers
v0x13f5c2c80_0 .net "stall_fpu0_cdb", 0 0, L_0x13f5f7e20;  1 drivers
v0x13f5c2d50_0 .net "stall_fpu1_cdb", 0 0, L_0x13f5f7f80;  1 drivers
E_0x13f238d70/0 .event anyedge, v0x13f5617c0_0, v0x13f5a47e0_0, v0x13f561900_0, v0x13f561860_0;
E_0x13f238d70/1 .event anyedge, v0x13f5a4870_0, v0x13f5619b0_0;
E_0x13f238d70 .event/or E_0x13f238d70/0, E_0x13f238d70/1;
E_0x13f239420/0 .event anyedge, v0x13f5617c0_0, v0x13f5a47e0_0, v0x13f561500_0, v0x13f561860_0;
E_0x13f239420/1 .event anyedge, v0x13f5a4870_0, v0x13f5615b0_0;
E_0x13f239420 .event/or E_0x13f239420/0, E_0x13f239420/1;
E_0x13f254e90/0 .event anyedge, v0x13f563be0_0, v0x13f563b30_0, v0x13f558570_0, v0x13f558af0_0;
E_0x13f254e90/1 .event anyedge, v0x13f558610_0, v0x13f55b070_0, v0x13f55b610_0, v0x13f55b110_0;
E_0x13f254e90/2 .event anyedge, v0x13f5886a0_0, v0x13f563de0_0, v0x13f563d30_0;
E_0x13f254e90 .event/or E_0x13f254e90/0, E_0x13f254e90/1, E_0x13f254e90/2;
L_0x13f5e2940 .reduce/nor L_0x13f5f92f0;
L_0x13f5e2ad0 .reduce/nor v0x13f5a5e60_0;
L_0x13f5e2ca0 .reduce/nor L_0x13f5f92f0;
L_0x13f5e2ea0 .reduce/nor v0x13f5a5e60_0;
L_0x13f5e3510 .cmp/eq 5, v0x13f559ee0_0, L_0x1300430b8;
L_0x13f5e3630 .cmp/eq 5, v0x13f559ee0_0, L_0x130043100;
L_0x13f5e3950 .cmp/eq 5, v0x13f55ca30_0, L_0x130043148;
L_0x13f5e3ab0 .cmp/eq 5, v0x13f55ca30_0, L_0x130043190;
L_0x13f5e3d80 .reduce/nor L_0x13f5e3860;
L_0x13f5e3fc0 .reduce/nor L_0x13f5e3cd0;
L_0x13f5f4070 .functor MUXZ 5, v0x13f55cc40_0, v0x13f55a0f0_0, L_0x13f5e3860, C4<>;
L_0x13f5f4d40 .functor MUXZ 64, v0x13f55cb90_0, v0x13f55a040_0, L_0x13f5e3860, C4<>;
L_0x13f5f4fd0 .functor MUXZ 5, v0x13f55a0f0_0, v0x13f55cc40_0, L_0x13f5e3cd0, C4<>;
L_0x13f5f50e0 .functor MUXZ 64, v0x13f55a040_0, v0x13f55cb90_0, L_0x13f5e3cd0, C4<>;
L_0x13f5f5180 .cmp/eq 3, v0x13f5a58c0_0, L_0x1300432b0;
L_0x13f5f4b30 .cmp/eq 3, v0x13f5a5970_0, L_0x1300432f8;
L_0x13f5f5320 .cmp/eq 3, v0x13f5a58c0_0, L_0x130043340;
L_0x13f5f5850 .arith/sum 5, L_0x13f5e0350, L_0x130043388;
L_0x13f5f5950 .functor MUXZ 5, L_0x13f5f5850, L_0x13f5e0350, L_0x13f5f57e0, C4<>;
L_0x13f5f8fb0 .reduce/nor v0x13f5a5e60_0;
L_0x13f5f9670 .cmp/eq 3, L_0x13f5f8900, L_0x130043778;
L_0x13f5f59f0 .cmp/eq 3, L_0x13f5f8900, L_0x1300437c0;
L_0x13f5f9a60 .cmp/eq 3, L_0x13f5f8b80, L_0x130043808;
L_0x13f5f9f40 .cmp/eq 3, L_0x13f5f8b80, L_0x130043850;
L_0x13f5fa410 .cmp/eq 3, L_0x13f5f8900, L_0x130043898;
L_0x13f5fa580 .functor MUXZ 64, v0x13f55cae0_0, v0x13f559f90_0, L_0x13f5fa410, C4<>;
L_0x13f5fa620 .cmp/eq 3, L_0x13f5f8b80, L_0x1300438e0;
L_0x13f5fa7a0 .functor MUXZ 64, v0x13f55cae0_0, v0x13f559f90_0, L_0x13f5fa620, C4<>;
L_0x13f5fa840 .functor MUXZ 64, L_0x13f5fa7a0, L_0x13f5fa580, L_0x13f5f9830, C4<>;
L_0x13f5faa10 .cmp/eq 3, L_0x13f5f8900, L_0x130043928;
L_0x13f5faab0 .functor MUXZ 1, v0x13f55c6f0_0, v0x13f559ba0_0, L_0x13f5faa10, C4<>;
L_0x13f5fac50 .cmp/eq 3, L_0x13f5f8b80, L_0x130043970;
L_0x13f5fad30 .functor MUXZ 1, v0x13f55c6f0_0, v0x13f559ba0_0, L_0x13f5fac50, C4<>;
L_0x13f5fab90 .functor MUXZ 1, L_0x13f5fad30, L_0x13f5faab0, L_0x13f5f9830, C4<>;
L_0x13f5fafe0 .cmp/eq 3, L_0x13f5f8900, L_0x1300439b8;
L_0x13f5fadd0 .functor MUXZ 1, L_0x13f5e55c0, L_0x13f5e48b0, L_0x13f5fafe0, C4<>;
L_0x13f5fb1e0 .cmp/eq 3, L_0x13f5f8b80, L_0x130043a00;
L_0x13f5fb0c0 .functor MUXZ 1, L_0x13f5e55c0, L_0x13f5e48b0, L_0x13f5fb1e0, C4<>;
L_0x13f5fb4f0 .functor MUXZ 1, L_0x13f5fb0c0, L_0x13f5fadd0, L_0x13f5f9830, C4<>;
L_0x13f5fb2c0 .cmp/ne 3, v0x13f5a58c0_0, L_0x130043a48;
L_0x13f5fa290 .cmp/ne 3, v0x13f5a58c0_0, L_0x130043a90;
L_0x13f5fb610 .cmp/ne 3, v0x13f5a58c0_0, L_0x130043ad8;
L_0x13f5fb7c0 .cmp/ne 3, v0x13f5a5970_0, L_0x130043b20;
L_0x13f5fb950 .cmp/ne 3, v0x13f5a5970_0, L_0x130043b68;
L_0x13f5fbbd0 .cmp/ne 3, v0x13f5a5970_0, L_0x130043bb0;
L_0x13f5fc880 .functor MUXZ 1, L_0x13f5fc3d0, v0x13f5a5f90_0, v0x13f5a5e60_0, C4<>;
L_0x13f5fc9e0 .functor MUXZ 7, v0x13f5a54a0_0, v0x13f5a60d0_0, v0x13f5a5e60_0, C4<>;
L_0x13f5fc230 .functor MUXZ 1, L_0x13f5fc440, v0x13f5a6030_0, v0x13f5a5e60_0, C4<>;
L_0x13f5fcc80 .functor MUXZ 7, v0x13f5a5550_0, v0x13f5a6180_0, v0x13f5a5e60_0, C4<>;
S_0x13f32e0c0 .scope module, "fpu" "fpu_pipe" 6 494, 7 10 0, S_0x13f3b7400;
 .timescale 0 0;
    .port_info 0 /INPUT 1 "clk";
    .port_info 1 /INPUT 1 "reset";
    .port_info 2 /INPUT 1 "flush";
    .port_info 3 /INPUT 1 "stall";
    .port_info 4 /INPUT 1 "valid_in";
    .port_info 5 /INPUT 5 "opcode_in";
    .port_info 6 /INPUT 64 "src1_in";
    .port_info 7 /INPUT 64 "src2_in";
    .port_info 8 /INPUT 7 "dest_tag_in";
    .port_info 9 /INPUT 5 "rob_idx_in";
    .port_info 10 /OUTPUT 1 "pipe_ready";
    .port_info 11 /OUTPUT 1 "valid_out";
    .port_info 12 /OUTPUT 7 "dest_tag_out";
    .port_info 13 /OUTPUT 5 "rob_idx_out";
    .port_info 14 /OUTPUT 64 "result_out";
L_0x13f5e76e0 .functor NOT 1, L_0x13f5e7640, C4<0>, C4<0>, C4<0>;
L_0x13f5ec730 .functor AND 1, L_0x13f5f7e20, v0x13f557680_0, C4<1>, C4<1>;
L_0x13f5ec910 .functor OR 1, L_0x13f5ec840, L_0x13f5ec7a0, C4<0>, C4<0>;
L_0x13f5eca40 .functor BUFZ 1, v0x13f557680_0, C4<0>, C4<0>, C4<0>;
L_0x13f5ecaf0 .functor BUFZ 7, v0x13f5574d0_0, C4<0000000>, C4<0000000>, C4<0000000>;
L_0x13f5ecb90 .functor BUFZ 5, v0x13f5575f0_0, C4<00000>, C4<00000>, C4<00000>;
L_0x13f5ecc00 .functor BUFZ 64, v0x13f557560_0, C4<0000000000000000000000000000000000000000000000000000000000000000>, C4<0000000000000000000000000000000000000000000000000000000000000000>, C4<0000000000000000000000000000000000000000000000000000000000000000>;
v0x13f556090_0 .net *"_ivl_1", 0 0, L_0x13f5e7640;  1 drivers
v0x13f556120_0 .net *"_ivl_13", 0 0, L_0x13f5ec840;  1 drivers
v0x13f5561b0_0 .net *"_ivl_2", 0 0, L_0x13f5e76e0;  1 drivers
v0x13f556240_0 .net *"_ivl_5", 62 0, L_0x13f5e7750;  1 drivers
v0x13f5562d0_0 .net "advance", 0 0, L_0x13f5ec7a0;  1 drivers
v0x13f5563a0_0 .net "clk", 0 0, v0x13f5c4760_0;  alias, 1 drivers
v0x13f556440_0 .net "dest_tag_in", 6 0, v0x13f5b06a0_0;  alias, 1 drivers
v0x13f5564f0_0 .net "dest_tag_out", 6 0, L_0x13f5ecaf0;  alias, 1 drivers
v0x13f5565a0_0 .net "fadd_result", 63 0, v0x13f528990_0;  1 drivers
v0x13f5566d0_0 .net "fdiv_result", 63 0, v0x13f5208e0_0;  1 drivers
v0x13f556760_0 .net "flush", 0 0, L_0x13f5f92f0;  alias, 1 drivers
v0x13f5567f0_0 .net "fmul_result", 63 0, v0x13f551f20_0;  1 drivers
v0x13f556880_0 .net "fsub_result", 63 0, v0x13f555af0_0;  1 drivers
v0x13f556930_0 .net "opcode_in", 4 0, v0x13f5b0870_0;  alias, 1 drivers
v0x13f5569d0_0 .net "pipe_ready", 0 0, L_0x13f5ec910;  alias, 1 drivers
v0x13f556a70_0 .net "pipe_stalled", 0 0, L_0x13f5ec730;  1 drivers
v0x13f556b10_0 .net "reset", 0 0, v0x13f5c4ba0_0;  alias, 1 drivers
v0x13f556cb0_0 .net "result_out", 63 0, L_0x13f5ecc00;  alias, 1 drivers
v0x13f556d60_0 .net "rob_idx_in", 4 0, v0x13f5b0b30_0;  alias, 1 drivers
v0x13f556e10_0 .net "rob_idx_out", 4 0, L_0x13f5ecb90;  alias, 1 drivers
v0x13f556ec0_0 .var "s1_dest_tag", 6 0;
v0x13f556f70_0 .var "s1_opcode", 4 0;
v0x13f557020_0 .var "s1_result_c", 63 0;
v0x13f5570d0_0 .var "s1_rob_idx", 4 0;
v0x13f557180_0 .var "s1_src1", 63 0;
v0x13f557320_0 .var "s1_src2", 63 0;
v0x13f5573b0_0 .net "s1_src2_neg", 63 0, L_0x13f5e77f0;  1 drivers
v0x13f557440_0 .var "s1_valid", 0 0;
v0x13f5574d0_0 .var "s2_dest_tag", 6 0;
v0x13f557560_0 .var "s2_result", 63 0;
v0x13f5575f0_0 .var "s2_rob_idx", 4 0;
v0x13f557680_0 .var "s2_valid", 0 0;
v0x13f557710_0 .net "src1_in", 63 0, v0x13f5b0ca0_0;  alias, 1 drivers
v0x13f556ba0_0 .net "src2_in", 63 0, v0x13f5b0e00_0;  alias, 1 drivers
v0x13f5579a0_0 .net "stall", 0 0, L_0x13f5f7e20;  alias, 1 drivers
v0x13f557a30_0 .net "valid_in", 0 0, L_0x13f5eccb0;  1 drivers
v0x13f557ac0_0 .net "valid_out", 0 0, L_0x13f5eca40;  alias, 1 drivers
E_0x13f54f620 .event posedge, v0x13f556b10_0, v0x13f5563a0_0;
E_0x13f2de4b0/0 .event anyedge, v0x13f556f70_0, v0x13f528990_0, v0x13f555af0_0, v0x13f551f20_0;
E_0x13f2de4b0/1 .event anyedge, v0x13f5208e0_0;
E_0x13f2de4b0 .event/or E_0x13f2de4b0/0, E_0x13f2de4b0/1;
L_0x13f5e7640 .part v0x13f557320_0, 63, 1;
L_0x13f5e7750 .part v0x13f557320_0, 0, 63;
L_0x13f5e77f0 .concat [ 63 1 0 0], L_0x13f5e7750, L_0x13f5e76e0;
L_0x13f5ec7a0 .reduce/nor L_0x13f5ec730;
L_0x13f5ec840 .reduce/nor v0x13f557440_0;
S_0x13f32da10 .scope module, "u_fadd" "fpu_add" 7 47, 4 124 0, S_0x13f32e0c0;
 .timescale 0 0;
    .port_info 0 /INPUT 64 "a";
    .port_info 1 /INPUT 64 "b";
    .port_info 2 /OUTPUT 64 "result";
v0x13f5089a0_0 .net "a", 63 0, v0x13f557180_0;  1 drivers
v0x13f508a30_0 .net "aInf", 0 0, L_0x13f5e62e0;  1 drivers
v0x13f5043b0_0 .net "aNan", 0 0, L_0x13f5e61b0;  1 drivers
v0x13f504440_0 .net "aNormal", 0 0, L_0x13f5e6800;  1 drivers
v0x13f52ec40_0 .net "aSubnormal", 0 0, L_0x13f5e6570;  1 drivers
v0x13f52ecd0_0 .net "aZero", 0 0, L_0x13f5e6390;  1 drivers
v0x13f52e8d0_0 .var "addendSig", 52 0;
v0x13f52e960_0 .var "augendSig", 52 0;
v0x13f52e560_0 .net "b", 63 0, v0x13f557320_0;  1 drivers
v0x13f52ded0_0 .net "bInf", 0 0, L_0x13f5e6fe0;  1 drivers
v0x13f52df60_0 .net "bNan", 0 0, L_0x13f5e6eb0;  1 drivers
v0x13f52db60_0 .net "bNormal", 0 0, L_0x13f5e7540;  1 drivers
v0x13f52dbf0_0 .net "bSubnormal", 0 0, L_0x13f5e7270;  1 drivers
v0x13f52d7f0_0 .net "bZero", 0 0, L_0x13f5e7090;  1 drivers
v0x13f52d880_0 .var "diffSig", 56 0;
v0x13f52d160_0 .var/s "expA", 12 0;
v0x13f52d1f0_0 .var/s "expB", 12 0;
v0x13f52ba40_0 .var/s "expResult", 12 0;
v0x13f52a120_0 .var "extAddend", 55 0;
v0x13f52a1b0_0 .var "extAugend", 55 0;
v0x13f528900_0 .var "guard", 0 0;
v0x13f528990_0 .var "result", 63 0;
v0x13f5270e0_0 .var "round_bit", 0 0;
v0x13f527170_0 .var/s "shift", 12 0;
v0x13f5258c0_0 .var "shiftAmount", 12 0;
v0x13f525950_0 .var "sigFinal", 52 0;
v0x13f531440_0 .var "sign", 0 0;
v0x13f5314d0_0 .var "sticky", 0 0;
v0x13f530d90_0 .var "sumSig", 56 0;
E_0x13f3f2a80/0 .event anyedge, v0x13f3a6690_0, v0x13f5478a0_0, v0x13f397cd0_0, v0x13f547810_0;
E_0x13f3f2a80/1 .event anyedge, v0x13f398370_0, v0x13f547b40_0, v0x13f3a6070_0, v0x13f53e970_0;
E_0x13f3f2a80/2 .event anyedge, v0x13f3a6720_0, v0x13f545910_0, v0x13f52d160_0, v0x13f52d1f0_0;
E_0x13f3f2a80/3 .event anyedge, v0x13f52e960_0, v0x13f52e8d0_0, v0x13f527170_0, v0x13f52a120_0;
E_0x13f3f2a80/4 .event anyedge, v0x13f52a1b0_0, v0x13f530d90_0, v0x13f52ba40_0, v0x13f5314d0_0;
E_0x13f3f2a80/5 .event anyedge, v0x13f528900_0, v0x13f5270e0_0, v0x13f525950_0, v0x13f531440_0;
E_0x13f3f2a80/6 .event anyedge, v0x13f5258c0_0, v0x13f52d880_0;
E_0x13f3f2a80 .event/or E_0x13f3f2a80/0, E_0x13f3f2a80/1, E_0x13f3f2a80/2, E_0x13f3f2a80/3, E_0x13f3f2a80/4, E_0x13f3f2a80/5, E_0x13f3f2a80/6;
S_0x13f32d380 .scope module, "classA" "fpu_class" 4 129, 4 4 0, S_0x13f32da10;
 .timescale 0 0;
    .port_info 0 /INPUT 64 "f";
    .port_info 1 /OUTPUT 1 "nan";
    .port_info 2 /OUTPUT 1 "infinity";
    .port_info 3 /OUTPUT 1 "zero";
    .port_info 4 /OUTPUT 1 "subnormal";
    .port_info 5 /OUTPUT 1 "normal";
L_0x13f5e6100 .functor NOT 1, L_0x13f5e6020, C4<0>, C4<0>, C4<0>;
L_0x13f5e61b0 .functor AND 1, L_0x13f5e5cb0, L_0x13f5e6100, C4<1>, C4<1>;
L_0x13f5e62e0 .functor AND 1, L_0x13f5e5cb0, L_0x13f5e6020, C4<1>, C4<1>;
L_0x13f5e6390 .functor AND 1, L_0x13f5e5e50, L_0x13f5e6020, C4<1>, C4<1>;
L_0x13f5e6500 .functor NOT 1, L_0x13f5e6020, C4<0>, C4<0>, C4<0>;
L_0x13f5e6570 .functor AND 1, L_0x13f5e5e50, L_0x13f5e6500, C4<1>, C4<1>;
L_0x13f5e6620 .functor NOT 1, L_0x13f5e5cb0, C4<0>, C4<0>, C4<0>;
L_0x13f5e6710 .functor NOT 1, L_0x13f5e5e50, C4<0>, C4<0>, C4<0>;
L_0x13f5e6800 .functor AND 1, L_0x13f5e6620, L_0x13f5e6710, C4<1>, C4<1>;
v0x13f32c920_0 .net *"_ivl_1", 10 0, L_0x13f5e5c10;  1 drivers
v0x13f32b8b0_0 .net *"_ivl_12", 0 0, L_0x13f5e6100;  1 drivers
v0x13f32b940_0 .net *"_ivl_20", 0 0, L_0x13f5e6500;  1 drivers
v0x13f383ba0_0 .net *"_ivl_24", 0 0, L_0x13f5e6620;  1 drivers
v0x13f383c30_0 .net *"_ivl_26", 0 0, L_0x13f5e6710;  1 drivers
v0x13f3834f0_0 .net *"_ivl_5", 10 0, L_0x13f5e5d90;  1 drivers
v0x13f383580_0 .net *"_ivl_9", 51 0, L_0x13f5e5f50;  1 drivers
v0x13f380780_0 .net "expOnes", 0 0, L_0x13f5e5cb0;  1 drivers
v0x13f380810_0 .net "expZero", 0 0, L_0x13f5e5e50;  1 drivers
v0x13f398370_0 .net "f", 63 0, v0x13f557180_0;  alias, 1 drivers
v0x13f397c40_0 .net "fracZero", 0 0, L_0x13f5e6020;  1 drivers
v0x13f397cd0_0 .net "infinity", 0 0, L_0x13f5e62e0;  alias, 1 drivers
v0x13f3a6690_0 .net "nan", 0 0, L_0x13f5e61b0;  alias, 1 drivers
v0x13f3a6720_0 .net "normal", 0 0, L_0x13f5e6800;  alias, 1 drivers
v0x13f3a5fe0_0 .net "subnormal", 0 0, L_0x13f5e6570;  alias, 1 drivers
v0x13f3a6070_0 .net "zero", 0 0, L_0x13f5e6390;  alias, 1 drivers
L_0x13f5e5c10 .part v0x13f557180_0, 52, 11;
L_0x13f5e5cb0 .reduce/and L_0x13f5e5c10;
L_0x13f5e5d90 .part v0x13f557180_0, 52, 11;
L_0x13f5e5e50 .reduce/nor L_0x13f5e5d90;
L_0x13f5e5f50 .part v0x13f557180_0, 0, 52;
L_0x13f5e6020 .reduce/nor L_0x13f5e5f50;
S_0x13f54a3a0 .scope module, "classB" "fpu_class" 4 130, 4 4 0, S_0x13f32da10;
 .timescale 0 0;
    .port_info 0 /INPUT 64 "f";
    .port_info 1 /OUTPUT 1 "nan";
    .port_info 2 /OUTPUT 1 "infinity";
    .port_info 3 /OUTPUT 1 "zero";
    .port_info 4 /OUTPUT 1 "subnormal";
    .port_info 5 /OUTPUT 1 "normal";
L_0x13f5e6e00 .functor NOT 1, L_0x13f5e6d60, C4<0>, C4<0>, C4<0>;
L_0x13f5e6eb0 .functor AND 1, L_0x13f5e69e0, L_0x13f5e6e00, C4<1>, C4<1>;
L_0x13f5e6fe0 .functor AND 1, L_0x13f5e69e0, L_0x13f5e6d60, C4<1>, C4<1>;
L_0x13f5e7090 .functor AND 1, L_0x13f5e6c20, L_0x13f5e6d60, C4<1>, C4<1>;
L_0x13f5e7200 .functor NOT 1, L_0x13f5e6d60, C4<0>, C4<0>, C4<0>;
L_0x13f5e7270 .functor AND 1, L_0x13f5e6c20, L_0x13f5e7200, C4<1>, C4<1>;
L_0x13f5e7360 .functor NOT 1, L_0x13f5e69e0, C4<0>, C4<0>, C4<0>;
L_0x13f5e7450 .functor NOT 1, L_0x13f5e6c20, C4<0>, C4<0>, C4<0>;
L_0x13f5e7540 .functor AND 1, L_0x13f5e7360, L_0x13f5e7450, C4<1>, C4<1>;
v0x13f548b20_0 .net *"_ivl_1", 10 0, L_0x13f5e6940;  1 drivers
v0x13f548760_0 .net *"_ivl_12", 0 0, L_0x13f5e6e00;  1 drivers
v0x13f5487f0_0 .net *"_ivl_20", 0 0, L_0x13f5e7200;  1 drivers
v0x13f548460_0 .net *"_ivl_24", 0 0, L_0x13f5e7360;  1 drivers
v0x13f5484f0_0 .net *"_ivl_26", 0 0, L_0x13f5e7450;  1 drivers
v0x13f548160_0 .net *"_ivl_5", 10 0, L_0x13f5e6a80;  1 drivers
v0x13f5481f0_0 .net *"_ivl_9", 51 0, L_0x13f5e6cc0;  1 drivers
v0x13f547e60_0 .net "expOnes", 0 0, L_0x13f5e69e0;  1 drivers
v0x13f547ef0_0 .net "expZero", 0 0, L_0x13f5e6c20;  1 drivers
v0x13f547b40_0 .net "f", 63 0, v0x13f557320_0;  alias, 1 drivers
v0x13f547bd0_0 .net "fracZero", 0 0, L_0x13f5e6d60;  1 drivers
v0x13f547810_0 .net "infinity", 0 0, L_0x13f5e6fe0;  alias, 1 drivers
v0x13f5478a0_0 .net "nan", 0 0, L_0x13f5e6eb0;  alias, 1 drivers
v0x13f545910_0 .net "normal", 0 0, L_0x13f5e7540;  alias, 1 drivers
v0x13f5459a0_0 .net "subnormal", 0 0, L_0x13f5e7270;  alias, 1 drivers
v0x13f53e970_0 .net "zero", 0 0, L_0x13f5e7090;  alias, 1 drivers
L_0x13f5e6940 .part v0x13f557320_0, 52, 11;
L_0x13f5e69e0 .reduce/and L_0x13f5e6940;
L_0x13f5e6a80 .part v0x13f557320_0, 52, 11;
L_0x13f5e6c20 .reduce/nor L_0x13f5e6a80;
L_0x13f5e6cc0 .part v0x13f557320_0, 0, 52;
L_0x13f5e6d60 .reduce/nor L_0x13f5e6cc0;
S_0x13f53ca90 .scope function.vec4.s6, "count_leading_zeros" "count_leading_zeros" 4 132, 4 132 0, S_0x13f32da10;
 .timescale 0 0;
; Variable count_leading_zeros is vec4 return value of scope S_0x13f53ca90
v0x13f509080_0 .var/i "i", 31 0;
v0x13f509110_0 .var "sig", 55 0;
TD_tinker_tb.dut.fpu.u_fadd.count_leading_zeros ;
    %fork t_9, S_0x13f5226e0;
    %jmp t_8;
    .scope S_0x13f5226e0;
t_9 ;
    %pushi/vec4 0, 0, 6;
    %ret/vec4 0, 0, 6;  Assign to count_leading_zeros (store_vec4_to_lval)
    %pushi/vec4 55, 0, 32;
    %store/vec4 v0x13f509080_0, 0, 32;
T_7.27 ; Top of for-loop
    %load/vec4 v0x13f509080_0;
    %cmpi/s 0, 0, 32;
    %flag_inv 5; GE is !LT
	  %jmp/0xz T_7.28, 5;
    %load/vec4 v0x13f509110_0;
    %load/vec4 v0x13f509080_0;
    %part/s 1;
    %flag_set/vec4 8;
    %jmp/0xz  T_7.30, 8;
    %disable S_0x13f5226e0;
    %jmp T_7.31;
T_7.30 ;
    %retload/vec4 0; Load count_leading_zeros (draw_signal_vec4)
    %addi 1, 0, 6;
    %ret/vec4 0, 0, 6;  Assign to count_leading_zeros (store_vec4_to_lval)
T_7.31 ;
T_7.29 ; for-loop step statement
    %load/vec4 v0x13f509080_0;
    %subi 1, 0, 32;
    %store/vec4 v0x13f509080_0, 0, 32;
    %jmp T_7.27;
T_7.28 ; for-loop exit label
    %end;
    .scope S_0x13f53ca90;
t_8 %join;
    %end;
S_0x13f5226e0 .scope begin, "clz_loop" "clz_loop" 4 134, 4 134 0, S_0x13f53ca90;
 .timescale 0 0;
S_0x13f5306e0 .scope module, "u_fdiv" "fpu_div" 7 66, 4 306 0, S_0x13f32e0c0;
 .timescale 0 0;
    .port_info 0 /INPUT 64 "a";
    .port_info 1 /INPUT 64 "b";
    .port_info 2 /OUTPUT 64 "result";
v0x13f3b3760_0 .net "a", 63 0, v0x13f557180_0;  alias, 1 drivers
v0x13f51f840_0 .net "aInf", 0 0, L_0x13f5eb3c0;  1 drivers
v0x13f51f8d0_0 .net "aNan", 0 0, L_0x13f5eb290;  1 drivers
v0x13f51f960_0 .net "aNormal", 0 0, L_0x13f5eb8e0;  1 drivers
v0x13f54a6a0_0 .net "aSubnormal", 0 0, L_0x13f5eb650;  1 drivers
v0x13f54a730_0 .net "aZero", 0 0, L_0x13f5eb470;  1 drivers
v0x13f54a7c0_0 .net "b", 63 0, v0x13f557320_0;  alias, 1 drivers
v0x13f53a750_0 .net "bInf", 0 0, L_0x13f5ec110;  1 drivers
v0x13f53a7e0_0 .net "bNan", 0 0, L_0x13f5ebfe0;  1 drivers
v0x13f53a870_0 .net "bNormal", 0 0, L_0x13f5ec630;  1 drivers
v0x13f2e0540_0 .net "bSubnormal", 0 0, L_0x13f5ec3a0;  1 drivers
v0x13f2e05d0_0 .net "bZero", 0 0, L_0x13f5ec1c0;  1 drivers
v0x13f2e0660_0 .var "divisor", 52 0;
v0x13f2df8d0_0 .var/s "expA", 12 0;
v0x13f2df960_0 .var/s "expB", 12 0;
v0x13f2df9f0_0 .var/s "expResult", 12 0;
v0x13f2dec60_0 .var "guard", 0 0;
v0x13f506da0_0 .var/i "i", 31 0;
v0x13f506e30_0 .var "q", 56 0;
v0x13f506ec0_0 .var "r", 109 0;
v0x13f5208e0_0 .var "result", 63 0;
v0x13f520970_0 .var "round_bit", 0 0;
v0x13f520a00_0 .var "shift", 5 0;
v0x13f520a90_0 .var/s "shiftAmount", 12 0;
v0x13f110900_0 .var "sigA", 52 0;
v0x13f110990_0 .var "sigB", 52 0;
v0x13f110a20_0 .var "sigFinal", 52 0;
v0x13f110ab0_0 .var "sign", 0 0;
v0x13f110b40_0 .var "sticky", 0 0;
E_0x13f528a20/0 .event anyedge, v0x13f398370_0, v0x13f547b40_0, v0x13f2e9340_0, v0x13f2e0960_0;
E_0x13f528a20/1 .event anyedge, v0x13f2e3d40_0, v0x13f2e08d0_0, v0x13f110ab0_0, v0x13f2deff0_0;
E_0x13f528a20/2 .event anyedge, v0x13f2e8780_0, v0x13f2e93d0_0, v0x13f2dfc60_0, v0x13f110900_0;
E_0x13f528a20/3 .event anyedge, v0x13f520a00_0, v0x13f110990_0, v0x13f2df8d0_0, v0x13f2df960_0;
E_0x13f528a20/4 .event anyedge, v0x13f506ec0_0, v0x13f2e0660_0, v0x13f506e30_0, v0x13f2df9f0_0;
E_0x13f528a20/5 .event anyedge, v0x13f110b40_0, v0x13f2dec60_0, v0x13f520970_0, v0x13f110a20_0;
E_0x13f528a20/6 .event anyedge, v0x13f520a90_0;
E_0x13f528a20 .event/or E_0x13f528a20/0, E_0x13f528a20/1, E_0x13f528a20/2, E_0x13f528a20/3, E_0x13f528a20/4, E_0x13f528a20/5, E_0x13f528a20/6;
S_0x13f530030 .scope module, "classA" "fpu_class" 4 310, 4 4 0, S_0x13f5306e0;
 .timescale 0 0;
    .port_info 0 /INPUT 64 "f";
    .port_info 1 /OUTPUT 1 "nan";
    .port_info 2 /OUTPUT 1 "infinity";
    .port_info 3 /OUTPUT 1 "zero";
    .port_info 4 /OUTPUT 1 "subnormal";
    .port_info 5 /OUTPUT 1 "normal";
L_0x13f5eb1e0 .functor NOT 1, L_0x13f5eb100, C4<0>, C4<0>, C4<0>;
L_0x13f5eb290 .functor AND 1, L_0x13f5eae10, L_0x13f5eb1e0, C4<1>, C4<1>;
L_0x13f5eb3c0 .functor AND 1, L_0x13f5eae10, L_0x13f5eb100, C4<1>, C4<1>;
L_0x13f5eb470 .functor AND 1, L_0x13f5eaf50, L_0x13f5eb100, C4<1>, C4<1>;
L_0x13f5eb5e0 .functor NOT 1, L_0x13f5eb100, C4<0>, C4<0>, C4<0>;
L_0x13f5eb650 .functor AND 1, L_0x13f5eaf50, L_0x13f5eb5e0, C4<1>, C4<1>;
L_0x13f5eb700 .functor NOT 1, L_0x13f5eae10, C4<0>, C4<0>, C4<0>;
L_0x13f5eb7f0 .functor NOT 1, L_0x13f5eaf50, C4<0>, C4<0>, C4<0>;
L_0x13f5eb8e0 .functor AND 1, L_0x13f5eb700, L_0x13f5eb7f0, C4<1>, C4<1>;
v0x13f52f980_0 .net *"_ivl_1", 10 0, L_0x13f5ead70;  1 drivers
v0x13f52fa10_0 .net *"_ivl_12", 0 0, L_0x13f5eb1e0;  1 drivers
v0x13f52f2d0_0 .net *"_ivl_20", 0 0, L_0x13f5eb5e0;  1 drivers
v0x13f52f360_0 .net *"_ivl_24", 0 0, L_0x13f5eb700;  1 drivers
v0x13f2f2f50_0 .net *"_ivl_26", 0 0, L_0x13f5eb7f0;  1 drivers
v0x13f2f2fe0_0 .net *"_ivl_5", 10 0, L_0x13f5eaeb0;  1 drivers
v0x13f2f4830_0 .net *"_ivl_9", 51 0, L_0x13f5eb030;  1 drivers
v0x13f2f48c0_0 .net "expOnes", 0 0, L_0x13f5eae10;  1 drivers
v0x13f2f3bc0_0 .net "expZero", 0 0, L_0x13f5eaf50;  1 drivers
v0x13f2f3c50_0 .net "f", 63 0, v0x13f557180_0;  alias, 1 drivers
v0x13f2e3cb0_0 .net "fracZero", 0 0, L_0x13f5eb100;  1 drivers
v0x13f2e3d40_0 .net "infinity", 0 0, L_0x13f5eb3c0;  alias, 1 drivers
v0x13f2e9340_0 .net "nan", 0 0, L_0x13f5eb290;  alias, 1 drivers
v0x13f2e93d0_0 .net "normal", 0 0, L_0x13f5eb8e0;  alias, 1 drivers
v0x13f2e86f0_0 .net "subnormal", 0 0, L_0x13f5eb650;  alias, 1 drivers
v0x13f2e8780_0 .net "zero", 0 0, L_0x13f5eb470;  alias, 1 drivers
L_0x13f5ead70 .part v0x13f557180_0, 52, 11;
L_0x13f5eae10 .reduce/and L_0x13f5ead70;
L_0x13f5eaeb0 .part v0x13f557180_0, 52, 11;
L_0x13f5eaf50 .reduce/nor L_0x13f5eaeb0;
L_0x13f5eb030 .part v0x13f557180_0, 0, 52;
L_0x13f5eb100 .reduce/nor L_0x13f5eb030;
S_0x13f2e7a80 .scope module, "classB" "fpu_class" 4 311, 4 4 0, S_0x13f5306e0;
 .timescale 0 0;
    .port_info 0 /INPUT 64 "f";
    .port_info 1 /OUTPUT 1 "nan";
    .port_info 2 /OUTPUT 1 "infinity";
    .port_info 3 /OUTPUT 1 "zero";
    .port_info 4 /OUTPUT 1 "subnormal";
    .port_info 5 /OUTPUT 1 "normal";
L_0x13f5ebf30 .functor NOT 1, L_0x13f5ebe50, C4<0>, C4<0>, C4<0>;
L_0x13f5ebfe0 .functor AND 1, L_0x13f5eba40, L_0x13f5ebf30, C4<1>, C4<1>;
L_0x13f5ec110 .functor AND 1, L_0x13f5eba40, L_0x13f5ebe50, C4<1>, C4<1>;
L_0x13f5ec1c0 .functor AND 1, L_0x13f5e6b20, L_0x13f5ebe50, C4<1>, C4<1>;
L_0x13f5ec330 .functor NOT 1, L_0x13f5ebe50, C4<0>, C4<0>, C4<0>;
L_0x13f5ec3a0 .functor AND 1, L_0x13f5e6b20, L_0x13f5ec330, C4<1>, C4<1>;
L_0x13f5ec450 .functor NOT 1, L_0x13f5eba40, C4<0>, C4<0>, C4<0>;
L_0x13f5ec540 .functor NOT 1, L_0x13f5e6b20, C4<0>, C4<0>, C4<0>;
L_0x13f5ec630 .functor AND 1, L_0x13f5ec450, L_0x13f5ec540, C4<1>, C4<1>;
v0x13f2e6ef0_0 .net *"_ivl_1", 10 0, L_0x13f5eb9a0;  1 drivers
v0x13f2e61c0_0 .net *"_ivl_12", 0 0, L_0x13f5ebf30;  1 drivers
v0x13f2e6250_0 .net *"_ivl_20", 0 0, L_0x13f5ec330;  1 drivers
v0x13f2e5570_0 .net *"_ivl_24", 0 0, L_0x13f5ec450;  1 drivers
v0x13f2e5600_0 .net *"_ivl_26", 0 0, L_0x13f5ec540;  1 drivers
v0x13f2e4900_0 .net *"_ivl_5", 10 0, L_0x13f5ebae0;  1 drivers
v0x13f2e4990_0 .net *"_ivl_9", 51 0, L_0x13f5ebd80;  1 drivers
v0x13f2ee140_0 .net "expOnes", 0 0, L_0x13f5eba40;  1 drivers
v0x13f2ee1d0_0 .net "expZero", 0 0, L_0x13f5e6b20;  1 drivers
v0x13f2de020_0 .net "f", 63 0, v0x13f557320_0;  alias, 1 drivers
v0x13f2de0b0_0 .net "fracZero", 0 0, L_0x13f5ebe50;  1 drivers
v0x13f2e08d0_0 .net "infinity", 0 0, L_0x13f5ec110;  alias, 1 drivers
v0x13f2e0960_0 .net "nan", 0 0, L_0x13f5ebfe0;  alias, 1 drivers
v0x13f2dfc60_0 .net "normal", 0 0, L_0x13f5ec630;  alias, 1 drivers
v0x13f2dfcf0_0 .net "subnormal", 0 0, L_0x13f5ec3a0;  alias, 1 drivers
v0x13f2deff0_0 .net "zero", 0 0, L_0x13f5ec1c0;  alias, 1 drivers
L_0x13f5eb9a0 .part v0x13f557320_0, 52, 11;
L_0x13f5eba40 .reduce/and L_0x13f5eb9a0;
L_0x13f5ebae0 .part v0x13f557320_0, 52, 11;
L_0x13f5e6b20 .reduce/nor L_0x13f5ebae0;
L_0x13f5ebd80 .part v0x13f557320_0, 0, 52;
L_0x13f5ebe50 .reduce/nor L_0x13f5ebd80;
S_0x13f36cf30 .scope function.vec4.s6, "count_leading_zeros" "count_leading_zeros" 4 313, 4 313 0, S_0x13f5306e0;
 .timescale 0 0;
; Variable count_leading_zeros is vec4 return value of scope S_0x13f36cf30
v0x13f3b3640_0 .var/i "i", 31 0;
v0x13f3b36d0_0 .var "sig", 52 0;
TD_tinker_tb.dut.fpu.u_fdiv.count_leading_zeros ;
    %fork t_11, S_0x13f3b39b0;
    %jmp t_10;
    .scope S_0x13f3b39b0;
t_11 ;
    %pushi/vec4 0, 0, 6;
    %ret/vec4 0, 0, 6;  Assign to count_leading_zeros (store_vec4_to_lval)
    %pushi/vec4 52, 0, 32;
    %store/vec4 v0x13f3b3640_0, 0, 32;
T_8.32 ; Top of for-loop
    %load/vec4 v0x13f3b3640_0;
    %cmpi/s 0, 0, 32;
    %flag_inv 5; GE is !LT
	  %jmp/0xz T_8.33, 5;
    %load/vec4 v0x13f3b36d0_0;
    %load/vec4 v0x13f3b3640_0;
    %part/s 1;
    %flag_set/vec4 8;
    %jmp/0xz  T_8.35, 8;
    %disable S_0x13f3b39b0;
    %jmp T_8.36;
T_8.35 ;
    %retload/vec4 0; Load count_leading_zeros (draw_signal_vec4)
    %addi 1, 0, 6;
    %ret/vec4 0, 0, 6;  Assign to count_leading_zeros (store_vec4_to_lval)
T_8.36 ;
T_8.34 ; for-loop step statement
    %load/vec4 v0x13f3b3640_0;
    %subi 1, 0, 32;
    %store/vec4 v0x13f3b3640_0, 0, 32;
    %jmp T_8.32;
T_8.33 ; for-loop exit label
    %end;
    .scope S_0x13f36cf30;
t_10 %join;
    %end;
S_0x13f3b39b0 .scope begin, "clz_loop" "clz_loop" 4 315, 4 315 0, S_0x13f36cf30;
 .timescale 0 0;
S_0x13f54f880 .scope module, "u_fmul" "fpu_mul" 7 60, 4 16 0, S_0x13f32e0c0;
 .timescale 0 0;
    .port_info 0 /INPUT 64 "a";
    .port_info 1 /INPUT 64 "b";
    .port_info 2 /OUTPUT 64 "result";
v0x13f5515a0_0 .net "a", 63 0, v0x13f557180_0;  alias, 1 drivers
v0x13f551630_0 .net "aInf", 0 0, L_0x13f5e9a60;  1 drivers
v0x13f5516c0_0 .net "aNan", 0 0, L_0x13f5e9930;  1 drivers
v0x13f551750_0 .net "aNormal", 0 0, L_0x13f5e9fc0;  1 drivers
v0x13f5517e0_0 .net "aSubnormal", 0 0, L_0x13f5e9cf0;  1 drivers
v0x13f551870_0 .net "aZero", 0 0, L_0x13f5e9b10;  1 drivers
v0x13f551900_0 .net "b", 63 0, v0x13f557320_0;  alias, 1 drivers
v0x13f551990_0 .net "bInf", 0 0, L_0x13f5ea710;  1 drivers
v0x13f551a20_0 .net "bNan", 0 0, L_0x13f5ea5e0;  1 drivers
v0x13f551b30_0 .net "bNormal", 0 0, L_0x13f5eac70;  1 drivers
v0x13f551bc0_0 .net "bSubnormal", 0 0, L_0x13f5ea9a0;  1 drivers
v0x13f551c50_0 .net "bZero", 0 0, L_0x13f5ea7c0;  1 drivers
v0x13f551ce0_0 .var/s "expA", 12 0;
v0x13f551d70_0 .var/s "expB", 12 0;
v0x13f551e00_0 .var/s "expResult", 12 0;
v0x13f551e90_0 .var "guard", 0 0;
v0x13f551f20_0 .var "result", 63 0;
v0x13f5520c0_0 .var "round_bit", 0 0;
v0x13f552160_0 .var "shift", 5 0;
v0x13f552210_0 .var/s "shiftAmount", 12 0;
v0x13f5522c0_0 .var "sigA", 52 0;
v0x13f552370_0 .var "sigB", 52 0;
v0x13f552420_0 .var "sigFinal", 52 0;
v0x13f5524d0_0 .var "sigResult", 105 0;
v0x13f552580_0 .var "sign", 0 0;
v0x13f552620_0 .var "sticky", 0 0;
E_0x13f110c00/0 .event anyedge, v0x13f5503a0_0, v0x13f550ed0_0, v0x13f550310_0, v0x13f551080_0;
E_0x13f110c00/1 .event anyedge, v0x13f550e40_0, v0x13f550550_0, v0x13f398370_0, v0x13f547b40_0;
E_0x13f110c00/2 .event anyedge, v0x13f550430_0, v0x13f550f60_0, v0x13f5522c0_0, v0x13f552160_0;
E_0x13f110c00/3 .event anyedge, v0x13f552370_0, v0x13f551ce0_0, v0x13f551d70_0, v0x13f5524d0_0;
E_0x13f110c00/4 .event anyedge, v0x13f551e00_0, v0x13f551e90_0, v0x13f5520c0_0, v0x13f552420_0;
E_0x13f110c00/5 .event anyedge, v0x13f552620_0, v0x13f552580_0, v0x13f552210_0;
E_0x13f110c00 .event/or E_0x13f110c00/0, E_0x13f110c00/1, E_0x13f110c00/2, E_0x13f110c00/3, E_0x13f110c00/4, E_0x13f110c00/5;
S_0x13f54fab0 .scope module, "classA" "fpu_class" 4 20, 4 4 0, S_0x13f54f880;
 .timescale 0 0;
    .port_info 0 /INPUT 64 "f";
    .port_info 1 /OUTPUT 1 "nan";
    .port_info 2 /OUTPUT 1 "infinity";
    .port_info 3 /OUTPUT 1 "zero";
    .port_info 4 /OUTPUT 1 "subnormal";
    .port_info 5 /OUTPUT 1 "normal";
L_0x13f5e9880 .functor NOT 1, L_0x13f5e97a0, C4<0>, C4<0>, C4<0>;
L_0x13f5e9930 .functor AND 1, L_0x13f5e9390, L_0x13f5e9880, C4<1>, C4<1>;
L_0x13f5e9a60 .functor AND 1, L_0x13f5e9390, L_0x13f5e97a0, C4<1>, C4<1>;
L_0x13f5e9b10 .functor AND 1, L_0x13f557220, L_0x13f5e97a0, C4<1>, C4<1>;
L_0x13f5e9c80 .functor NOT 1, L_0x13f5e97a0, C4<0>, C4<0>, C4<0>;
L_0x13f5e9cf0 .functor AND 1, L_0x13f557220, L_0x13f5e9c80, C4<1>, C4<1>;
L_0x13f5e9de0 .functor NOT 1, L_0x13f5e9390, C4<0>, C4<0>, C4<0>;
L_0x13f5e9ed0 .functor NOT 1, L_0x13f557220, C4<0>, C4<0>, C4<0>;
L_0x13f5e9fc0 .functor AND 1, L_0x13f5e9de0, L_0x13f5e9ed0, C4<1>, C4<1>;
v0x13f54fce0_0 .net *"_ivl_1", 10 0, L_0x13f5e92f0;  1 drivers
v0x13f54fd70_0 .net *"_ivl_12", 0 0, L_0x13f5e9880;  1 drivers
v0x13f54fe00_0 .net *"_ivl_20", 0 0, L_0x13f5e9c80;  1 drivers
v0x13f54fe90_0 .net *"_ivl_24", 0 0, L_0x13f5e9de0;  1 drivers
v0x13f54ff20_0 .net *"_ivl_26", 0 0, L_0x13f5e9ed0;  1 drivers
v0x13f54ffb0_0 .net *"_ivl_5", 10 0, L_0x13f5e9430;  1 drivers
v0x13f550040_0 .net *"_ivl_9", 51 0, L_0x13f5e96d0;  1 drivers
v0x13f5500d0_0 .net "expOnes", 0 0, L_0x13f5e9390;  1 drivers
v0x13f550160_0 .net "expZero", 0 0, L_0x13f557220;  1 drivers
v0x13f5501f0_0 .net "f", 63 0, v0x13f557180_0;  alias, 1 drivers
v0x13f550280_0 .net "fracZero", 0 0, L_0x13f5e97a0;  1 drivers
v0x13f550310_0 .net "infinity", 0 0, L_0x13f5e9a60;  alias, 1 drivers
v0x13f5503a0_0 .net "nan", 0 0, L_0x13f5e9930;  alias, 1 drivers
v0x13f550430_0 .net "normal", 0 0, L_0x13f5e9fc0;  alias, 1 drivers
v0x13f5504c0_0 .net "subnormal", 0 0, L_0x13f5e9cf0;  alias, 1 drivers
v0x13f550550_0 .net "zero", 0 0, L_0x13f5e9b10;  alias, 1 drivers
L_0x13f5e92f0 .part v0x13f557180_0, 52, 11;
L_0x13f5e9390 .reduce/and L_0x13f5e92f0;
L_0x13f5e9430 .part v0x13f557180_0, 52, 11;
L_0x13f557220 .reduce/nor L_0x13f5e9430;
L_0x13f5e96d0 .part v0x13f557180_0, 0, 52;
L_0x13f5e97a0 .reduce/nor L_0x13f5e96d0;
S_0x13f5505e0 .scope module, "classB" "fpu_class" 4 21, 4 4 0, S_0x13f54f880;
 .timescale 0 0;
    .port_info 0 /INPUT 64 "f";
    .port_info 1 /OUTPUT 1 "nan";
    .port_info 2 /OUTPUT 1 "infinity";
    .port_info 3 /OUTPUT 1 "zero";
    .port_info 4 /OUTPUT 1 "subnormal";
    .port_info 5 /OUTPUT 1 "normal";
L_0x13f5ea530 .functor NOT 1, L_0x13f5ea450, C4<0>, C4<0>, C4<0>;
L_0x13f5ea5e0 .functor AND 1, L_0x13f5ea160, L_0x13f5ea530, C4<1>, C4<1>;
L_0x13f5ea710 .functor AND 1, L_0x13f5ea160, L_0x13f5ea450, C4<1>, C4<1>;
L_0x13f5ea7c0 .functor AND 1, L_0x13f5ea2a0, L_0x13f5ea450, C4<1>, C4<1>;
L_0x13f5ea930 .functor NOT 1, L_0x13f5ea450, C4<0>, C4<0>, C4<0>;
L_0x13f5ea9a0 .functor AND 1, L_0x13f5ea2a0, L_0x13f5ea930, C4<1>, C4<1>;
L_0x13f5eaa90 .functor NOT 1, L_0x13f5ea160, C4<0>, C4<0>, C4<0>;
L_0x13f5eab80 .functor NOT 1, L_0x13f5ea2a0, C4<0>, C4<0>, C4<0>;
L_0x13f5eac70 .functor AND 1, L_0x13f5eaa90, L_0x13f5eab80, C4<1>, C4<1>;
v0x13f550810_0 .net *"_ivl_1", 10 0, L_0x13f5ea0c0;  1 drivers
v0x13f5508a0_0 .net *"_ivl_12", 0 0, L_0x13f5ea530;  1 drivers
v0x13f550930_0 .net *"_ivl_20", 0 0, L_0x13f5ea930;  1 drivers
v0x13f5509c0_0 .net *"_ivl_24", 0 0, L_0x13f5eaa90;  1 drivers
v0x13f550a50_0 .net *"_ivl_26", 0 0, L_0x13f5eab80;  1 drivers
v0x13f550ae0_0 .net *"_ivl_5", 10 0, L_0x13f5ea200;  1 drivers
v0x13f550b70_0 .net *"_ivl_9", 51 0, L_0x13f5ea380;  1 drivers
v0x13f550c00_0 .net "expOnes", 0 0, L_0x13f5ea160;  1 drivers
v0x13f550c90_0 .net "expZero", 0 0, L_0x13f5ea2a0;  1 drivers
v0x13f550d20_0 .net "f", 63 0, v0x13f557320_0;  alias, 1 drivers
v0x13f550db0_0 .net "fracZero", 0 0, L_0x13f5ea450;  1 drivers
v0x13f550e40_0 .net "infinity", 0 0, L_0x13f5ea710;  alias, 1 drivers
v0x13f550ed0_0 .net "nan", 0 0, L_0x13f5ea5e0;  alias, 1 drivers
v0x13f550f60_0 .net "normal", 0 0, L_0x13f5eac70;  alias, 1 drivers
v0x13f550ff0_0 .net "subnormal", 0 0, L_0x13f5ea9a0;  alias, 1 drivers
v0x13f551080_0 .net "zero", 0 0, L_0x13f5ea7c0;  alias, 1 drivers
L_0x13f5ea0c0 .part v0x13f557320_0, 52, 11;
L_0x13f5ea160 .reduce/and L_0x13f5ea0c0;
L_0x13f5ea200 .part v0x13f557320_0, 52, 11;
L_0x13f5ea2a0 .reduce/nor L_0x13f5ea200;
L_0x13f5ea380 .part v0x13f557320_0, 0, 52;
L_0x13f5ea450 .reduce/nor L_0x13f5ea380;
S_0x13f551110 .scope function.vec4.s6, "count_leading_zeros" "count_leading_zeros" 4 23, 4 23 0, S_0x13f54f880;
 .timescale 0 0;
; Variable count_leading_zeros is vec4 return value of scope S_0x13f551110
v0x13f551480_0 .var/i "i", 31 0;
v0x13f551510_0 .var "sig", 52 0;
TD_tinker_tb.dut.fpu.u_fmul.count_leading_zeros ;
    %fork t_13, S_0x13f551280;
    %jmp t_12;
    .scope S_0x13f551280;
t_13 ;
    %pushi/vec4 0, 0, 6;
    %ret/vec4 0, 0, 6;  Assign to count_leading_zeros (store_vec4_to_lval)
    %pushi/vec4 52, 0, 32;
    %store/vec4 v0x13f551480_0, 0, 32;
T_9.37 ; Top of for-loop
    %load/vec4 v0x13f551480_0;
    %cmpi/s 0, 0, 32;
    %flag_inv 5; GE is !LT
	  %jmp/0xz T_9.38, 5;
    %load/vec4 v0x13f551510_0;
    %load/vec4 v0x13f551480_0;
    %part/s 1;
    %flag_set/vec4 8;
    %jmp/0xz  T_9.40, 8;
    %disable S_0x13f551280;
    %jmp T_9.41;
T_9.40 ;
    %retload/vec4 0; Load count_leading_zeros (draw_signal_vec4)
    %addi 1, 0, 6;
    %ret/vec4 0, 0, 6;  Assign to count_leading_zeros (store_vec4_to_lval)
T_9.41 ;
T_9.39 ; for-loop step statement
    %load/vec4 v0x13f551480_0;
    %subi 1, 0, 32;
    %store/vec4 v0x13f551480_0, 0, 32;
    %jmp T_9.37;
T_9.38 ; for-loop exit label
    %end;
    .scope S_0x13f551110;
t_12 %join;
    %end;
S_0x13f551280 .scope begin, "clz_loop" "clz_loop" 4 25, 4 25 0, S_0x13f551110;
 .timescale 0 0;
S_0x13f552710 .scope module, "u_fsub" "fpu_add" 7 54, 4 124 0, S_0x13f32e0c0;
 .timescale 0 0;
    .port_info 0 /INPUT 64 "a";
    .port_info 1 /INPUT 64 "b";
    .port_info 2 /OUTPUT 64 "result";
v0x13f554bc0_0 .net "a", 63 0, v0x13f557180_0;  alias, 1 drivers
v0x13f554c70_0 .net "aInf", 0 0, L_0x13f5e7fa0;  1 drivers
v0x13f554d30_0 .net "aNan", 0 0, L_0x13f5e7e70;  1 drivers
v0x13f554e00_0 .net "aNormal", 0 0, L_0x13f5e8500;  1 drivers
v0x13f554eb0_0 .net "aSubnormal", 0 0, L_0x13f5e8230;  1 drivers
v0x13f554f80_0 .net "aZero", 0 0, L_0x13f5e8050;  1 drivers
v0x13f555030_0 .var "addendSig", 52 0;
v0x13f5550c0_0 .var "augendSig", 52 0;
v0x13f555150_0 .net "b", 63 0, L_0x13f5e77f0;  alias, 1 drivers
v0x13f555280_0 .net "bInf", 0 0, L_0x13f5e8c90;  1 drivers
v0x13f555310_0 .net "bNan", 0 0, L_0x13f5e8b60;  1 drivers
v0x13f5553a0_0 .net "bNormal", 0 0, L_0x13f5e91b0;  1 drivers
v0x13f555450_0 .net "bSubnormal", 0 0, L_0x13f5e8f20;  1 drivers
v0x13f555500_0 .net "bZero", 0 0, L_0x13f5e8d40;  1 drivers
v0x13f5555b0_0 .var "diffSig", 56 0;
v0x13f555640_0 .var/s "expA", 12 0;
v0x13f5556d0_0 .var/s "expB", 12 0;
v0x13f555860_0 .var/s "expResult", 12 0;
v0x13f5558f0_0 .var "extAddend", 55 0;
v0x13f5559a0_0 .var "extAugend", 55 0;
v0x13f555a50_0 .var "guard", 0 0;
v0x13f555af0_0 .var "result", 63 0;
v0x13f555ba0_0 .var "round_bit", 0 0;
v0x13f555c40_0 .var/s "shift", 12 0;
v0x13f555cf0_0 .var "shiftAmount", 12 0;
v0x13f555da0_0 .var "sigFinal", 52 0;
v0x13f555e50_0 .var "sign", 0 0;
v0x13f555ef0_0 .var "sticky", 0 0;
v0x13f555f90_0 .var "sumSig", 56 0;
E_0x13f5528e0/0 .event anyedge, v0x13f553540_0, v0x13f554350_0, v0x13f5534a0_0, v0x13f5542b0_0;
E_0x13f5528e0/1 .event anyedge, v0x13f398370_0, v0x13f554170_0, v0x13f553720_0, v0x13f554530_0;
E_0x13f5528e0/2 .event anyedge, v0x13f5535e0_0, v0x13f5543f0_0, v0x13f555640_0, v0x13f5556d0_0;
E_0x13f5528e0/3 .event anyedge, v0x13f5550c0_0, v0x13f555030_0, v0x13f555c40_0, v0x13f5558f0_0;
E_0x13f5528e0/4 .event anyedge, v0x13f5559a0_0, v0x13f555f90_0, v0x13f555860_0, v0x13f555ef0_0;
E_0x13f5528e0/5 .event anyedge, v0x13f555a50_0, v0x13f555ba0_0, v0x13f555da0_0, v0x13f555e50_0;
E_0x13f5528e0/6 .event anyedge, v0x13f555cf0_0, v0x13f5555b0_0;
E_0x13f5528e0 .event/or E_0x13f5528e0/0, E_0x13f5528e0/1, E_0x13f5528e0/2, E_0x13f5528e0/3, E_0x13f5528e0/4, E_0x13f5528e0/5, E_0x13f5528e0/6;
S_0x13f5529f0 .scope module, "classA" "fpu_class" 4 129, 4 4 0, S_0x13f552710;
 .timescale 0 0;
    .port_info 0 /INPUT 64 "f";
    .port_info 1 /OUTPUT 1 "nan";
    .port_info 2 /OUTPUT 1 "infinity";
    .port_info 3 /OUTPUT 1 "zero";
    .port_info 4 /OUTPUT 1 "subnormal";
    .port_info 5 /OUTPUT 1 "normal";
L_0x13f5e7dc0 .functor NOT 1, L_0x13f5e7ce0, C4<0>, C4<0>, C4<0>;
L_0x13f5e7e70 .functor AND 1, L_0x13f5e7970, L_0x13f5e7dc0, C4<1>, C4<1>;
L_0x13f5e7fa0 .functor AND 1, L_0x13f5e7970, L_0x13f5e7ce0, C4<1>, C4<1>;
L_0x13f5e8050 .functor AND 1, L_0x13f5e7b10, L_0x13f5e7ce0, C4<1>, C4<1>;
L_0x13f5e81c0 .functor NOT 1, L_0x13f5e7ce0, C4<0>, C4<0>, C4<0>;
L_0x13f5e8230 .functor AND 1, L_0x13f5e7b10, L_0x13f5e81c0, C4<1>, C4<1>;
L_0x13f5e8320 .functor NOT 1, L_0x13f5e7970, C4<0>, C4<0>, C4<0>;
L_0x13f5e8410 .functor NOT 1, L_0x13f5e7b10, C4<0>, C4<0>, C4<0>;
L_0x13f5e8500 .functor AND 1, L_0x13f5e8320, L_0x13f5e8410, C4<1>, C4<1>;
v0x13f552ca0_0 .net *"_ivl_1", 10 0, L_0x13f5e78d0;  1 drivers
v0x13f552d50_0 .net *"_ivl_12", 0 0, L_0x13f5e7dc0;  1 drivers
v0x13f552e00_0 .net *"_ivl_20", 0 0, L_0x13f5e81c0;  1 drivers
v0x13f552ec0_0 .net *"_ivl_24", 0 0, L_0x13f5e8320;  1 drivers
v0x13f552f70_0 .net *"_ivl_26", 0 0, L_0x13f5e8410;  1 drivers
v0x13f553060_0 .net *"_ivl_5", 10 0, L_0x13f5e7a50;  1 drivers
v0x13f553110_0 .net *"_ivl_9", 51 0, L_0x13f5e7c10;  1 drivers
v0x13f5531c0_0 .net "expOnes", 0 0, L_0x13f5e7970;  1 drivers
v0x13f553260_0 .net "expZero", 0 0, L_0x13f5e7b10;  1 drivers
v0x13f553370_0 .net "f", 63 0, v0x13f557180_0;  alias, 1 drivers
v0x13f553400_0 .net "fracZero", 0 0, L_0x13f5e7ce0;  1 drivers
v0x13f5534a0_0 .net "infinity", 0 0, L_0x13f5e7fa0;  alias, 1 drivers
v0x13f553540_0 .net "nan", 0 0, L_0x13f5e7e70;  alias, 1 drivers
v0x13f5535e0_0 .net "normal", 0 0, L_0x13f5e8500;  alias, 1 drivers
v0x13f553680_0 .net "subnormal", 0 0, L_0x13f5e8230;  alias, 1 drivers
v0x13f553720_0 .net "zero", 0 0, L_0x13f5e8050;  alias, 1 drivers
L_0x13f5e78d0 .part v0x13f557180_0, 52, 11;
L_0x13f5e7970 .reduce/and L_0x13f5e78d0;
L_0x13f5e7a50 .part v0x13f557180_0, 52, 11;
L_0x13f5e7b10 .reduce/nor L_0x13f5e7a50;
L_0x13f5e7c10 .part v0x13f557180_0, 0, 52;
L_0x13f5e7ce0 .reduce/nor L_0x13f5e7c10;
S_0x13f553850 .scope module, "classB" "fpu_class" 4 130, 4 4 0, S_0x13f552710;
 .timescale 0 0;
    .port_info 0 /INPUT 64 "f";
    .port_info 1 /OUTPUT 1 "nan";
    .port_info 2 /OUTPUT 1 "infinity";
    .port_info 3 /OUTPUT 1 "zero";
    .port_info 4 /OUTPUT 1 "subnormal";
    .port_info 5 /OUTPUT 1 "normal";
L_0x13f5e8ab0 .functor NOT 1, L_0x13f5e89d0, C4<0>, C4<0>, C4<0>;
L_0x13f5e8b60 .functor AND 1, L_0x13f5e8720, L_0x13f5e8ab0, C4<1>, C4<1>;
L_0x13f5e8c90 .functor AND 1, L_0x13f5e8720, L_0x13f5e89d0, C4<1>, C4<1>;
L_0x13f5e8d40 .functor AND 1, L_0x13f5e8860, L_0x13f5e89d0, C4<1>, C4<1>;
L_0x13f5e8eb0 .functor NOT 1, L_0x13f5e89d0, C4<0>, C4<0>, C4<0>;
L_0x13f5e8f20 .functor AND 1, L_0x13f5e8860, L_0x13f5e8eb0, C4<1>, C4<1>;
L_0x13f5e8fd0 .functor NOT 1, L_0x13f5e8720, C4<0>, C4<0>, C4<0>;
L_0x13f5e90c0 .functor NOT 1, L_0x13f5e8860, C4<0>, C4<0>, C4<0>;
L_0x13f5e91b0 .functor AND 1, L_0x13f5e8fd0, L_0x13f5e90c0, C4<1>, C4<1>;
v0x13f553ad0_0 .net *"_ivl_1", 10 0, L_0x13f5e8600;  1 drivers
v0x13f553b60_0 .net *"_ivl_12", 0 0, L_0x13f5e8ab0;  1 drivers
v0x13f553c00_0 .net *"_ivl_20", 0 0, L_0x13f5e8eb0;  1 drivers
v0x13f553cc0_0 .net *"_ivl_24", 0 0, L_0x13f5e8fd0;  1 drivers
v0x13f553d70_0 .net *"_ivl_26", 0 0, L_0x13f5e90c0;  1 drivers
v0x13f553e60_0 .net *"_ivl_5", 10 0, L_0x13f5e87c0;  1 drivers
v0x13f553f10_0 .net *"_ivl_9", 51 0, L_0x13f5e8900;  1 drivers
v0x13f553fc0_0 .net "expOnes", 0 0, L_0x13f5e8720;  1 drivers
v0x13f554060_0 .net "expZero", 0 0, L_0x13f5e8860;  1 drivers
v0x13f554170_0 .net "f", 63 0, L_0x13f5e77f0;  alias, 1 drivers
v0x13f554210_0 .net "fracZero", 0 0, L_0x13f5e89d0;  1 drivers
v0x13f5542b0_0 .net "infinity", 0 0, L_0x13f5e8c90;  alias, 1 drivers
v0x13f554350_0 .net "nan", 0 0, L_0x13f5e8b60;  alias, 1 drivers
v0x13f5543f0_0 .net "normal", 0 0, L_0x13f5e91b0;  alias, 1 drivers
v0x13f554490_0 .net "subnormal", 0 0, L_0x13f5e8f20;  alias, 1 drivers
v0x13f554530_0 .net "zero", 0 0, L_0x13f5e8d40;  alias, 1 drivers
L_0x13f5e8600 .part L_0x13f5e77f0, 52, 11;
L_0x13f5e8720 .reduce/and L_0x13f5e8600;
L_0x13f5e87c0 .part L_0x13f5e77f0, 52, 11;
L_0x13f5e8860 .reduce/nor L_0x13f5e87c0;
L_0x13f5e8900 .part L_0x13f5e77f0, 0, 52;
L_0x13f5e89d0 .reduce/nor L_0x13f5e8900;
S_0x13f554660 .scope function.vec4.s6, "count_leading_zeros" "count_leading_zeros" 4 132, 4 132 0, S_0x13f552710;
 .timescale 0 0;
; Variable count_leading_zeros is vec4 return value of scope S_0x13f554660
v0x13f554a70_0 .var/i "i", 31 0;
v0x13f554b00_0 .var "sig", 55 0;
TD_tinker_tb.dut.fpu.u_fsub.count_leading_zeros ;
    %fork t_15, S_0x13f554820;
    %jmp t_14;
    .scope S_0x13f554820;
t_15 ;
    %pushi/vec4 0, 0, 6;
    %ret/vec4 0, 0, 6;  Assign to count_leading_zeros (store_vec4_to_lval)
    %pushi/vec4 55, 0, 32;
    %store/vec4 v0x13f554a70_0, 0, 32;
T_10.42 ; Top of for-loop
    %load/vec4 v0x13f554a70_0;
    %cmpi/s 0, 0, 32;
    %flag_inv 5; GE is !LT
	  %jmp/0xz T_10.43, 5;
    %load/vec4 v0x13f554b00_0;
    %load/vec4 v0x13f554a70_0;
    %part/s 1;
    %flag_set/vec4 8;
    %jmp/0xz  T_10.45, 8;
    %disable S_0x13f554820;
    %jmp T_10.46;
T_10.45 ;
    %retload/vec4 0; Load count_leading_zeros (draw_signal_vec4)
    %addi 1, 0, 6;
    %ret/vec4 0, 0, 6;  Assign to count_leading_zeros (store_vec4_to_lval)
T_10.46 ;
T_10.44 ; for-loop step statement
    %load/vec4 v0x13f554a70_0;
    %subi 1, 0, 32;
    %store/vec4 v0x13f554a70_0, 0, 32;
    %jmp T_10.42;
T_10.43 ; for-loop exit label
    %end;
    .scope S_0x13f554660;
t_14 %join;
    %end;
S_0x13f554820 .scope begin, "clz_loop" "clz_loop" 4 134, 4 134 0, S_0x13f554660;
 .timescale 0 0;
S_0x13f557ca0 .scope module, "u_alu0" "alu_pipe" 6 450, 8 14 0, S_0x13f3b7400;
 .timescale 0 0;
    .port_info 0 /INPUT 1 "clk";
    .port_info 1 /INPUT 1 "reset";
    .port_info 2 /INPUT 1 "flush";
    .port_info 3 /INPUT 1 "stall";
    .port_info 4 /INPUT 1 "valid_in";
    .port_info 5 /INPUT 5 "opcode_in";
    .port_info 6 /INPUT 64 "src1_in";
    .port_info 7 /INPUT 64 "src2_in";
    .port_info 8 /INPUT 7 "dest_tag_in";
    .port_info 9 /INPUT 5 "rob_idx_in";
    .port_info 10 /INPUT 64 "imm_in";
    .port_info 11 /INPUT 64 "pc_in";
    .port_info 12 /INPUT 1 "br_pred_taken_in";
    .port_info 13 /OUTPUT 1 "pipe_ready";
    .port_info 14 /OUTPUT 1 "valid_out";
    .port_info 15 /OUTPUT 5 "opcode_out";
    .port_info 16 /OUTPUT 7 "dest_tag_out";
    .port_info 17 /OUTPUT 5 "rob_idx_out";
    .port_info 18 /OUTPUT 64 "result_out";
    .port_info 19 /OUTPUT 1 "is_branch_out";
    .port_info 20 /OUTPUT 1 "branch_taken_out";
    .port_info 21 /OUTPUT 64 "branch_target_out";
    .port_info 22 /OUTPUT 1 "mispredict_out";
L_0x13f5e4150 .functor AND 1, L_0x13f5f7e90, v0x13f55a1a0_0, C4<1>, C4<1>;
L_0x13f5e4340 .functor OR 1, L_0x13f5e42a0, L_0x13f5e41c0, C4<0>, C4<0>;
L_0x13f5e4490 .functor BUFZ 1, v0x13f55a1a0_0, C4<0>, C4<0>, C4<0>;
L_0x13f5e4670 .functor BUFZ 7, v0x13f559d90_0, C4<0000000>, C4<0000000>, C4<0000000>;
L_0x13f5e4800 .functor BUFZ 1, v0x13f559e40_0, C4<0>, C4<0>, C4<0>;
L_0x13f5e48b0 .functor BUFZ 1, v0x13f559c40_0, C4<0>, C4<0>, C4<0>;
L_0x13f5e49b0 .functor BUFZ 64, v0x13f559ce0_0, C4<0000000000000000000000000000000000000000000000000000000000000000>, C4<0000000000000000000000000000000000000000000000000000000000000000>, C4<0000000000000000000000000000000000000000000000000000000000000000>;
L_0x13f5e4a20 .functor AND 1, v0x13f55a1a0_0, v0x13f559e40_0, C4<1>, C4<1>;
L_0x13f5e4b30 .functor XOR 1, v0x13f559c40_0, v0x13f559ba0_0, C4<0>, C4<0>;
L_0x13f5e4bc0 .functor AND 1, L_0x13f5e4a20, L_0x13f5e4b30, C4<1>, C4<1>;
v0x13f558200_0 .net *"_ivl_25", 0 0, L_0x13f5e4a20;  1 drivers
v0x13f5582a0_0 .net *"_ivl_26", 0 0, L_0x13f5e4b30;  1 drivers
v0x13f558340_0 .net *"_ivl_5", 0 0, L_0x13f5e42a0;  1 drivers
v0x13f5583f0_0 .net "advance", 0 0, L_0x13f5e41c0;  1 drivers
v0x13f558490_0 .net "br_pred_taken_in", 0 0, v0x13f5abb60_0;  alias, 1 drivers
v0x13f558570_0 .net "branch_taken_out", 0 0, L_0x13f5e48b0;  alias, 1 drivers
v0x13f558610_0 .net "branch_target_out", 63 0, L_0x13f5e49b0;  alias, 1 drivers
v0x13f5586c0_0 .net "clk", 0 0, v0x13f5c4760_0;  alias, 1 drivers
v0x13f558750_0 .net "dest_tag_in", 6 0, v0x13f5abcc0_0;  alias, 1 drivers
v0x13f558870_0 .net "dest_tag_out", 6 0, L_0x13f5e4670;  alias, 1 drivers
v0x13f558920_0 .net "flush", 0 0, L_0x13f5f92f0;  alias, 1 drivers
v0x13f5589d0_0 .net "imm_in", 63 0, v0x13f5aa480_0;  alias, 1 drivers
v0x13f558a60_0 .net "is_branch_out", 0 0, L_0x13f5e4800;  alias, 1 drivers
v0x13f558af0_0 .net "mispredict_out", 0 0, L_0x13f5e4bc0;  alias, 1 drivers
v0x13f558b80_0 .net "opcode_in", 4 0, v0x13f5abeb0_0;  alias, 1 drivers
v0x13f558c20_0 .net "opcode_out", 4 0, v0x13f559ee0_0;  alias, 1 drivers
v0x13f558cd0_0 .net "pc_in", 63 0, v0x13f5ac010_0;  alias, 1 drivers
v0x13f558e80_0 .net "pipe_ready", 0 0, L_0x13f5e4340;  alias, 1 drivers
v0x13f558f20_0 .net "pipe_stalled", 0 0, L_0x13f5e4150;  1 drivers
v0x13f558fc0_0 .net "reset", 0 0, v0x13f5c4ba0_0;  alias, 1 drivers
v0x13f559070_0 .net "result_out", 63 0, v0x13f55a040_0;  alias, 1 drivers
v0x13f559100_0 .net "rob_idx_in", 4 0, v0x13f5ac170_0;  alias, 1 drivers
v0x13f559190_0 .net "rob_idx_out", 4 0, v0x13f55a0f0_0;  alias, 1 drivers
v0x13f559220_0 .var "s1_br_pred", 0 0;
v0x13f5592b0_0 .var "s1_branch_taken_c", 0 0;
v0x13f559340_0 .var "s1_branch_target_c", 63 0;
v0x13f5593e0_0 .var "s1_dest_tag", 6 0;
v0x13f559490_0 .var "s1_imm", 63 0;
v0x13f559540_0 .var "s1_is_branch_c", 0 0;
v0x13f5595e0_0 .var "s1_opcode", 4 0;
v0x13f559690_0 .var "s1_pc", 63 0;
v0x13f559740_0 .var "s1_result_c", 63 0;
v0x13f5597f0_0 .var "s1_rob_idx", 4 0;
v0x13f558d80_0 .var "s1_src1", 63 0;
v0x13f559a80_0 .var "s1_src2", 63 0;
v0x13f559b10_0 .var "s1_valid", 0 0;
v0x13f559ba0_0 .var "s2_br_pred", 0 0;
v0x13f559c40_0 .var "s2_branch_taken", 0 0;
v0x13f559ce0_0 .var "s2_branch_target", 63 0;
v0x13f559d90_0 .var "s2_dest_tag", 6 0;
v0x13f559e40_0 .var "s2_is_branch", 0 0;
v0x13f559ee0_0 .var "s2_opcode", 4 0;
v0x13f559f90_0 .var "s2_pc", 63 0;
v0x13f55a040_0 .var "s2_result", 63 0;
v0x13f55a0f0_0 .var "s2_rob_idx", 4 0;
v0x13f55a1a0_0 .var "s2_valid", 0 0;
v0x13f55a240_0 .net "src1_in", 63 0, v0x13f5ac2d0_0;  alias, 1 drivers
v0x13f55a2f0_0 .net "src2_in", 63 0, v0x13f5ac430_0;  alias, 1 drivers
v0x13f55a3a0_0 .net "stall", 0 0, L_0x13f5f7e90;  alias, 1 drivers
v0x13f55a440_0 .net "valid_in", 0 0, L_0x13f5e4d80;  1 drivers
v0x13f55a4e0_0 .net "valid_out", 0 0, L_0x13f5e4490;  alias, 1 drivers
E_0x13f531ac0/0 .event anyedge, v0x13f559690_0, v0x13f5595e0_0, v0x13f558d80_0, v0x13f559a80_0;
E_0x13f531ac0/1 .event anyedge, v0x13f559490_0, v0x13f559540_0, v0x13f5592b0_0, v0x13f559340_0;
E_0x13f531ac0 .event/or E_0x13f531ac0/0, E_0x13f531ac0/1;
L_0x13f5e41c0 .reduce/nor L_0x13f5e4150;
L_0x13f5e42a0 .reduce/nor v0x13f559b10_0;
S_0x13f55a7b0 .scope module, "u_alu1" "alu_pipe" 6 465, 8 14 0, S_0x13f3b7400;
 .timescale 0 0;
    .port_info 0 /INPUT 1 "clk";
    .port_info 1 /INPUT 1 "reset";
    .port_info 2 /INPUT 1 "flush";
    .port_info 3 /INPUT 1 "stall";
    .port_info 4 /INPUT 1 "valid_in";
    .port_info 5 /INPUT 5 "opcode_in";
    .port_info 6 /INPUT 64 "src1_in";
    .port_info 7 /INPUT 64 "src2_in";
    .port_info 8 /INPUT 7 "dest_tag_in";
    .port_info 9 /INPUT 5 "rob_idx_in";
    .port_info 10 /INPUT 64 "imm_in";
    .port_info 11 /INPUT 64 "pc_in";
    .port_info 12 /INPUT 1 "br_pred_taken_in";
    .port_info 13 /OUTPUT 1 "pipe_ready";
    .port_info 14 /OUTPUT 1 "valid_out";
    .port_info 15 /OUTPUT 5 "opcode_out";
    .port_info 16 /OUTPUT 7 "dest_tag_out";
    .port_info 17 /OUTPUT 5 "rob_idx_out";
    .port_info 18 /OUTPUT 64 "result_out";
    .port_info 19 /OUTPUT 1 "is_branch_out";
    .port_info 20 /OUTPUT 1 "branch_taken_out";
    .port_info 21 /OUTPUT 64 "branch_target_out";
    .port_info 22 /OUTPUT 1 "mispredict_out";
L_0x13f5e4ea0 .functor AND 1, L_0x13f5f7ca0, v0x13f55ccf0_0, C4<1>, C4<1>;
L_0x13f5e5050 .functor OR 1, L_0x13f5e4fb0, L_0x13f5e4f10, C4<0>, C4<0>;
L_0x13f5e51a0 .functor BUFZ 1, v0x13f55ccf0_0, C4<0>, C4<0>, C4<0>;
L_0x13f5e5380 .functor BUFZ 7, v0x13f55c8e0_0, C4<0000000>, C4<0000000>, C4<0000000>;
L_0x13f5e5510 .functor BUFZ 1, v0x13f55c990_0, C4<0>, C4<0>, C4<0>;
L_0x13f5e55c0 .functor BUFZ 1, v0x13f55c790_0, C4<0>, C4<0>, C4<0>;
L_0x13f5e56c0 .functor BUFZ 64, v0x13f55c830_0, C4<0000000000000000000000000000000000000000000000000000000000000000>, C4<0000000000000000000000000000000000000000000000000000000000000000>, C4<0000000000000000000000000000000000000000000000000000000000000000>;
L_0x13f5e5730 .functor AND 1, v0x13f55ccf0_0, v0x13f55c990_0, C4<1>, C4<1>;
L_0x13f5e5840 .functor XOR 1, v0x13f55c790_0, v0x13f55c6f0_0, C4<0>, C4<0>;
L_0x13f5e58d0 .functor AND 1, L_0x13f5e5730, L_0x13f5e5840, C4<1>, C4<1>;
v0x13f55acf0_0 .net *"_ivl_25", 0 0, L_0x13f5e5730;  1 drivers
v0x13f55ada0_0 .net *"_ivl_26", 0 0, L_0x13f5e5840;  1 drivers
v0x13f55ae40_0 .net *"_ivl_5", 0 0, L_0x13f5e4fb0;  1 drivers
v0x13f55aef0_0 .net "advance", 0 0, L_0x13f5e4f10;  1 drivers
v0x13f55af90_0 .net "br_pred_taken_in", 0 0, v0x13f5abc10_0;  alias, 1 drivers
v0x13f55b070_0 .net "branch_taken_out", 0 0, L_0x13f5e55c0;  alias, 1 drivers
v0x13f55b110_0 .net "branch_target_out", 63 0, L_0x13f5e56c0;  alias, 1 drivers
v0x13f55b1c0_0 .net "clk", 0 0, v0x13f5c4760_0;  alias, 1 drivers
v0x13f55b290_0 .net "dest_tag_in", 6 0, v0x13f5abd70_0;  alias, 1 drivers
v0x13f55b3a0_0 .net "dest_tag_out", 6 0, L_0x13f5e5380;  alias, 1 drivers
v0x13f55b430_0 .net "flush", 0 0, L_0x13f5f92f0;  alias, 1 drivers
v0x13f55b4c0_0 .net "imm_in", 63 0, v0x13f5abe00_0;  alias, 1 drivers
v0x13f55b570_0 .net "is_branch_out", 0 0, L_0x13f5e5510;  alias, 1 drivers
v0x13f55b610_0 .net "mispredict_out", 0 0, L_0x13f5e58d0;  alias, 1 drivers
v0x13f55b6b0_0 .net "opcode_in", 4 0, v0x13f5abf60_0;  alias, 1 drivers
v0x13f55b760_0 .net "opcode_out", 4 0, v0x13f55ca30_0;  alias, 1 drivers
v0x13f55b810_0 .net "pc_in", 63 0, v0x13f5ac0c0_0;  alias, 1 drivers
v0x13f55b9a0_0 .net "pipe_ready", 0 0, L_0x13f5e5050;  alias, 1 drivers
v0x13f55ba40_0 .net "pipe_stalled", 0 0, L_0x13f5e4ea0;  1 drivers
v0x13f55bae0_0 .net "reset", 0 0, v0x13f5c4ba0_0;  alias, 1 drivers
v0x13f55bbb0_0 .net "result_out", 63 0, v0x13f55cb90_0;  alias, 1 drivers
v0x13f55bc40_0 .net "rob_idx_in", 4 0, v0x13f5ac220_0;  alias, 1 drivers
v0x13f55bcd0_0 .net "rob_idx_out", 4 0, v0x13f55cc40_0;  alias, 1 drivers
v0x13f55bd60_0 .var "s1_br_pred", 0 0;
v0x13f55bdf0_0 .var "s1_branch_taken_c", 0 0;
v0x13f55be80_0 .var "s1_branch_target_c", 63 0;
v0x13f55bf30_0 .var "s1_dest_tag", 6 0;
v0x13f55bfe0_0 .var "s1_imm", 63 0;
v0x13f55c090_0 .var "s1_is_branch_c", 0 0;
v0x13f55c130_0 .var "s1_opcode", 4 0;
v0x13f55c1e0_0 .var "s1_pc", 63 0;
v0x13f55c290_0 .var "s1_result_c", 63 0;
v0x13f55c340_0 .var "s1_rob_idx", 4 0;
v0x13f55b8c0_0 .var "s1_src1", 63 0;
v0x13f55c5d0_0 .var "s1_src2", 63 0;
v0x13f55c660_0 .var "s1_valid", 0 0;
v0x13f55c6f0_0 .var "s2_br_pred", 0 0;
v0x13f55c790_0 .var "s2_branch_taken", 0 0;
v0x13f55c830_0 .var "s2_branch_target", 63 0;
v0x13f55c8e0_0 .var "s2_dest_tag", 6 0;
v0x13f55c990_0 .var "s2_is_branch", 0 0;
v0x13f55ca30_0 .var "s2_opcode", 4 0;
v0x13f55cae0_0 .var "s2_pc", 63 0;
v0x13f55cb90_0 .var "s2_result", 63 0;
v0x13f55cc40_0 .var "s2_rob_idx", 4 0;
v0x13f55ccf0_0 .var "s2_valid", 0 0;
v0x13f55cd90_0 .net "src1_in", 63 0, v0x13f5ac380_0;  alias, 1 drivers
v0x13f55ce40_0 .net "src2_in", 63 0, v0x13f5ac4e0_0;  alias, 1 drivers
v0x13f55cef0_0 .net "stall", 0 0, L_0x13f5f7ca0;  alias, 1 drivers
v0x13f55cf90_0 .net "valid_in", 0 0, L_0x13f5e5a70;  1 drivers
v0x13f55d030_0 .net "valid_out", 0 0, L_0x13f5e51a0;  alias, 1 drivers
E_0x13f55ac70/0 .event anyedge, v0x13f55c1e0_0, v0x13f55c130_0, v0x13f55b8c0_0, v0x13f55c5d0_0;
E_0x13f55ac70/1 .event anyedge, v0x13f55bfe0_0, v0x13f55c090_0, v0x13f55bdf0_0, v0x13f55be80_0;
E_0x13f55ac70 .event/or E_0x13f55ac70/0, E_0x13f55ac70/1;
L_0x13f5e4f10 .reduce/nor L_0x13f5e4ea0;
L_0x13f5e4fb0 .reduce/nor v0x13f55c660_0;
S_0x13f55d300 .scope module, "u_arch_rf" "reg_file" 6 60, 9 60 0, S_0x13f3b7400;
 .timescale 0 0;
    .port_info 0 /INPUT 1 "clk";
    .port_info 1 /INPUT 1 "reset";
    .port_info 2 /INPUT 1 "write_enable";
    .port_info 3 /INPUT 64 "write_data";
    .port_info 4 /INPUT 5 "write_select";
    .port_info 5 /INPUT 1 "write_enable2";
    .port_info 6 /INPUT 64 "write_data2";
    .port_info 7 /INPUT 5 "write_select2";
    .port_info 8 /INPUT 5 "read_sel1";
    .port_info 9 /INPUT 5 "read_sel2";
    .port_info 10 /INPUT 5 "read_sel3";
    .port_info 11 /INPUT 5 "read_sel4";
    .port_info 12 /OUTPUT 64 "read_data1";
    .port_info 13 /OUTPUT 64 "read_data2";
    .port_info 14 /OUTPUT 64 "read_data3";
    .port_info 15 /OUTPUT 64 "read_data4";
    .port_info 16 /OUTPUT 64 "read_r31";
L_0x13f5dc270 .functor BUFZ 64, L_0x13f5dbe00, C4<0000000000000000000000000000000000000000000000000000000000000000>, C4<0000000000000000000000000000000000000000000000000000000000000000>, C4<0000000000000000000000000000000000000000000000000000000000000000>;
L_0x13f5dc3c0 .functor BUFZ 64, L_0x13f5dc320, C4<0000000000000000000000000000000000000000000000000000000000000000>, C4<0000000000000000000000000000000000000000000000000000000000000000>, C4<0000000000000000000000000000000000000000000000000000000000000000>;
L_0x13f5dc510 .functor BUFZ 64, L_0x13f5dc470, C4<0000000000000000000000000000000000000000000000000000000000000000>, C4<0000000000000000000000000000000000000000000000000000000000000000>, C4<0000000000000000000000000000000000000000000000000000000000000000>;
L_0x13f5dc660 .functor BUFZ 64, L_0x13f5dc5c0, C4<0000000000000000000000000000000000000000000000000000000000000000>, C4<0000000000000000000000000000000000000000000000000000000000000000>, C4<0000000000000000000000000000000000000000000000000000000000000000>;
v0x13f55e500_31 .array/port v0x13f55e500, 31;
L_0x13f5dc710 .functor BUFZ 64, v0x13f55e500_31, C4<0000000000000000000000000000000000000000000000000000000000000000>, C4<0000000000000000000000000000000000000000000000000000000000000000>, C4<0000000000000000000000000000000000000000000000000000000000000000>;
v0x13f55d770_0 .net *"_ivl_0", 63 0, L_0x13f5dbe00;  1 drivers
L_0x130043c40 .functor BUFT 1, C4<0000000>, C4<0>, C4<0>, C4<0>;
v0x13f55d810_0 .net *"_ivl_10", 6 0, L_0x130043c40;  1 drivers
v0x13f557e70_0 .net *"_ivl_16", 63 0, L_0x13f5dc470;  1 drivers
L_0x130043c88 .functor BUFT 1, C4<0000000>, C4<0>, C4<0>, C4<0>;
v0x13f55d8c0_0 .net *"_ivl_18", 6 0, L_0x130043c88;  1 drivers
L_0x130043bf8 .functor BUFT 1, C4<0000000>, C4<0>, C4<0>, C4<0>;
v0x13f55d970_0 .net *"_ivl_2", 6 0, L_0x130043bf8;  1 drivers
v0x13f55da60_0 .net *"_ivl_24", 63 0, L_0x13f5dc5c0;  1 drivers
L_0x130043cd0 .functor BUFT 1, C4<0000000>, C4<0>, C4<0>, C4<0>;
v0x13f55db10_0 .net *"_ivl_26", 6 0, L_0x130043cd0;  1 drivers
v0x13f55dbc0_0 .net *"_ivl_8", 63 0, L_0x13f5dc320;  1 drivers
v0x13f55dc70_0 .net "clk", 0 0, v0x13f5c4760_0;  alias, 1 drivers
v0x13f55dd80_0 .var/i "i", 31 0;
v0x13f55de10_0 .net "read_data1", 63 0, L_0x13f5dc270;  1 drivers
v0x13f55dec0_0 .net "read_data2", 63 0, L_0x13f5dc3c0;  1 drivers
v0x13f55df70_0 .net "read_data3", 63 0, L_0x13f5dc510;  1 drivers
v0x13f55e020_0 .net "read_data4", 63 0, L_0x13f5dc660;  1 drivers
v0x13f55e0d0_0 .net "read_r31", 63 0, L_0x13f5dc710;  1 drivers
L_0x130042770 .functor BUFT 1, C4<00000>, C4<0>, C4<0>, C4<0>;
v0x13f55e180_0 .net "read_sel1", 4 0, L_0x130042770;  1 drivers
L_0x1300427b8 .functor BUFT 1, C4<00000>, C4<0>, C4<0>, C4<0>;
v0x13f55e230_0 .net "read_sel2", 4 0, L_0x1300427b8;  1 drivers
L_0x130042800 .functor BUFT 1, C4<00000>, C4<0>, C4<0>, C4<0>;
v0x13f55e3c0_0 .net "read_sel3", 4 0, L_0x130042800;  1 drivers
L_0x130042848 .functor BUFT 1, C4<00000>, C4<0>, C4<0>, C4<0>;
v0x13f55e450_0 .net "read_sel4", 4 0, L_0x130042848;  1 drivers
v0x13f55e500 .array "registers", 31 0, 63 0;
v0x13f55e8a0_0 .net "reset", 0 0, v0x13f5c4ba0_0;  alias, 1 drivers
v0x13f55e930_0 .net "write_data", 63 0, L_0x13f5fc070;  alias, 1 drivers
v0x13f55e9e0_0 .net "write_data2", 63 0, L_0x13f5fc2e0;  alias, 1 drivers
v0x13f55ea90_0 .net "write_enable", 0 0, L_0x13f5fbda0;  alias, 1 drivers
v0x13f55eb30_0 .net "write_enable2", 0 0, L_0x13f5fc4b0;  alias, 1 drivers
v0x13f55ebd0_0 .net "write_select", 4 0, L_0x13f5fbfc0;  alias, 1 drivers
v0x13f55ec80_0 .net "write_select2", 4 0, L_0x13f5fc5a0;  alias, 1 drivers
L_0x13f5dbe00 .array/port v0x13f55e500, L_0x130043bf8;
L_0x13f5dc320 .array/port v0x13f55e500, L_0x130043c40;
L_0x13f5dc470 .array/port v0x13f55e500, L_0x130043c88;
L_0x13f5dc5c0 .array/port v0x13f55e500, L_0x130043cd0;
S_0x13f55eed0 .scope module, "u_cdb" "cdb" 6 590, 10 15 0, S_0x13f3b7400;
 .timescale 0 0;
    .port_info 0 /INPUT 1 "clk";
    .port_info 1 /INPUT 1 "reset";
    .port_info 2 /INPUT 1 "src_alu0_valid";
    .port_info 3 /INPUT 7 "src_alu0_tag";
    .port_info 4 /INPUT 64 "src_alu0_value";
    .port_info 5 /INPUT 5 "src_alu0_rob_idx";
    .port_info 6 /INPUT 1 "src_alu1_valid";
    .port_info 7 /INPUT 7 "src_alu1_tag";
    .port_info 8 /INPUT 64 "src_alu1_value";
    .port_info 9 /INPUT 5 "src_alu1_rob_idx";
    .port_info 10 /INPUT 1 "src_fpu0_valid";
    .port_info 11 /INPUT 7 "src_fpu0_tag";
    .port_info 12 /INPUT 64 "src_fpu0_value";
    .port_info 13 /INPUT 5 "src_fpu0_rob_idx";
    .port_info 14 /INPUT 1 "src_fpu1_valid";
    .port_info 15 /INPUT 7 "src_fpu1_tag";
    .port_info 16 /INPUT 64 "src_fpu1_value";
    .port_info 17 /INPUT 5 "src_fpu1_rob_idx";
    .port_info 18 /INPUT 1 "src_lsq0_valid";
    .port_info 19 /INPUT 7 "src_lsq0_tag";
    .port_info 20 /INPUT 64 "src_lsq0_value";
    .port_info 21 /INPUT 5 "src_lsq0_rob_idx";
    .port_info 22 /INPUT 1 "src_lsq1_valid";
    .port_info 23 /INPUT 7 "src_lsq1_tag";
    .port_info 24 /INPUT 64 "src_lsq1_value";
    .port_info 25 /INPUT 5 "src_lsq1_rob_idx";
    .port_info 26 /OUTPUT 1 "cdb_valid0";
    .port_info 27 /OUTPUT 7 "cdb_tag0";
    .port_info 28 /OUTPUT 64 "cdb_value0";
    .port_info 29 /OUTPUT 5 "cdb_rob_idx0";
    .port_info 30 /OUTPUT 1 "cdb_valid1";
    .port_info 31 /OUTPUT 7 "cdb_tag1";
    .port_info 32 /OUTPUT 64 "cdb_value1";
    .port_info 33 /OUTPUT 5 "cdb_rob_idx1";
    .port_info 34 /OUTPUT 1 "stall_alu0";
    .port_info 35 /OUTPUT 1 "stall_alu1";
    .port_info 36 /OUTPUT 1 "stall_fpu0";
    .port_info 37 /OUTPUT 1 "stall_fpu1";
    .port_info 38 /OUTPUT 1 "stall_lsq0";
    .port_info 39 /OUTPUT 1 "stall_lsq1";
    .port_info 40 /OUTPUT 3 "win0_src_id";
    .port_info 41 /OUTPUT 1 "win0_valid";
    .port_info 42 /OUTPUT 3 "win1_src_id";
    .port_info 43 /OUTPUT 1 "win1_valid";
P_0x13f55d4c0 .param/l "NSRC" 1 10 82, +C4<00000000000000000000000000000110>;
L_0x13f5f5c20 .functor AND 1, v0x13f561ff0_0, L_0x13f5f5640, C4<1>, C4<1>;
L_0x13f5f5dd0 .functor AND 1, v0x13f562090_0, L_0x13f5f5cd0, C4<1>, C4<1>;
L_0x13f5f5ec0 .functor OR 1, L_0x13f5f5c20, L_0x13f5f5dd0, C4<0>, C4<0>;
L_0x13f5f6110 .functor AND 1, v0x13f561ff0_0, L_0x13f5f5fd0, C4<1>, C4<1>;
L_0x13f5f6340 .functor AND 1, v0x13f562090_0, L_0x13f5f6220, C4<1>, C4<1>;
L_0x13f5f6430 .functor OR 1, L_0x13f5f6110, L_0x13f5f6340, C4<0>, C4<0>;
L_0x13f5f6650 .functor AND 1, v0x13f561ff0_0, L_0x13f5f6540, C4<1>, C4<1>;
L_0x13f5f67e0 .functor AND 1, v0x13f562090_0, L_0x13f5f6700, C4<1>, C4<1>;
L_0x13f5f6890 .functor OR 1, L_0x13f5f6650, L_0x13f5f67e0, C4<0>, C4<0>;
L_0x13f5f6b10 .functor AND 1, v0x13f561ff0_0, L_0x13f5f69f0, C4<1>, C4<1>;
L_0x13f5f6d40 .functor AND 1, v0x13f562090_0, L_0x13f5f6c20, C4<1>, C4<1>;
L_0x13f5f6eb0 .functor OR 1, L_0x13f5f6b10, L_0x13f5f6d40, C4<0>, C4<0>;
L_0x13f5f70b0 .functor AND 1, v0x13f561ff0_0, L_0x13f5f6f80, C4<1>, C4<1>;
L_0x13f5f7250 .functor AND 1, v0x13f562090_0, L_0x13f5f71b0, C4<1>, C4<1>;
L_0x13f5f7320 .functor OR 1, L_0x13f5f70b0, L_0x13f5f7250, C4<0>, C4<0>;
L_0x13f5f7590 .functor AND 1, v0x13f561ff0_0, L_0x13f5f7490, C4<1>, C4<1>;
L_0x13f5f76e0 .functor AND 1, v0x13f562090_0, L_0x13f5f7600, C4<1>, C4<1>;
L_0x13f5f7840 .functor OR 1, L_0x13f5f7590, L_0x13f5f76e0, C4<0>, C4<0>;
L_0x13f5f78d0 .functor BUFZ 1, v0x13f561ff0_0, C4<0>, C4<0>, C4<0>;
L_0x13f5f7b00 .functor BUFZ 5, v0x13f562130_0, C4<00000>, C4<00000>, C4<00000>;
L_0x13f5f7940 .functor BUFZ 1, v0x13f562090_0, C4<0>, C4<0>, C4<0>;
L_0x13f5f7d70 .functor BUFZ 5, v0x13f5621e0_0, C4<00000>, C4<00000>, C4<00000>;
L_0x13f5f7e90 .functor AND 1, L_0x13f5e3eb0, L_0x13f5f7b70, C4<1>, C4<1>;
L_0x13f5f7ca0 .functor AND 1, L_0x13f5e4060, L_0x13f5f8060, C4<1>, C4<1>;
L_0x13f5f7e20 .functor AND 1, L_0x13f5eca40, L_0x13f5f8180, C4<1>, C4<1>;
L_0x13f5f7f80 .functor AND 1, L_0x13f5f3cd0, L_0x13f5f8490, C4<1>, C4<1>;
L_0x13f5f7ff0 .functor AND 1, v0x13f585eb0_0, L_0x13f5f8630, C4<1>, C4<1>;
L_0x13f5f83a0 .functor AND 1, v0x13f588890_0, L_0x13f5f8860, C4<1>, C4<1>;
L_0x13f5f8900 .functor BUFZ 3, v0x13f563a80_0, C4<000>, C4<000>, C4<000>;
L_0x13f5f8760 .functor BUFZ 1, v0x13f561ff0_0, C4<0>, C4<0>, C4<0>;
L_0x13f5f8b80 .functor BUFZ 3, v0x13f563c80_0, C4<000>, C4<000>, C4<000>;
L_0x13f5f6ba0 .functor BUFZ 1, v0x13f562090_0, C4<0>, C4<0>, C4<0>;
L_0x1300433d0 .functor BUFT 1, C4<000>, C4<0>, C4<0>, C4<0>;
v0x13f55f6d0_0 .net/2u *"_ivl_0", 2 0, L_0x1300433d0;  1 drivers
v0x13f55f790_0 .net *"_ivl_101", 0 0, L_0x13f5f7b70;  1 drivers
v0x13f55f830_0 .net *"_ivl_105", 0 0, L_0x13f5f8060;  1 drivers
v0x13f55f8e0_0 .net *"_ivl_109", 0 0, L_0x13f5f8180;  1 drivers
v0x13f55f980_0 .net *"_ivl_11", 0 0, L_0x13f5f5dd0;  1 drivers
v0x13f55fa60_0 .net *"_ivl_113", 0 0, L_0x13f5f8490;  1 drivers
v0x13f55fb00_0 .net *"_ivl_117", 0 0, L_0x13f5f8630;  1 drivers
v0x13f55fba0_0 .net *"_ivl_121", 0 0, L_0x13f5f8860;  1 drivers
L_0x130043460 .functor BUFT 1, C4<001>, C4<0>, C4<0>, C4<0>;
v0x13f55fc40_0 .net/2u *"_ivl_14", 2 0, L_0x130043460;  1 drivers
v0x13f55fd50_0 .net *"_ivl_16", 0 0, L_0x13f5f5fd0;  1 drivers
v0x13f55fdf0_0 .net *"_ivl_19", 0 0, L_0x13f5f6110;  1 drivers
v0x13f55fe90_0 .net *"_ivl_2", 0 0, L_0x13f5f5640;  1 drivers
L_0x1300434a8 .functor BUFT 1, C4<001>, C4<0>, C4<0>, C4<0>;
v0x13f55ff30_0 .net/2u *"_ivl_20", 2 0, L_0x1300434a8;  1 drivers
v0x13f55ffe0_0 .net *"_ivl_22", 0 0, L_0x13f5f6220;  1 drivers
v0x13f560080_0 .net *"_ivl_25", 0 0, L_0x13f5f6340;  1 drivers
L_0x1300434f0 .functor BUFT 1, C4<010>, C4<0>, C4<0>, C4<0>;
v0x13f560120_0 .net/2u *"_ivl_28", 2 0, L_0x1300434f0;  1 drivers
v0x13f5601d0_0 .net *"_ivl_30", 0 0, L_0x13f5f6540;  1 drivers
v0x13f560360_0 .net *"_ivl_33", 0 0, L_0x13f5f6650;  1 drivers
L_0x130043538 .functor BUFT 1, C4<010>, C4<0>, C4<0>, C4<0>;
v0x13f5603f0_0 .net/2u *"_ivl_34", 2 0, L_0x130043538;  1 drivers
v0x13f560480_0 .net *"_ivl_36", 0 0, L_0x13f5f6700;  1 drivers
v0x13f560520_0 .net *"_ivl_39", 0 0, L_0x13f5f67e0;  1 drivers
L_0x130043580 .functor BUFT 1, C4<011>, C4<0>, C4<0>, C4<0>;
v0x13f5605c0_0 .net/2u *"_ivl_42", 2 0, L_0x130043580;  1 drivers
v0x13f560670_0 .net *"_ivl_44", 0 0, L_0x13f5f69f0;  1 drivers
v0x13f560710_0 .net *"_ivl_47", 0 0, L_0x13f5f6b10;  1 drivers
L_0x1300435c8 .functor BUFT 1, C4<011>, C4<0>, C4<0>, C4<0>;
v0x13f5607b0_0 .net/2u *"_ivl_48", 2 0, L_0x1300435c8;  1 drivers
v0x13f560860_0 .net *"_ivl_5", 0 0, L_0x13f5f5c20;  1 drivers
v0x13f560900_0 .net *"_ivl_50", 0 0, L_0x13f5f6c20;  1 drivers
v0x13f5609a0_0 .net *"_ivl_53", 0 0, L_0x13f5f6d40;  1 drivers
L_0x130043610 .functor BUFT 1, C4<100>, C4<0>, C4<0>, C4<0>;
v0x13f560a40_0 .net/2u *"_ivl_56", 2 0, L_0x130043610;  1 drivers
v0x13f560af0_0 .net *"_ivl_58", 0 0, L_0x13f5f6f80;  1 drivers
L_0x130043418 .functor BUFT 1, C4<000>, C4<0>, C4<0>, C4<0>;
v0x13f560b90_0 .net/2u *"_ivl_6", 2 0, L_0x130043418;  1 drivers
v0x13f560c40_0 .net *"_ivl_61", 0 0, L_0x13f5f70b0;  1 drivers
L_0x130043658 .functor BUFT 1, C4<100>, C4<0>, C4<0>, C4<0>;
v0x13f560ce0_0 .net/2u *"_ivl_62", 2 0, L_0x130043658;  1 drivers
v0x13f560280_0 .net *"_ivl_64", 0 0, L_0x13f5f71b0;  1 drivers
v0x13f560f70_0 .net *"_ivl_67", 0 0, L_0x13f5f7250;  1 drivers
L_0x1300436a0 .functor BUFT 1, C4<101>, C4<0>, C4<0>, C4<0>;
v0x13f561000_0 .net/2u *"_ivl_70", 2 0, L_0x1300436a0;  1 drivers
v0x13f561090_0 .net *"_ivl_72", 0 0, L_0x13f5f7490;  1 drivers
v0x13f561120_0 .net *"_ivl_75", 0 0, L_0x13f5f7590;  1 drivers
L_0x1300436e8 .functor BUFT 1, C4<101>, C4<0>, C4<0>, C4<0>;
v0x13f5611c0_0 .net/2u *"_ivl_76", 2 0, L_0x1300436e8;  1 drivers
v0x13f561270_0 .net *"_ivl_78", 0 0, L_0x13f5f7600;  1 drivers
v0x13f561310_0 .net *"_ivl_8", 0 0, L_0x13f5f5cd0;  1 drivers
v0x13f5613b0_0 .net *"_ivl_81", 0 0, L_0x13f5f76e0;  1 drivers
v0x13f561450_0 .var "cand", 2 0;
v0x13f561500_0 .net "cdb_rob_idx0", 4 0, L_0x13f5f7b00;  alias, 1 drivers
v0x13f5615b0_0 .net "cdb_rob_idx1", 4 0, L_0x13f5f7d70;  alias, 1 drivers
v0x13f561660_0 .net "cdb_tag0", 6 0, v0x13f562290_0;  alias, 1 drivers
v0x13f561710_0 .net "cdb_tag1", 6 0, v0x13f560d90_0;  alias, 1 drivers
v0x13f5617c0_0 .net "cdb_valid0", 0 0, L_0x13f5f78d0;  alias, 1 drivers
v0x13f561860_0 .net "cdb_valid1", 0 0, L_0x13f5f7940;  alias, 1 drivers
v0x13f561900_0 .net "cdb_value0", 63 0, v0x13f560e40_0;  alias, 1 drivers
v0x13f5619b0_0 .net "cdb_value1", 63 0, v0x13f562320_0;  alias, 1 drivers
v0x13f561a60_0 .net "clk", 0 0, v0x13f5c4760_0;  alias, 1 drivers
v0x13f561af0_0 .var "f0", 0 0;
v0x13f561b90_0 .var "f1", 0 0;
v0x13f561c30_0 .net "grant_alu0", 0 0, L_0x13f5f5ec0;  1 drivers
v0x13f561cd0_0 .net "grant_alu1", 0 0, L_0x13f5f6430;  1 drivers
v0x13f561d70_0 .net "grant_fpu0", 0 0, L_0x13f5f6890;  1 drivers
v0x13f561e10_0 .net "grant_fpu1", 0 0, L_0x13f5f6eb0;  1 drivers
v0x13f561eb0_0 .net "grant_lsq0", 0 0, L_0x13f5f7320;  1 drivers
v0x13f561f50_0 .net "grant_lsq1", 0 0, L_0x13f5f7840;  1 drivers
v0x13f561ff0_0 .var "has_win0", 0 0;
v0x13f562090_0 .var "has_win1", 0 0;
v0x13f562130_0 .var "mux_rob0", 4 0;
v0x13f5621e0_0 .var "mux_rob1", 4 0;
v0x13f562290_0 .var "mux_tag0", 6 0;
v0x13f560d90_0 .var "mux_tag1", 6 0;
v0x13f560e40_0 .var "mux_val0", 63 0;
v0x13f562320_0 .var "mux_val1", 63 0;
v0x13f5623b0_0 .net "reset", 0 0, v0x13f5c4ba0_0;  alias, 1 drivers
v0x13f5624c0_0 .var "rr_ptr", 2 0;
v0x13f562550_0 .net "src_alu0_rob_idx", 4 0, v0x13f55a0f0_0;  alias, 1 drivers
v0x13f5625e0_0 .net "src_alu0_tag", 6 0, L_0x13f5e4670;  alias, 1 drivers
v0x13f562670_0 .net "src_alu0_valid", 0 0, L_0x13f5e3eb0;  alias, 1 drivers
v0x13f562700_0 .net "src_alu0_value", 63 0, v0x13f55a040_0;  alias, 1 drivers
v0x13f562790_0 .net "src_alu1_rob_idx", 4 0, v0x13f55cc40_0;  alias, 1 drivers
v0x13f562820_0 .net "src_alu1_tag", 6 0, L_0x13f5e5380;  alias, 1 drivers
v0x13f5628b0_0 .net "src_alu1_valid", 0 0, L_0x13f5e4060;  alias, 1 drivers
v0x13f562940_0 .net "src_alu1_value", 63 0, v0x13f55cb90_0;  alias, 1 drivers
v0x13f562a00_0 .net "src_fpu0_rob_idx", 4 0, L_0x13f5ecb90;  alias, 1 drivers
v0x13f562ab0_0 .net "src_fpu0_tag", 6 0, L_0x13f5ecaf0;  alias, 1 drivers
v0x13f562b60_0 .net "src_fpu0_valid", 0 0, L_0x13f5eca40;  alias, 1 drivers
v0x13f562c10_0 .net "src_fpu0_value", 63 0, L_0x13f5ecc00;  alias, 1 drivers
v0x13f562cc0_0 .net "src_fpu1_rob_idx", 4 0, L_0x13f5f3df0;  alias, 1 drivers
v0x13f562d50_0 .net "src_fpu1_tag", 6 0, L_0x13f5f3d80;  alias, 1 drivers
v0x13f562e00_0 .net "src_fpu1_valid", 0 0, L_0x13f5f3cd0;  alias, 1 drivers
v0x13f562ea0_0 .net "src_fpu1_value", 63 0, L_0x13f5f3e60;  alias, 1 drivers
v0x13f562f50_0 .net "src_lsq0_rob_idx", 4 0, v0x13f585e00_0;  alias, 1 drivers
v0x13f563000_0 .net "src_lsq0_tag", 6 0, v0x13f585d50_0;  alias, 1 drivers
v0x13f5630b0_0 .net "src_lsq0_valid", 0 0, v0x13f585eb0_0;  alias, 1 drivers
v0x13f563150_0 .net "src_lsq0_value", 63 0, v0x13f585c90_0;  alias, 1 drivers
v0x13f563200_0 .net "src_lsq1_rob_idx", 4 0, v0x13f5887e0_0;  alias, 1 drivers
L_0x130043730 .functor BUFT 1, C4<0000000>, C4<0>, C4<0>, C4<0>;
v0x13f5632b0_0 .net "src_lsq1_tag", 6 0, L_0x130043730;  1 drivers
v0x13f563360_0 .net "src_lsq1_valid", 0 0, v0x13f588890_0;  alias, 1 drivers
v0x13f563400_0 .net "src_lsq1_value", 63 0, v0x13f588730_0;  alias, 1 drivers
v0x13f5634b0_0 .var "src_valid_packed", 5 0;
v0x13f563560_0 .net "stall_alu0", 0 0, L_0x13f5f7e90;  alias, 1 drivers
v0x13f563610_0 .net "stall_alu1", 0 0, L_0x13f5f7ca0;  alias, 1 drivers
v0x13f5636c0_0 .net "stall_fpu0", 0 0, L_0x13f5f7e20;  alias, 1 drivers
v0x13f563770_0 .net "stall_fpu1", 0 0, L_0x13f5f7f80;  alias, 1 drivers
v0x13f563800_0 .net "stall_lsq0", 0 0, L_0x13f5f7ff0;  1 drivers
v0x13f563890_0 .net "stall_lsq1", 0 0, L_0x13f5f83a0;  1 drivers
v0x13f563920_0 .var/i "step", 31 0;
v0x13f5639d0_0 .var "sum", 3 0;
v0x13f563a80_0 .var "win0", 2 0;
v0x13f563b30_0 .net "win0_src_id", 2 0, L_0x13f5f8900;  alias, 1 drivers
v0x13f563be0_0 .net "win0_valid", 0 0, L_0x13f5f8760;  alias, 1 drivers
v0x13f563c80_0 .var "win1", 2 0;
v0x13f563d30_0 .net "win1_src_id", 2 0, L_0x13f5f8b80;  alias, 1 drivers
v0x13f563de0_0 .net "win1_valid", 0 0, L_0x13f5f6ba0;  alias, 1 drivers
E_0x13f55f260/0 .event anyedge, v0x13f561ff0_0, v0x13f563a80_0, v0x13f558870_0, v0x13f559070_0;
E_0x13f55f260/1 .event anyedge, v0x13f559190_0, v0x13f55b3a0_0, v0x13f55bbb0_0, v0x13f55bcd0_0;
E_0x13f55f260/2 .event anyedge, v0x13f5564f0_0, v0x13f556cb0_0, v0x13f556e10_0, v0x13f562d50_0;
E_0x13f55f260/3 .event anyedge, v0x13f562ea0_0, v0x13f562cc0_0, v0x13f563000_0, v0x13f563150_0;
E_0x13f55f260/4 .event anyedge, v0x13f562f50_0, v0x13f5632b0_0, v0x13f563400_0, v0x13f563200_0;
E_0x13f55f260/5 .event anyedge, v0x13f562090_0, v0x13f563c80_0;
E_0x13f55f260 .event/or E_0x13f55f260/0, E_0x13f55f260/1, E_0x13f55f260/2, E_0x13f55f260/3, E_0x13f55f260/4, E_0x13f55f260/5;
E_0x13f55f350/0 .event anyedge, v0x13f5624c0_0, v0x13f5639d0_0, v0x13f561450_0, v0x13f5634b0_0;
E_0x13f55f350/1 .event anyedge, v0x13f561af0_0, v0x13f561b90_0;
E_0x13f55f350 .event/or E_0x13f55f350/0, E_0x13f55f350/1;
E_0x13f55f390/0 .event anyedge, v0x13f563360_0, v0x13f5630b0_0, v0x13f562e00_0, v0x13f557ac0_0;
E_0x13f55f390/1 .event anyedge, v0x13f5628b0_0, v0x13f562670_0;
E_0x13f55f390 .event/or E_0x13f55f390/0, E_0x13f55f390/1;
L_0x13f5f5640 .cmp/eq 3, v0x13f563a80_0, L_0x1300433d0;
L_0x13f5f5cd0 .cmp/eq 3, v0x13f563c80_0, L_0x130043418;
L_0x13f5f5fd0 .cmp/eq 3, v0x13f563a80_0, L_0x130043460;
L_0x13f5f6220 .cmp/eq 3, v0x13f563c80_0, L_0x1300434a8;
L_0x13f5f6540 .cmp/eq 3, v0x13f563a80_0, L_0x1300434f0;
L_0x13f5f6700 .cmp/eq 3, v0x13f563c80_0, L_0x130043538;
L_0x13f5f69f0 .cmp/eq 3, v0x13f563a80_0, L_0x130043580;
L_0x13f5f6c20 .cmp/eq 3, v0x13f563c80_0, L_0x1300435c8;
L_0x13f5f6f80 .cmp/eq 3, v0x13f563a80_0, L_0x130043610;
L_0x13f5f71b0 .cmp/eq 3, v0x13f563c80_0, L_0x130043658;
L_0x13f5f7490 .cmp/eq 3, v0x13f563a80_0, L_0x1300436a0;
L_0x13f5f7600 .cmp/eq 3, v0x13f563c80_0, L_0x1300436e8;
L_0x13f5f7b70 .reduce/nor L_0x13f5f5ec0;
L_0x13f5f8060 .reduce/nor L_0x13f5f6430;
L_0x13f5f8180 .reduce/nor L_0x13f5f6890;
L_0x13f5f8490 .reduce/nor L_0x13f5f6eb0;
L_0x13f5f8630 .reduce/nor L_0x13f5f7320;
L_0x13f5f8860 .reduce/nor L_0x13f5f7840;
S_0x13f55f3f0 .scope function.vec4.s3, "inc_mod6" "inc_mod6" 10 110, 10 110 0, S_0x13f55eed0;
 .timescale 0 0;
; Variable inc_mod6 is vec4 return value of scope S_0x13f55f3f0
v0x13f55f620_0 .var "x", 2 0;
TD_tinker_tb.dut.u_cdb.inc_mod6 ;
    %load/vec4 v0x13f55f620_0;
    %cmpi/e 5, 0, 3;
    %jmp/0xz  T_11.47, 4;
    %pushi/vec4 0, 0, 3;
    %ret/vec4 0, 0, 3;  Assign to inc_mod6 (store_vec4_to_lval)
    %jmp T_11.48;
T_11.47 ;
    %load/vec4 v0x13f55f620_0;
    %addi 1, 0, 3;
    %ret/vec4 0, 0, 3;  Assign to inc_mod6 (store_vec4_to_lval)
T_11.48 ;
    %end;
S_0x13f5642a0 .scope module, "u_dr" "decode_rename" 6 282, 11 10 0, S_0x13f3b7400;
 .timescale 0 0;
    .port_info 0 /INPUT 32 "in0_inst";
    .port_info 1 /INPUT 64 "in0_pc";
    .port_info 2 /INPUT 1 "in0_br_pred";
    .port_info 3 /INPUT 1 "in0_valid";
    .port_info 4 /INPUT 32 "in1_inst";
    .port_info 5 /INPUT 64 "in1_pc";
    .port_info 6 /INPUT 1 "in1_br_pred";
    .port_info 7 /INPUT 1 "in1_valid";
    .port_info 8 /INPUT 1 "rob_full";
    .port_info 9 /INPUT 1 "free_list_empty";
    .port_info 10 /INPUT 1 "free_list_almost_empty";
    .port_info 11 /INPUT 1 "rs_alu_full";
    .port_info 12 /INPUT 1 "rs_alu_almost_full";
    .port_info 13 /INPUT 1 "rs_fpu_full";
    .port_info 14 /INPUT 1 "rs_fpu_almost_full";
    .port_info 15 /INPUT 1 "lsq_ld_full";
    .port_info 16 /INPUT 1 "lsq_ld_almost_full";
    .port_info 17 /INPUT 1 "lsq_st_full";
    .port_info 18 /INPUT 1 "lsq_st_almost_full";
    .port_info 19 /INPUT 7 "fl_alloc_reg0";
    .port_info 20 /INPUT 7 "fl_alloc_reg1";
    .port_info 21 /INPUT 7 "rat_phys0";
    .port_info 22 /INPUT 7 "rat_phys1";
    .port_info 23 /INPUT 7 "rat_phys2";
    .port_info 24 /INPUT 7 "rat_phys3";
    .port_info 25 /INPUT 7 "rat_old_a";
    .port_info 26 /INPUT 7 "rat_old_b";
    .port_info 27 /INPUT 64 "prf_data0";
    .port_info 28 /INPUT 1 "prf_ready0";
    .port_info 29 /INPUT 64 "prf_data1";
    .port_info 30 /INPUT 1 "prf_ready1";
    .port_info 31 /INPUT 64 "prf_data2";
    .port_info 32 /INPUT 1 "prf_ready2";
    .port_info 33 /INPUT 64 "prf_data3";
    .port_info 34 /INPUT 1 "prf_ready3";
    .port_info 35 /INPUT 5 "rob_alloc_idx0";
    .port_info 36 /INPUT 5 "rob_alloc_idx1";
    .port_info 37 /OUTPUT 2 "decode_take";
    .port_info 38 /OUTPUT 5 "rat_lookup0";
    .port_info 39 /OUTPUT 5 "rat_lookup1";
    .port_info 40 /OUTPUT 5 "rat_lookup2";
    .port_info 41 /OUTPUT 5 "rat_lookup3";
    .port_info 42 /OUTPUT 1 "rat_rename_en_a";
    .port_info 43 /OUTPUT 5 "rat_rename_arch_a";
    .port_info 44 /OUTPUT 7 "rat_rename_phys_a";
    .port_info 45 /OUTPUT 1 "rat_rename_en_b";
    .port_info 46 /OUTPUT 5 "rat_rename_arch_b";
    .port_info 47 /OUTPUT 7 "rat_rename_phys_b";
    .port_info 48 /OUTPUT 1 "rat_checkpoint_en";
    .port_info 49 /OUTPUT 1 "fl_alloc_en0";
    .port_info 50 /OUTPUT 1 "fl_alloc_en1";
    .port_info 51 /OUTPUT 1 "prf_clear_en0";
    .port_info 52 /OUTPUT 7 "prf_clear_addr0";
    .port_info 53 /OUTPUT 1 "prf_clear_en1";
    .port_info 54 /OUTPUT 7 "prf_clear_addr1";
    .port_info 55 /OUTPUT 7 "prf_read_addr0";
    .port_info 56 /OUTPUT 7 "prf_read_addr1";
    .port_info 57 /OUTPUT 7 "prf_read_addr2";
    .port_info 58 /OUTPUT 7 "prf_read_addr3";
    .port_info 59 /OUTPUT 1 "rob_alloc_en0";
    .port_info 60 /OUTPUT 3 "rob_alloc_type0";
    .port_info 61 /OUTPUT 5 "rob_alloc_arch_rd0";
    .port_info 62 /OUTPUT 7 "rob_alloc_old_phys0";
    .port_info 63 /OUTPUT 7 "rob_alloc_new_phys0";
    .port_info 64 /OUTPUT 1 "rob_alloc_has_dest0";
    .port_info 65 /OUTPUT 1 "rob_alloc_br_pred0";
    .port_info 66 /OUTPUT 64 "rob_alloc_pc0";
    .port_info 67 /OUTPUT 1 "rob_alloc_en1";
    .port_info 68 /OUTPUT 3 "rob_alloc_type1";
    .port_info 69 /OUTPUT 5 "rob_alloc_arch_rd1";
    .port_info 70 /OUTPUT 7 "rob_alloc_old_phys1";
    .port_info 71 /OUTPUT 7 "rob_alloc_new_phys1";
    .port_info 72 /OUTPUT 1 "rob_alloc_has_dest1";
    .port_info 73 /OUTPUT 1 "rob_alloc_br_pred1";
    .port_info 74 /OUTPUT 64 "rob_alloc_pc1";
    .port_info 75 /OUTPUT 1 "rs_alu_dispatch_en_a";
    .port_info 76 /OUTPUT 5 "rs_alu_dispatch_opcode_a";
    .port_info 77 /OUTPUT 64 "rs_alu_dispatch_src1_val_a";
    .port_info 78 /OUTPUT 7 "rs_alu_dispatch_src1_tag_a";
    .port_info 79 /OUTPUT 1 "rs_alu_dispatch_src1_rdy_a";
    .port_info 80 /OUTPUT 64 "rs_alu_dispatch_src2_val_a";
    .port_info 81 /OUTPUT 7 "rs_alu_dispatch_src2_tag_a";
    .port_info 82 /OUTPUT 1 "rs_alu_dispatch_src2_rdy_a";
    .port_info 83 /OUTPUT 7 "rs_alu_dispatch_dest_tag_a";
    .port_info 84 /OUTPUT 5 "rs_alu_dispatch_rob_idx_a";
    .port_info 85 /OUTPUT 64 "rs_alu_dispatch_imm_a";
    .port_info 86 /OUTPUT 64 "rs_alu_dispatch_pc_a";
    .port_info 87 /OUTPUT 1 "rs_alu_dispatch_br_pred_a";
    .port_info 88 /OUTPUT 1 "rs_alu_dispatch_en_b";
    .port_info 89 /OUTPUT 5 "rs_alu_dispatch_opcode_b";
    .port_info 90 /OUTPUT 64 "rs_alu_dispatch_src1_val_b";
    .port_info 91 /OUTPUT 7 "rs_alu_dispatch_src1_tag_b";
    .port_info 92 /OUTPUT 1 "rs_alu_dispatch_src1_rdy_b";
    .port_info 93 /OUTPUT 64 "rs_alu_dispatch_src2_val_b";
    .port_info 94 /OUTPUT 7 "rs_alu_dispatch_src2_tag_b";
    .port_info 95 /OUTPUT 1 "rs_alu_dispatch_src2_rdy_b";
    .port_info 96 /OUTPUT 7 "rs_alu_dispatch_dest_tag_b";
    .port_info 97 /OUTPUT 5 "rs_alu_dispatch_rob_idx_b";
    .port_info 98 /OUTPUT 64 "rs_alu_dispatch_imm_b";
    .port_info 99 /OUTPUT 64 "rs_alu_dispatch_pc_b";
    .port_info 100 /OUTPUT 1 "rs_alu_dispatch_br_pred_b";
    .port_info 101 /OUTPUT 1 "rs_fpu_dispatch_en_a";
    .port_info 102 /OUTPUT 5 "rs_fpu_dispatch_opcode_a";
    .port_info 103 /OUTPUT 64 "rs_fpu_dispatch_src1_val_a";
    .port_info 104 /OUTPUT 7 "rs_fpu_dispatch_src1_tag_a";
    .port_info 105 /OUTPUT 1 "rs_fpu_dispatch_src1_rdy_a";
    .port_info 106 /OUTPUT 64 "rs_fpu_dispatch_src2_val_a";
    .port_info 107 /OUTPUT 7 "rs_fpu_dispatch_src2_tag_a";
    .port_info 108 /OUTPUT 1 "rs_fpu_dispatch_src2_rdy_a";
    .port_info 109 /OUTPUT 7 "rs_fpu_dispatch_dest_tag_a";
    .port_info 110 /OUTPUT 5 "rs_fpu_dispatch_rob_idx_a";
    .port_info 111 /OUTPUT 64 "rs_fpu_dispatch_imm_a";
    .port_info 112 /OUTPUT 64 "rs_fpu_dispatch_pc_a";
    .port_info 113 /OUTPUT 1 "rs_fpu_dispatch_br_pred_a";
    .port_info 114 /OUTPUT 1 "rs_fpu_dispatch_en_b";
    .port_info 115 /OUTPUT 5 "rs_fpu_dispatch_opcode_b";
    .port_info 116 /OUTPUT 64 "rs_fpu_dispatch_src1_val_b";
    .port_info 117 /OUTPUT 7 "rs_fpu_dispatch_src1_tag_b";
    .port_info 118 /OUTPUT 1 "rs_fpu_dispatch_src1_rdy_b";
    .port_info 119 /OUTPUT 64 "rs_fpu_dispatch_src2_val_b";
    .port_info 120 /OUTPUT 7 "rs_fpu_dispatch_src2_tag_b";
    .port_info 121 /OUTPUT 1 "rs_fpu_dispatch_src2_rdy_b";
    .port_info 122 /OUTPUT 7 "rs_fpu_dispatch_dest_tag_b";
    .port_info 123 /OUTPUT 5 "rs_fpu_dispatch_rob_idx_b";
    .port_info 124 /OUTPUT 64 "rs_fpu_dispatch_imm_b";
    .port_info 125 /OUTPUT 64 "rs_fpu_dispatch_pc_b";
    .port_info 126 /OUTPUT 1 "rs_fpu_dispatch_br_pred_b";
    .port_info 127 /OUTPUT 1 "lsq_ld_dispatch_en_a";
    .port_info 128 /OUTPUT 5 "lsq_ld_dispatch_rob_idx_a";
    .port_info 129 /OUTPUT 7 "lsq_ld_dispatch_dest_tag_a";
    .port_info 130 /OUTPUT 1 "lsq_ld_dispatch_en_b";
    .port_info 131 /OUTPUT 5 "lsq_ld_dispatch_rob_idx_b";
    .port_info 132 /OUTPUT 7 "lsq_ld_dispatch_dest_tag_b";
    .port_info 133 /OUTPUT 1 "lsq_st_dispatch_en_a";
    .port_info 134 /OUTPUT 5 "lsq_st_dispatch_rob_idx_a";
    .port_info 135 /OUTPUT 64 "lsq_st_dispatch_data_a";
    .port_info 136 /OUTPUT 1 "lsq_st_dispatch_data_rdy_a";
    .port_info 137 /OUTPUT 7 "lsq_st_dispatch_data_tag_a";
    .port_info 138 /OUTPUT 1 "lsq_st_dispatch_en_b";
    .port_info 139 /OUTPUT 5 "lsq_st_dispatch_rob_idx_b";
    .port_info 140 /OUTPUT 64 "lsq_st_dispatch_data_b";
    .port_info 141 /OUTPUT 1 "lsq_st_dispatch_data_rdy_b";
    .port_info 142 /OUTPUT 7 "lsq_st_dispatch_data_tag_b";
    .port_info 143 /OUTPUT 1 "stall";
P_0x13f564410 .param/l "TYPE_ALU" 1 11 203, C4<000>;
P_0x13f564450 .param/l "TYPE_BRANCH" 1 11 207, C4<100>;
P_0x13f564490 .param/l "TYPE_FPU" 1 11 204, C4<001>;
P_0x13f5644d0 .param/l "TYPE_HALT" 1 11 208, C4<101>;
P_0x13f564510 .param/l "TYPE_LOAD" 1 11 205, C4<010>;
P_0x13f564550 .param/l "TYPE_OTHER" 1 11 209, C4<110>;
P_0x13f564590 .param/l "TYPE_STORE" 1 11 206, C4<011>;
L_0x13f5e1e00 .functor BUFZ 7, L_0x13f5de570, C4<0000000>, C4<0000000>, C4<0000000>;
L_0x13f5e2080 .functor AND 1, v0x13f567a70_0, L_0x13f5e1380, C4<1>, C4<1>;
L_0x13f5e2190 .functor AND 1, L_0x13f5e2080, L_0x13f5e20f0, C4<1>, C4<1>;
L_0x13f5e2240 .functor AND 1, v0x13f567a70_0, L_0x13f5e1380, C4<1>, C4<1>;
L_0x13f5e2510 .functor AND 1, L_0x13f5e2240, L_0x13f5e2370, C4<1>, C4<1>;
L_0x13f5e2620 .functor AND 1, L_0x13f5dd6d0, L_0x13f5e2580, C4<1>, C4<1>;
L_0x13f5e2410 .functor AND 1, L_0x13f5ddca0, L_0x13f5e2710, C4<1>, C4<1>;
v0x13f565ea0_0 .net "L_a", 11 0, L_0x13f5e07b0;  1 drivers
v0x13f565f60_0 .net "L_b", 11 0, L_0x13f5e0ba0;  1 drivers
v0x13f566000_0 .net *"_ivl_21", 0 0, L_0x13f5e0c40;  1 drivers
v0x13f5660b0_0 .net *"_ivl_23", 51 0, L_0x13f5e0d40;  1 drivers
v0x13f566160_0 .net *"_ivl_27", 0 0, L_0x13f5e0ef0;  1 drivers
v0x13f566250_0 .net *"_ivl_29", 51 0, L_0x13f5e0f90;  1 drivers
L_0x130043028 .functor BUFT 1, C4<100>, C4<0>, C4<0>, C4<0>;
v0x13f566300_0 .net/2u *"_ivl_52", 2 0, L_0x130043028;  1 drivers
L_0x130043070 .functor BUFT 1, C4<100>, C4<0>, C4<0>, C4<0>;
v0x13f5663b0_0 .net/2u *"_ivl_56", 2 0, L_0x130043070;  1 drivers
v0x13f566460_0 .net *"_ivl_65", 0 0, L_0x13f5e2080;  1 drivers
v0x13f566570_0 .net *"_ivl_66", 0 0, L_0x13f5e20f0;  1 drivers
v0x13f566600_0 .net *"_ivl_71", 0 0, L_0x13f5e2240;  1 drivers
v0x13f5666a0_0 .net *"_ivl_72", 0 0, L_0x13f5e2370;  1 drivers
v0x13f566740_0 .net *"_ivl_77", 0 0, L_0x13f5e2580;  1 drivers
v0x13f5667e0_0 .net *"_ivl_81", 0 0, L_0x13f5e2710;  1 drivers
v0x13f566880_0 .net "b_s1_rdy", 0 0, L_0x13f5e2620;  1 drivers
v0x13f566920_0 .net "b_s2_rdy", 0 0, L_0x13f5e2410;  1 drivers
v0x13f5669c0_0 .var "decode_take", 1 0;
v0x13f566b50_0 .var "fl_alloc_en0", 0 0;
v0x13f566be0_0 .var "fl_alloc_en1", 0 0;
v0x13f566c70_0 .net "fl_alloc_reg0", 6 0, L_0x13f5de570;  alias, 1 drivers
v0x13f566d20_0 .net "fl_alloc_reg1", 6 0, L_0x13f5dea30;  alias, 1 drivers
v0x13f566dd0_0 .net "free_list_almost_empty", 0 0, L_0x13f5de130;  alias, 1 drivers
v0x13f566e70_0 .net "free_list_empty", 0 0, L_0x13f5ddf30;  alias, 1 drivers
v0x13f566f10_0 .net "hdest_a", 0 0, L_0x13f5e1380;  1 drivers
v0x13f566fb0_0 .net "hdest_b", 0 0, L_0x13f5e17d0;  1 drivers
v0x13f567050_0 .net "imm_a", 63 0, L_0x13f5e0de0;  1 drivers
v0x13f567100_0 .net "imm_b", 63 0, L_0x13f5e10f0;  1 drivers
v0x13f5671b0_0 .net "in0_br_pred", 0 0, v0x13f5823a0_0;  alias, 1 drivers
v0x13f567250_0 .net "in0_inst", 31 0, v0x13f582450_0;  alias, 1 drivers
v0x13f567300_0 .net "in0_pc", 63 0, v0x13f5824e0_0;  alias, 1 drivers
v0x13f5673b0_0 .net "in0_valid", 0 0, L_0x13f5e2bb0;  1 drivers
v0x13f567450_0 .net "in1_br_pred", 0 0, v0x13f582600_0;  alias, 1 drivers
v0x13f5674f0_0 .net "in1_inst", 31 0, v0x13f582690_0;  alias, 1 drivers
v0x13f566a70_0 .net "in1_pc", 63 0, v0x13f582720_0;  alias, 1 drivers
v0x13f567780_0 .net "in1_valid", 0 0, L_0x13f5e2f40;  1 drivers
v0x13f567810_0 .net "intra_dep_s1b", 0 0, L_0x13f5e2190;  1 drivers
v0x13f5678a0_0 .net "intra_dep_s2b", 0 0, L_0x13f5e2510;  1 drivers
v0x13f567930_0 .net "is_br_a", 0 0, L_0x13f5e1870;  1 drivers
v0x13f5679d0_0 .net "is_br_b", 0 0, L_0x13f5e1ab0;  1 drivers
v0x13f567a70_0 .var "issue_a", 0 0;
v0x13f567b10_0 .var "issue_b", 0 0;
v0x13f567bb0_0 .net "lsq_ld_almost_full", 0 0, L_0x13f5f4290;  alias, 1 drivers
v0x13f567c50_0 .var "lsq_ld_dispatch_dest_tag_a", 6 0;
v0x13f567d00_0 .var "lsq_ld_dispatch_dest_tag_b", 6 0;
v0x13f567db0_0 .var "lsq_ld_dispatch_en_a", 0 0;
v0x13f567e50_0 .var "lsq_ld_dispatch_en_b", 0 0;
v0x13f567ef0_0 .var "lsq_ld_dispatch_rob_idx_a", 4 0;
v0x13f567fa0_0 .var "lsq_ld_dispatch_rob_idx_b", 4 0;
v0x13f568050_0 .net "lsq_ld_full", 0 0, L_0x13f5f4180;  alias, 1 drivers
v0x13f5680f0_0 .net "lsq_st_almost_full", 0 0, L_0x13f5f44b0;  alias, 1 drivers
v0x13f568190_0 .var "lsq_st_dispatch_data_a", 63 0;
v0x13f568240_0 .var "lsq_st_dispatch_data_b", 63 0;
v0x13f5682f0_0 .var "lsq_st_dispatch_data_rdy_a", 0 0;
v0x13f568390_0 .var "lsq_st_dispatch_data_rdy_b", 0 0;
v0x13f568430_0 .var "lsq_st_dispatch_data_tag_a", 6 0;
v0x13f5684e0_0 .var "lsq_st_dispatch_data_tag_b", 6 0;
v0x13f568590_0 .var "lsq_st_dispatch_en_a", 0 0;
v0x13f568630_0 .var "lsq_st_dispatch_en_b", 0 0;
v0x13f5686d0_0 .var "lsq_st_dispatch_rob_idx_a", 4 0;
v0x13f568780_0 .var "lsq_st_dispatch_rob_idx_b", 4 0;
v0x13f568830_0 .net "lsq_st_full", 0 0, L_0x13f5f4380;  alias, 1 drivers
v0x13f5688d0_0 .net "new_phys_a", 6 0, L_0x13f5e1e00;  1 drivers
v0x13f568980_0 .net "new_phys_b", 6 0, L_0x13f5e1ef0;  1 drivers
v0x13f568a30_0 .net "ns2_a", 0 0, L_0x13f5e1600;  1 drivers
v0x13f568ad0_0 .net "ns2_b", 0 0, L_0x13f5e1b80;  1 drivers
v0x13f567590_0 .net "opc_a", 4 0, L_0x13f5e04b0;  1 drivers
v0x13f567640_0 .net "opc_b", 4 0, L_0x13f5e0850;  1 drivers
v0x13f5676f0_0 .var "prf_clear_addr0", 6 0;
v0x13f568b80_0 .var "prf_clear_addr1", 6 0;
v0x13f568c30_0 .var "prf_clear_en0", 0 0;
v0x13f568cd0_0 .var "prf_clear_en1", 0 0;
v0x13f568d70_0 .net "prf_data0", 63 0, L_0x13f5dc940;  alias, 1 drivers
v0x13f568e20_0 .net "prf_data1", 63 0, L_0x13f5dce90;  alias, 1 drivers
v0x13f568ed0_0 .net "prf_data2", 63 0, L_0x13f5dd400;  alias, 1 drivers
v0x13f568f80_0 .net "prf_data3", 63 0, L_0x13f5dd970;  alias, 1 drivers
v0x13f569030_0 .var "prf_read_addr0", 6 0;
v0x13f5690e0_0 .var "prf_read_addr1", 6 0;
v0x13f569190_0 .var "prf_read_addr2", 6 0;
v0x13f569240_0 .var "prf_read_addr3", 6 0;
v0x13f5692f0_0 .net "prf_ready0", 0 0, L_0x13f5dcbf0;  alias, 1 drivers
v0x13f569390_0 .net "prf_ready1", 0 0, L_0x13f5dd180;  alias, 1 drivers
v0x13f569430_0 .net "prf_ready2", 0 0, L_0x13f5dd6d0;  alias, 1 drivers
v0x13f5694d0_0 .net "prf_ready3", 0 0, L_0x13f5ddca0;  alias, 1 drivers
v0x13f569570_0 .var "rat_checkpoint_en", 0 0;
v0x13f569610_0 .var "rat_lookup0", 4 0;
v0x13f5696c0_0 .var "rat_lookup1", 4 0;
v0x13f569770_0 .var "rat_lookup2", 4 0;
v0x13f569820_0 .var "rat_lookup3", 4 0;
v0x13f5698d0_0 .net "rat_old_a", 6 0, L_0x13f5df180;  alias, 1 drivers
v0x13f569980_0 .net "rat_old_b", 6 0, v0x13f5a1950_0;  alias, 1 drivers
v0x13f569a30_0 .net "rat_phys0", 6 0, L_0x13f5deca0;  alias, 1 drivers
v0x13f569ae0_0 .net "rat_phys1", 6 0, L_0x13f5def10;  alias, 1 drivers
v0x13f569b90_0 .net "rat_phys2", 6 0, v0x13f5a14c0_0;  alias, 1 drivers
v0x13f569c40_0 .net "rat_phys3", 6 0, v0x13f5a1550_0;  alias, 1 drivers
v0x13f569cf0_0 .var "rat_rename_arch_a", 4 0;
v0x13f569da0_0 .var "rat_rename_arch_b", 4 0;
v0x13f569e50_0 .var "rat_rename_en_a", 0 0;
v0x13f569ef0_0 .var "rat_rename_en_b", 0 0;
v0x13f569f90_0 .var "rat_rename_phys_a", 6 0;
v0x13f56a040_0 .var "rat_rename_phys_b", 6 0;
v0x13f56a0f0_0 .net "rd_a", 4 0, L_0x13f5e0550;  1 drivers
v0x13f56a1a0_0 .net "rd_b", 4 0, L_0x13f5e08f0;  1 drivers
v0x13f56a250_0 .var "rob_alloc_arch_rd0", 4 0;
v0x13f56a300_0 .var "rob_alloc_arch_rd1", 4 0;
v0x13f56a3b0_0 .var "rob_alloc_br_pred0", 0 0;
v0x13f56a450_0 .var "rob_alloc_br_pred1", 0 0;
v0x13f56a4f0_0 .var "rob_alloc_en0", 0 0;
v0x13f56a590_0 .var "rob_alloc_en1", 0 0;
v0x13f56a630_0 .var "rob_alloc_has_dest0", 0 0;
v0x13f56a6d0_0 .var "rob_alloc_has_dest1", 0 0;
v0x13f56a770_0 .net "rob_alloc_idx0", 4 0, L_0x13f5dfb30;  alias, 1 drivers
v0x13f56a820_0 .net "rob_alloc_idx1", 4 0, L_0x13f5dfbe0;  alias, 1 drivers
v0x13f56a8d0_0 .var "rob_alloc_new_phys0", 6 0;
v0x13f56a980_0 .var "rob_alloc_new_phys1", 6 0;
v0x13f56aa30_0 .var "rob_alloc_old_phys0", 6 0;
v0x13f56aae0_0 .var "rob_alloc_old_phys1", 6 0;
v0x13f56ab90_0 .var "rob_alloc_pc0", 63 0;
v0x13f56ac40_0 .var "rob_alloc_pc1", 63 0;
v0x13f56acf0_0 .var "rob_alloc_type0", 2 0;
v0x13f56ada0_0 .var "rob_alloc_type1", 2 0;
v0x13f56ae50_0 .net "rob_full", 0 0, L_0x13f5df790;  alias, 1 drivers
v0x13f56aef0_0 .net "rs_a", 4 0, L_0x13f5e0670;  1 drivers
v0x13f56afa0_0 .net "rs_alu_almost_full", 0 0, L_0x13f5e3190;  alias, 1 drivers
v0x13f56b040_0 .var "rs_alu_dispatch_br_pred_a", 0 0;
v0x13f56b0e0_0 .var "rs_alu_dispatch_br_pred_b", 0 0;
v0x13f56b180_0 .var "rs_alu_dispatch_dest_tag_a", 6 0;
v0x13f56b230_0 .var "rs_alu_dispatch_dest_tag_b", 6 0;
v0x13f56b2e0_0 .var "rs_alu_dispatch_en_a", 0 0;
v0x13f56b380_0 .var "rs_alu_dispatch_en_b", 0 0;
v0x13f56b420_0 .var "rs_alu_dispatch_imm_a", 63 0;
v0x13f56b4d0_0 .var "rs_alu_dispatch_imm_b", 63 0;
v0x13f56b580_0 .var "rs_alu_dispatch_opcode_a", 4 0;
v0x13f56b630_0 .var "rs_alu_dispatch_opcode_b", 4 0;
v0x13f56b6e0_0 .var "rs_alu_dispatch_pc_a", 63 0;
v0x13f56b790_0 .var "rs_alu_dispatch_pc_b", 63 0;
v0x13f56b840_0 .var "rs_alu_dispatch_rob_idx_a", 4 0;
v0x13f56b8f0_0 .var "rs_alu_dispatch_rob_idx_b", 4 0;
v0x13f56b9a0_0 .var "rs_alu_dispatch_src1_rdy_a", 0 0;
v0x13f56ba40_0 .var "rs_alu_dispatch_src1_rdy_b", 0 0;
v0x13f56bae0_0 .var "rs_alu_dispatch_src1_tag_a", 6 0;
v0x13f56bb90_0 .var "rs_alu_dispatch_src1_tag_b", 6 0;
v0x13f56bc40_0 .var "rs_alu_dispatch_src1_val_a", 63 0;
v0x13f56bcf0_0 .var "rs_alu_dispatch_src1_val_b", 63 0;
v0x13f56bda0_0 .var "rs_alu_dispatch_src2_rdy_a", 0 0;
v0x13f56be40_0 .var "rs_alu_dispatch_src2_rdy_b", 0 0;
v0x13f56bee0_0 .var "rs_alu_dispatch_src2_tag_a", 6 0;
v0x13f56bf90_0 .var "rs_alu_dispatch_src2_tag_b", 6 0;
v0x13f56c040_0 .var "rs_alu_dispatch_src2_val_a", 63 0;
v0x13f56c0f0_0 .var "rs_alu_dispatch_src2_val_b", 63 0;
v0x13f56c1a0_0 .net "rs_alu_full", 0 0, L_0x13f5e3030;  alias, 1 drivers
v0x13f56c240_0 .net "rs_b", 4 0, L_0x13f5e0a10;  1 drivers
v0x13f56c2f0_0 .net "rs_fpu_almost_full", 0 0, L_0x13f5e3400;  alias, 1 drivers
v0x13f56c390_0 .var "rs_fpu_dispatch_br_pred_a", 0 0;
v0x13f56c430_0 .var "rs_fpu_dispatch_br_pred_b", 0 0;
v0x13f56c4d0_0 .var "rs_fpu_dispatch_dest_tag_a", 6 0;
v0x13f56c580_0 .var "rs_fpu_dispatch_dest_tag_b", 6 0;
v0x13f56c630_0 .var "rs_fpu_dispatch_en_a", 0 0;
v0x13f56c6d0_0 .var "rs_fpu_dispatch_en_b", 0 0;
v0x13f56c770_0 .var "rs_fpu_dispatch_imm_a", 63 0;
v0x13f56c820_0 .var "rs_fpu_dispatch_imm_b", 63 0;
v0x13f56c8d0_0 .var "rs_fpu_dispatch_opcode_a", 4 0;
v0x13f56c980_0 .var "rs_fpu_dispatch_opcode_b", 4 0;
v0x13f56ca30_0 .var "rs_fpu_dispatch_pc_a", 63 0;
v0x13f56cae0_0 .var "rs_fpu_dispatch_pc_b", 63 0;
v0x13f56cb90_0 .var "rs_fpu_dispatch_rob_idx_a", 4 0;
v0x13f56cc40_0 .var "rs_fpu_dispatch_rob_idx_b", 4 0;
v0x13f56ccf0_0 .var "rs_fpu_dispatch_src1_rdy_a", 0 0;
v0x13f56cd90_0 .var "rs_fpu_dispatch_src1_rdy_b", 0 0;
v0x13f56ce30_0 .var "rs_fpu_dispatch_src1_tag_a", 6 0;
v0x13f56cee0_0 .var "rs_fpu_dispatch_src1_tag_b", 6 0;
v0x13f56cf90_0 .var "rs_fpu_dispatch_src1_val_a", 63 0;
v0x13f56d040_0 .var "rs_fpu_dispatch_src1_val_b", 63 0;
v0x13f56d0f0_0 .var "rs_fpu_dispatch_src2_rdy_a", 0 0;
v0x13f56d190_0 .var "rs_fpu_dispatch_src2_rdy_b", 0 0;
v0x13f56d230_0 .var "rs_fpu_dispatch_src2_tag_a", 6 0;
v0x13f56d2e0_0 .var "rs_fpu_dispatch_src2_tag_b", 6 0;
v0x13f56d390_0 .var "rs_fpu_dispatch_src2_val_a", 63 0;
v0x13f56d440_0 .var "rs_fpu_dispatch_src2_val_b", 63 0;
v0x13f56d4f0_0 .net "rs_fpu_full", 0 0, L_0x13f5e32a0;  alias, 1 drivers
v0x13f56d590_0 .net "rt_a", 4 0, L_0x13f5e0710;  1 drivers
v0x13f56d640_0 .net "rt_b", 4 0, L_0x13f5e0ab0;  1 drivers
v0x13f56d6f0_0 .net "s1_a", 4 0, L_0x13f5e1420;  1 drivers
v0x13f56d7a0_0 .net "s1_b", 4 0, L_0x13f5e1930;  1 drivers
v0x13f56d850_0 .net "s2_a", 4 0, L_0x13f5e1560;  1 drivers
v0x13f56d900_0 .net "s2_b", 4 0, L_0x13f5e19d0;  1 drivers
v0x13f56d9b0_0 .var "stall", 0 0;
v0x13f56da50_0 .var "stall_a", 0 0;
v0x13f56daf0_0 .var "stall_b", 0 0;
v0x13f56db90_0 .net "type_a", 2 0, L_0x13f5e1190;  1 drivers
v0x13f56dc40_0 .net "type_b", 2 0, L_0x13f5e14c0;  1 drivers
E_0x13f564700/0 .event anyedge, v0x13f567a70_0, v0x13f56db90_0, v0x13f56a0f0_0, v0x13f5698d0_0;
E_0x13f564700/1 .event anyedge, v0x13f566f10_0, v0x13f5688d0_0, v0x13f5671b0_0, v0x13f567300_0;
E_0x13f564700/2 .event anyedge, v0x13f567930_0, v0x13f567590_0, v0x13f568d70_0, v0x13f569a30_0;
E_0x13f564700/3 .event anyedge, v0x13f5692f0_0, v0x13f568a30_0, v0x13f568e20_0, v0x13f569ae0_0;
E_0x13f564700/4 .event anyedge, v0x13f569390_0, v0x13f56a770_0, v0x13f567050_0, v0x13f567b10_0;
E_0x13f564700/5 .event anyedge, v0x13f56dc40_0, v0x13f56a1a0_0, v0x13f569980_0, v0x13f566fb0_0;
E_0x13f564700/6 .event anyedge, v0x13f568980_0, v0x13f567450_0, v0x13f566a70_0, v0x13f5679d0_0;
E_0x13f564700/7 .event anyedge, v0x13f567640_0, v0x13f568ed0_0, v0x13f569b90_0, v0x13f566880_0;
E_0x13f564700/8 .event anyedge, v0x13f568ad0_0, v0x13f568f80_0, v0x13f569c40_0, v0x13f566920_0;
E_0x13f564700/9 .event anyedge, v0x13f56a820_0, v0x13f567100_0;
E_0x13f564700 .event/or E_0x13f564700/0, E_0x13f564700/1, E_0x13f564700/2, E_0x13f564700/3, E_0x13f564700/4, E_0x13f564700/5, E_0x13f564700/6, E_0x13f564700/7, E_0x13f564700/8, E_0x13f564700/9;
E_0x13f564870/0 .event anyedge, v0x13f56d6f0_0, v0x13f568a30_0, v0x13f56d850_0, v0x13f56d7a0_0;
E_0x13f564870/1 .event anyedge, v0x13f568ad0_0, v0x13f56d900_0, v0x13f569a30_0, v0x13f569ae0_0;
E_0x13f564870/2 .event anyedge, v0x13f569b90_0, v0x13f569c40_0;
E_0x13f564870 .event/or E_0x13f564870/0, E_0x13f564870/1, E_0x13f564870/2;
E_0x13f564900/0 .event anyedge, v0x13f5673b0_0, v0x13f56ae50_0, v0x13f566f10_0, v0x13f566e70_0;
E_0x13f564900/1 .event anyedge, v0x13f56db90_0, v0x13f56c1a0_0, v0x13f56d4f0_0, v0x13f568050_0;
E_0x13f564900/2 .event anyedge, v0x13f568830_0, v0x13f567780_0, v0x13f56da50_0, v0x13f566fb0_0;
E_0x13f564900/3 .event anyedge, v0x13f566dd0_0, v0x13f56dc40_0, v0x13f567a70_0, v0x13f56afa0_0;
E_0x13f564900/4 .event anyedge, v0x13f56c2f0_0, v0x13f567bb0_0, v0x13f5680f0_0, v0x13f56daf0_0;
E_0x13f564900/5 .event anyedge, v0x13f567b10_0;
E_0x13f564900 .event/or E_0x13f564900/0, E_0x13f564900/1, E_0x13f564900/2, E_0x13f564900/3, E_0x13f564900/4, E_0x13f564900/5;
L_0x13f5e04b0 .part v0x13f582450_0, 27, 5;
L_0x13f5e0550 .part v0x13f582450_0, 22, 5;
L_0x13f5e0670 .part v0x13f582450_0, 17, 5;
L_0x13f5e0710 .part v0x13f582450_0, 12, 5;
L_0x13f5e07b0 .part v0x13f582450_0, 0, 12;
L_0x13f5e0850 .part v0x13f582690_0, 27, 5;
L_0x13f5e08f0 .part v0x13f582690_0, 22, 5;
L_0x13f5e0a10 .part v0x13f582690_0, 17, 5;
L_0x13f5e0ab0 .part v0x13f582690_0, 12, 5;
L_0x13f5e0ba0 .part v0x13f582690_0, 0, 12;
L_0x13f5e0c40 .part L_0x13f5e07b0, 11, 1;
L_0x13f5e0d40 .repeat 52, 52, L_0x13f5e0c40;
L_0x13f5e0de0 .concat [ 12 52 0 0], L_0x13f5e07b0, L_0x13f5e0d40;
L_0x13f5e0ef0 .part L_0x13f5e0ba0, 11, 1;
L_0x13f5e0f90 .repeat 52, 52, L_0x13f5e0ef0;
L_0x13f5e10f0 .concat [ 12 52 0 0], L_0x13f5e0ba0, L_0x13f5e0f90;
L_0x13f5e1190 .ufunc/vec4 TD_tinker_tb.dut.u_dr.classify, 3, L_0x13f5e04b0, L_0x13f5e07b0 (v0x13f564d40_0, v0x13f564bd0_0) S_0x13f564a10;
L_0x13f5e1380 .ufunc/vec4 TD_tinker_tb.dut.u_dr.has_dest, 1, L_0x13f5e04b0 (v0x13f565070_0) S_0x13f564e00;
L_0x13f5e1420 .ufunc/vec4 TD_tinker_tb.dut.u_dr.src1_arch, 5, L_0x13f5e04b0, L_0x13f5e0550, L_0x13f5e0670 (v0x13f565610_0, v0x13f5656d0_0, v0x13f565780_0) S_0x13f565450;
L_0x13f5e1560 .ufunc/vec4 TD_tinker_tb.dut.u_dr.src2_arch, 5, L_0x13f5e04b0, L_0x13f5e0550, L_0x13f5e0670, L_0x13f5e0710 (v0x13f565af0_0, v0x13f565bb0_0, v0x13f565c50_0, v0x13f565d00_0) S_0x13f5658f0;
L_0x13f5e1600 .ufunc/vec4 TD_tinker_tb.dut.u_dr.needs_src2, 1, L_0x13f5e04b0 (v0x13f5653a0_0) S_0x13f565120;
L_0x13f5e14c0 .ufunc/vec4 TD_tinker_tb.dut.u_dr.classify, 3, L_0x13f5e0850, L_0x13f5e0ba0 (v0x13f564d40_0, v0x13f564bd0_0) S_0x13f564a10;
L_0x13f5e17d0 .ufunc/vec4 TD_tinker_tb.dut.u_dr.has_dest, 1, L_0x13f5e0850 (v0x13f565070_0) S_0x13f564e00;
L_0x13f5e1930 .ufunc/vec4 TD_tinker_tb.dut.u_dr.src1_arch, 5, L_0x13f5e0850, L_0x13f5e08f0, L_0x13f5e0a10 (v0x13f565610_0, v0x13f5656d0_0, v0x13f565780_0) S_0x13f565450;
L_0x13f5e19d0 .ufunc/vec4 TD_tinker_tb.dut.u_dr.src2_arch, 5, L_0x13f5e0850, L_0x13f5e08f0, L_0x13f5e0a10, L_0x13f5e0ab0 (v0x13f565af0_0, v0x13f565bb0_0, v0x13f565c50_0, v0x13f565d00_0) S_0x13f5658f0;
L_0x13f5e1b80 .ufunc/vec4 TD_tinker_tb.dut.u_dr.needs_src2, 1, L_0x13f5e0850 (v0x13f5653a0_0) S_0x13f565120;
L_0x13f5e1870 .cmp/eq 3, L_0x13f5e1190, L_0x130043028;
L_0x13f5e1ab0 .cmp/eq 3, L_0x13f5e14c0, L_0x130043070;
L_0x13f5e1ef0 .functor MUXZ 7, L_0x13f5de570, L_0x13f5dea30, L_0x13f5e1380, C4<>;
L_0x13f5e20f0 .cmp/eq 7, v0x13f5a14c0_0, L_0x13f5e1e00;
L_0x13f5e2370 .cmp/eq 7, v0x13f5a1550_0, L_0x13f5e1e00;
L_0x13f5e2580 .reduce/nor L_0x13f5e2190;
L_0x13f5e2710 .reduce/nor L_0x13f5e2510;
S_0x13f564a10 .scope autofunction.vec4.s3, "classify" "classify" 11 227, 11 227 0, S_0x13f5642a0;
 .timescale 0 0;
v0x13f564bd0_0 .var "L_field", 11 0;
; Variable classify is vec4 return value of scope S_0x13f564a10
v0x13f564d40_0 .var "op", 4 0;
TD_tinker_tb.dut.u_dr.classify ;
    %load/vec4 v0x13f564d40_0;
    %dup/vec4;
    %pushi/vec4 24, 0, 5;
    %cmp/u;
    %jmp/1 T_12.49, 6;
    %dup/vec4;
    %pushi/vec4 25, 0, 5;
    %cmp/u;
    %jmp/1 T_12.50, 6;
    %dup/vec4;
    %pushi/vec4 26, 0, 5;
    %cmp/u;
    %jmp/1 T_12.51, 6;
    %dup/vec4;
    %pushi/vec4 27, 0, 5;
    %cmp/u;
    %jmp/1 T_12.52, 6;
    %dup/vec4;
    %pushi/vec4 28, 0, 5;
    %cmp/u;
    %jmp/1 T_12.53, 6;
    %dup/vec4;
    %pushi/vec4 29, 0, 5;
    %cmp/u;
    %jmp/1 T_12.54, 6;
    %dup/vec4;
    %pushi/vec4 0, 0, 5;
    %cmp/u;
    %jmp/1 T_12.55, 6;
    %dup/vec4;
    %pushi/vec4 1, 0, 5;
    %cmp/u;
    %jmp/1 T_12.56, 6;
    %dup/vec4;
    %pushi/vec4 2, 0, 5;
    %cmp/u;
    %jmp/1 T_12.57, 6;
    %dup/vec4;
    %pushi/vec4 3, 0, 5;
    %cmp/u;
    %jmp/1 T_12.58, 6;
    %dup/vec4;
    %pushi/vec4 4, 0, 5;
    %cmp/u;
    %jmp/1 T_12.59, 6;
    %dup/vec4;
    %pushi/vec4 5, 0, 5;
    %cmp/u;
    %jmp/1 T_12.60, 6;
    %dup/vec4;
    %pushi/vec4 6, 0, 5;
    %cmp/u;
    %jmp/1 T_12.61, 6;
    %dup/vec4;
    %pushi/vec4 7, 0, 5;
    %cmp/u;
    %jmp/1 T_12.62, 6;
    %dup/vec4;
    %pushi/vec4 17, 0, 5;
    %cmp/u;
    %jmp/1 T_12.63, 6;
    %dup/vec4;
    %pushi/vec4 18, 0, 5;
    %cmp/u;
    %jmp/1 T_12.64, 6;
    %dup/vec4;
    %pushi/vec4 20, 0, 5;
    %cmp/u;
    %jmp/1 T_12.65, 6;
    %dup/vec4;
    %pushi/vec4 21, 0, 5;
    %cmp/u;
    %jmp/1 T_12.66, 6;
    %dup/vec4;
    %pushi/vec4 22, 0, 5;
    %cmp/u;
    %jmp/1 T_12.67, 6;
    %dup/vec4;
    %pushi/vec4 23, 0, 5;
    %cmp/u;
    %jmp/1 T_12.68, 6;
    %dup/vec4;
    %pushi/vec4 16, 0, 5;
    %cmp/u;
    %jmp/1 T_12.69, 6;
    %dup/vec4;
    %pushi/vec4 19, 0, 5;
    %cmp/u;
    %jmp/1 T_12.70, 6;
    %dup/vec4;
    %pushi/vec4 8, 0, 5;
    %cmp/u;
    %jmp/1 T_12.71, 6;
    %dup/vec4;
    %pushi/vec4 9, 0, 5;
    %cmp/u;
    %jmp/1 T_12.72, 6;
    %dup/vec4;
    %pushi/vec4 10, 0, 5;
    %cmp/u;
    %jmp/1 T_12.73, 6;
    %dup/vec4;
    %pushi/vec4 11, 0, 5;
    %cmp/u;
    %jmp/1 T_12.74, 6;
    %dup/vec4;
    %pushi/vec4 12, 0, 5;
    %cmp/u;
    %jmp/1 T_12.75, 6;
    %dup/vec4;
    %pushi/vec4 13, 0, 5;
    %cmp/u;
    %jmp/1 T_12.76, 6;
    %dup/vec4;
    %pushi/vec4 14, 0, 5;
    %cmp/u;
    %jmp/1 T_12.77, 6;
    %dup/vec4;
    %pushi/vec4 15, 0, 5;
    %cmp/u;
    %jmp/1 T_12.78, 6;
    %pushi/vec4 6, 0, 3;
    %ret/vec4 0, 0, 3;  Assign to classify (store_vec4_to_lval)
    %jmp T_12.80;
T_12.49 ;
    %pushi/vec4 0, 0, 3;
    %ret/vec4 0, 0, 3;  Assign to classify (store_vec4_to_lval)
    %jmp T_12.80;
T_12.50 ;
    %pushi/vec4 0, 0, 3;
    %ret/vec4 0, 0, 3;  Assign to classify (store_vec4_to_lval)
    %jmp T_12.80;
T_12.51 ;
    %pushi/vec4 0, 0, 3;
    %ret/vec4 0, 0, 3;  Assign to classify (store_vec4_to_lval)
    %jmp T_12.80;
T_12.52 ;
    %pushi/vec4 0, 0, 3;
    %ret/vec4 0, 0, 3;  Assign to classify (store_vec4_to_lval)
    %jmp T_12.80;
T_12.53 ;
    %pushi/vec4 0, 0, 3;
    %ret/vec4 0, 0, 3;  Assign to classify (store_vec4_to_lval)
    %jmp T_12.80;
T_12.54 ;
    %pushi/vec4 0, 0, 3;
    %ret/vec4 0, 0, 3;  Assign to classify (store_vec4_to_lval)
    %jmp T_12.80;
T_12.55 ;
    %pushi/vec4 0, 0, 3;
    %ret/vec4 0, 0, 3;  Assign to classify (store_vec4_to_lval)
    %jmp T_12.80;
T_12.56 ;
    %pushi/vec4 0, 0, 3;
    %ret/vec4 0, 0, 3;  Assign to classify (store_vec4_to_lval)
    %jmp T_12.80;
T_12.57 ;
    %pushi/vec4 0, 0, 3;
    %ret/vec4 0, 0, 3;  Assign to classify (store_vec4_to_lval)
    %jmp T_12.80;
T_12.58 ;
    %pushi/vec4 0, 0, 3;
    %ret/vec4 0, 0, 3;  Assign to classify (store_vec4_to_lval)
    %jmp T_12.80;
T_12.59 ;
    %pushi/vec4 0, 0, 3;
    %ret/vec4 0, 0, 3;  Assign to classify (store_vec4_to_lval)
    %jmp T_12.80;
T_12.60 ;
    %pushi/vec4 0, 0, 3;
    %ret/vec4 0, 0, 3;  Assign to classify (store_vec4_to_lval)
    %jmp T_12.80;
T_12.61 ;
    %pushi/vec4 0, 0, 3;
    %ret/vec4 0, 0, 3;  Assign to classify (store_vec4_to_lval)
    %jmp T_12.80;
T_12.62 ;
    %pushi/vec4 0, 0, 3;
    %ret/vec4 0, 0, 3;  Assign to classify (store_vec4_to_lval)
    %jmp T_12.80;
T_12.63 ;
    %pushi/vec4 0, 0, 3;
    %ret/vec4 0, 0, 3;  Assign to classify (store_vec4_to_lval)
    %jmp T_12.80;
T_12.64 ;
    %pushi/vec4 0, 0, 3;
    %ret/vec4 0, 0, 3;  Assign to classify (store_vec4_to_lval)
    %jmp T_12.80;
T_12.65 ;
    %pushi/vec4 1, 0, 3;
    %ret/vec4 0, 0, 3;  Assign to classify (store_vec4_to_lval)
    %jmp T_12.80;
T_12.66 ;
    %pushi/vec4 1, 0, 3;
    %ret/vec4 0, 0, 3;  Assign to classify (store_vec4_to_lval)
    %jmp T_12.80;
T_12.67 ;
    %pushi/vec4 1, 0, 3;
    %ret/vec4 0, 0, 3;  Assign to classify (store_vec4_to_lval)
    %jmp T_12.80;
T_12.68 ;
    %pushi/vec4 1, 0, 3;
    %ret/vec4 0, 0, 3;  Assign to classify (store_vec4_to_lval)
    %jmp T_12.80;
T_12.69 ;
    %pushi/vec4 2, 0, 3;
    %ret/vec4 0, 0, 3;  Assign to classify (store_vec4_to_lval)
    %jmp T_12.80;
T_12.70 ;
    %pushi/vec4 3, 0, 3;
    %ret/vec4 0, 0, 3;  Assign to classify (store_vec4_to_lval)
    %jmp T_12.80;
T_12.71 ;
    %pushi/vec4 4, 0, 3;
    %ret/vec4 0, 0, 3;  Assign to classify (store_vec4_to_lval)
    %jmp T_12.80;
T_12.72 ;
    %pushi/vec4 4, 0, 3;
    %ret/vec4 0, 0, 3;  Assign to classify (store_vec4_to_lval)
    %jmp T_12.80;
T_12.73 ;
    %pushi/vec4 4, 0, 3;
    %ret/vec4 0, 0, 3;  Assign to classify (store_vec4_to_lval)
    %jmp T_12.80;
T_12.74 ;
    %pushi/vec4 4, 0, 3;
    %ret/vec4 0, 0, 3;  Assign to classify (store_vec4_to_lval)
    %jmp T_12.80;
T_12.75 ;
    %pushi/vec4 4, 0, 3;
    %ret/vec4 0, 0, 3;  Assign to classify (store_vec4_to_lval)
    %jmp T_12.80;
T_12.76 ;
    %pushi/vec4 4, 0, 3;
    %ret/vec4 0, 0, 3;  Assign to classify (store_vec4_to_lval)
    %jmp T_12.80;
T_12.77 ;
    %pushi/vec4 4, 0, 3;
    %ret/vec4 0, 0, 3;  Assign to classify (store_vec4_to_lval)
    %jmp T_12.80;
T_12.78 ;
    %load/vec4 v0x13f564bd0_0;
    %cmpi/e 0, 0, 12;
    %flag_mov 8, 4;
    %jmp/0 T_12.81, 8;
    %pushi/vec4 5, 0, 3;
    %jmp/1 T_12.82, 8;
T_12.81 ; End of true expr.
    %pushi/vec4 6, 0, 3;
    %jmp/0 T_12.82, 8;
 ; End of false expr.
    %blend;
T_12.82;
    %ret/vec4 0, 0, 3;  Assign to classify (store_vec4_to_lval)
    %jmp T_12.80;
T_12.80 ;
    %pop/vec4 1;
    %end;
S_0x13f564e00 .scope autofunction.vec4.s1, "has_dest" "has_dest" 11 251, 11 251 0, S_0x13f5642a0;
 .timescale 0 0;
; Variable has_dest is vec4 return value of scope S_0x13f564e00
v0x13f565070_0 .var "op", 4 0;
TD_tinker_tb.dut.u_dr.has_dest ;
    %load/vec4 v0x13f565070_0;
    %dup/vec4;
    %pushi/vec4 24, 0, 5;
    %cmp/u;
    %jmp/1 T_13.83, 6;
    %dup/vec4;
    %pushi/vec4 25, 0, 5;
    %cmp/u;
    %jmp/1 T_13.84, 6;
    %dup/vec4;
    %pushi/vec4 26, 0, 5;
    %cmp/u;
    %jmp/1 T_13.85, 6;
    %dup/vec4;
    %pushi/vec4 27, 0, 5;
    %cmp/u;
    %jmp/1 T_13.86, 6;
    %dup/vec4;
    %pushi/vec4 28, 0, 5;
    %cmp/u;
    %jmp/1 T_13.87, 6;
    %dup/vec4;
    %pushi/vec4 29, 0, 5;
    %cmp/u;
    %jmp/1 T_13.88, 6;
    %dup/vec4;
    %pushi/vec4 0, 0, 5;
    %cmp/u;
    %jmp/1 T_13.89, 6;
    %dup/vec4;
    %pushi/vec4 1, 0, 5;
    %cmp/u;
    %jmp/1 T_13.90, 6;
    %dup/vec4;
    %pushi/vec4 2, 0, 5;
    %cmp/u;
    %jmp/1 T_13.91, 6;
    %dup/vec4;
    %pushi/vec4 3, 0, 5;
    %cmp/u;
    %jmp/1 T_13.92, 6;
    %dup/vec4;
    %pushi/vec4 4, 0, 5;
    %cmp/u;
    %jmp/1 T_13.93, 6;
    %dup/vec4;
    %pushi/vec4 5, 0, 5;
    %cmp/u;
    %jmp/1 T_13.94, 6;
    %dup/vec4;
    %pushi/vec4 6, 0, 5;
    %cmp/u;
    %jmp/1 T_13.95, 6;
    %dup/vec4;
    %pushi/vec4 7, 0, 5;
    %cmp/u;
    %jmp/1 T_13.96, 6;
    %dup/vec4;
    %pushi/vec4 16, 0, 5;
    %cmp/u;
    %jmp/1 T_13.97, 6;
    %dup/vec4;
    %pushi/vec4 17, 0, 5;
    %cmp/u;
    %jmp/1 T_13.98, 6;
    %dup/vec4;
    %pushi/vec4 18, 0, 5;
    %cmp/u;
    %jmp/1 T_13.99, 6;
    %dup/vec4;
    %pushi/vec4 20, 0, 5;
    %cmp/u;
    %jmp/1 T_13.100, 6;
    %dup/vec4;
    %pushi/vec4 21, 0, 5;
    %cmp/u;
    %jmp/1 T_13.101, 6;
    %dup/vec4;
    %pushi/vec4 22, 0, 5;
    %cmp/u;
    %jmp/1 T_13.102, 6;
    %dup/vec4;
    %pushi/vec4 23, 0, 5;
    %cmp/u;
    %jmp/1 T_13.103, 6;
    %pushi/vec4 0, 0, 1;
    %ret/vec4 0, 0, 1;  Assign to has_dest (store_vec4_to_lval)
    %jmp T_13.105;
T_13.83 ;
    %pushi/vec4 1, 0, 1;
    %ret/vec4 0, 0, 1;  Assign to has_dest (store_vec4_to_lval)
    %jmp T_13.105;
T_13.84 ;
    %pushi/vec4 1, 0, 1;
    %ret/vec4 0, 0, 1;  Assign to has_dest (store_vec4_to_lval)
    %jmp T_13.105;
T_13.85 ;
    %pushi/vec4 1, 0, 1;
    %ret/vec4 0, 0, 1;  Assign to has_dest (store_vec4_to_lval)
    %jmp T_13.105;
T_13.86 ;
    %pushi/vec4 1, 0, 1;
    %ret/vec4 0, 0, 1;  Assign to has_dest (store_vec4_to_lval)
    %jmp T_13.105;
T_13.87 ;
    %pushi/vec4 1, 0, 1;
    %ret/vec4 0, 0, 1;  Assign to has_dest (store_vec4_to_lval)
    %jmp T_13.105;
T_13.88 ;
    %pushi/vec4 1, 0, 1;
    %ret/vec4 0, 0, 1;  Assign to has_dest (store_vec4_to_lval)
    %jmp T_13.105;
T_13.89 ;
    %pushi/vec4 1, 0, 1;
    %ret/vec4 0, 0, 1;  Assign to has_dest (store_vec4_to_lval)
    %jmp T_13.105;
T_13.90 ;
    %pushi/vec4 1, 0, 1;
    %ret/vec4 0, 0, 1;  Assign to has_dest (store_vec4_to_lval)
    %jmp T_13.105;
T_13.91 ;
    %pushi/vec4 1, 0, 1;
    %ret/vec4 0, 0, 1;  Assign to has_dest (store_vec4_to_lval)
    %jmp T_13.105;
T_13.92 ;
    %pushi/vec4 1, 0, 1;
    %ret/vec4 0, 0, 1;  Assign to has_dest (store_vec4_to_lval)
    %jmp T_13.105;
T_13.93 ;
    %pushi/vec4 1, 0, 1;
    %ret/vec4 0, 0, 1;  Assign to has_dest (store_vec4_to_lval)
    %jmp T_13.105;
T_13.94 ;
    %pushi/vec4 1, 0, 1;
    %ret/vec4 0, 0, 1;  Assign to has_dest (store_vec4_to_lval)
    %jmp T_13.105;
T_13.95 ;
    %pushi/vec4 1, 0, 1;
    %ret/vec4 0, 0, 1;  Assign to has_dest (store_vec4_to_lval)
    %jmp T_13.105;
T_13.96 ;
    %pushi/vec4 1, 0, 1;
    %ret/vec4 0, 0, 1;  Assign to has_dest (store_vec4_to_lval)
    %jmp T_13.105;
T_13.97 ;
    %pushi/vec4 1, 0, 1;
    %ret/vec4 0, 0, 1;  Assign to has_dest (store_vec4_to_lval)
    %jmp T_13.105;
T_13.98 ;
    %pushi/vec4 1, 0, 1;
    %ret/vec4 0, 0, 1;  Assign to has_dest (store_vec4_to_lval)
    %jmp T_13.105;
T_13.99 ;
    %pushi/vec4 1, 0, 1;
    %ret/vec4 0, 0, 1;  Assign to has_dest (store_vec4_to_lval)
    %jmp T_13.105;
T_13.100 ;
    %pushi/vec4 1, 0, 1;
    %ret/vec4 0, 0, 1;  Assign to has_dest (store_vec4_to_lval)
    %jmp T_13.105;
T_13.101 ;
    %pushi/vec4 1, 0, 1;
    %ret/vec4 0, 0, 1;  Assign to has_dest (store_vec4_to_lval)
    %jmp T_13.105;
T_13.102 ;
    %pushi/vec4 1, 0, 1;
    %ret/vec4 0, 0, 1;  Assign to has_dest (store_vec4_to_lval)
    %jmp T_13.105;
T_13.103 ;
    %pushi/vec4 1, 0, 1;
    %ret/vec4 0, 0, 1;  Assign to has_dest (store_vec4_to_lval)
    %jmp T_13.105;
T_13.105 ;
    %pop/vec4 1;
    %end;
S_0x13f565120 .scope autofunction.vec4.s1, "needs_src2" "needs_src2" 11 303, 11 303 0, S_0x13f5642a0;
 .timescale 0 0;
; Variable needs_src2 is vec4 return value of scope S_0x13f565120
v0x13f5653a0_0 .var "op", 4 0;
TD_tinker_tb.dut.u_dr.needs_src2 ;
    %load/vec4 v0x13f5653a0_0;
    %dup/vec4;
    %pushi/vec4 24, 0, 5;
    %cmp/u;
    %jmp/1 T_14.106, 6;
    %dup/vec4;
    %pushi/vec4 26, 0, 5;
    %cmp/u;
    %jmp/1 T_14.107, 6;
    %dup/vec4;
    %pushi/vec4 28, 0, 5;
    %cmp/u;
    %jmp/1 T_14.108, 6;
    %dup/vec4;
    %pushi/vec4 29, 0, 5;
    %cmp/u;
    %jmp/1 T_14.109, 6;
    %dup/vec4;
    %pushi/vec4 0, 0, 5;
    %cmp/u;
    %jmp/1 T_14.110, 6;
    %dup/vec4;
    %pushi/vec4 1, 0, 5;
    %cmp/u;
    %jmp/1 T_14.111, 6;
    %dup/vec4;
    %pushi/vec4 2, 0, 5;
    %cmp/u;
    %jmp/1 T_14.112, 6;
    %dup/vec4;
    %pushi/vec4 4, 0, 5;
    %cmp/u;
    %jmp/1 T_14.113, 6;
    %dup/vec4;
    %pushi/vec4 6, 0, 5;
    %cmp/u;
    %jmp/1 T_14.114, 6;
    %dup/vec4;
    %pushi/vec4 20, 0, 5;
    %cmp/u;
    %jmp/1 T_14.115, 6;
    %dup/vec4;
    %pushi/vec4 21, 0, 5;
    %cmp/u;
    %jmp/1 T_14.116, 6;
    %dup/vec4;
    %pushi/vec4 22, 0, 5;
    %cmp/u;
    %jmp/1 T_14.117, 6;
    %dup/vec4;
    %pushi/vec4 23, 0, 5;
    %cmp/u;
    %jmp/1 T_14.118, 6;
    %dup/vec4;
    %pushi/vec4 11, 0, 5;
    %cmp/u;
    %jmp/1 T_14.119, 6;
    %dup/vec4;
    %pushi/vec4 14, 0, 5;
    %cmp/u;
    %jmp/1 T_14.120, 6;
    %dup/vec4;
    %pushi/vec4 19, 0, 5;
    %cmp/u;
    %jmp/1 T_14.121, 6;
    %pushi/vec4 0, 0, 1;
    %ret/vec4 0, 0, 1;  Assign to needs_src2 (store_vec4_to_lval)
    %jmp T_14.123;
T_14.106 ;
    %pushi/vec4 1, 0, 1;
    %ret/vec4 0, 0, 1;  Assign to needs_src2 (store_vec4_to_lval)
    %jmp T_14.123;
T_14.107 ;
    %pushi/vec4 1, 0, 1;
    %ret/vec4 0, 0, 1;  Assign to needs_src2 (store_vec4_to_lval)
    %jmp T_14.123;
T_14.108 ;
    %pushi/vec4 1, 0, 1;
    %ret/vec4 0, 0, 1;  Assign to needs_src2 (store_vec4_to_lval)
    %jmp T_14.123;
T_14.109 ;
    %pushi/vec4 1, 0, 1;
    %ret/vec4 0, 0, 1;  Assign to needs_src2 (store_vec4_to_lval)
    %jmp T_14.123;
T_14.110 ;
    %pushi/vec4 1, 0, 1;
    %ret/vec4 0, 0, 1;  Assign to needs_src2 (store_vec4_to_lval)
    %jmp T_14.123;
T_14.111 ;
    %pushi/vec4 1, 0, 1;
    %ret/vec4 0, 0, 1;  Assign to needs_src2 (store_vec4_to_lval)
    %jmp T_14.123;
T_14.112 ;
    %pushi/vec4 1, 0, 1;
    %ret/vec4 0, 0, 1;  Assign to needs_src2 (store_vec4_to_lval)
    %jmp T_14.123;
T_14.113 ;
    %pushi/vec4 1, 0, 1;
    %ret/vec4 0, 0, 1;  Assign to needs_src2 (store_vec4_to_lval)
    %jmp T_14.123;
T_14.114 ;
    %pushi/vec4 1, 0, 1;
    %ret/vec4 0, 0, 1;  Assign to needs_src2 (store_vec4_to_lval)
    %jmp T_14.123;
T_14.115 ;
    %pushi/vec4 1, 0, 1;
    %ret/vec4 0, 0, 1;  Assign to needs_src2 (store_vec4_to_lval)
    %jmp T_14.123;
T_14.116 ;
    %pushi/vec4 1, 0, 1;
    %ret/vec4 0, 0, 1;  Assign to needs_src2 (store_vec4_to_lval)
    %jmp T_14.123;
T_14.117 ;
    %pushi/vec4 1, 0, 1;
    %ret/vec4 0, 0, 1;  Assign to needs_src2 (store_vec4_to_lval)
    %jmp T_14.123;
T_14.118 ;
    %pushi/vec4 1, 0, 1;
    %ret/vec4 0, 0, 1;  Assign to needs_src2 (store_vec4_to_lval)
    %jmp T_14.123;
T_14.119 ;
    %pushi/vec4 1, 0, 1;
    %ret/vec4 0, 0, 1;  Assign to needs_src2 (store_vec4_to_lval)
    %jmp T_14.123;
T_14.120 ;
    %pushi/vec4 1, 0, 1;
    %ret/vec4 0, 0, 1;  Assign to needs_src2 (store_vec4_to_lval)
    %jmp T_14.123;
T_14.121 ;
    %pushi/vec4 1, 0, 1;
    %ret/vec4 0, 0, 1;  Assign to needs_src2 (store_vec4_to_lval)
    %jmp T_14.123;
T_14.123 ;
    %pop/vec4 1;
    %end;
S_0x13f565450 .scope autofunction.vec4.s5, "src1_arch" "src1_arch" 11 270, 11 270 0, S_0x13f5642a0;
 .timescale 0 0;
v0x13f565610_0 .var "op", 4 0;
v0x13f5656d0_0 .var "rd_f", 4 0;
v0x13f565780_0 .var "rs_f", 4 0;
; Variable src1_arch is vec4 return value of scope S_0x13f565450
TD_tinker_tb.dut.u_dr.src1_arch ;
    %load/vec4 v0x13f565610_0;
    %dup/vec4;
    %pushi/vec4 25, 0, 5;
    %cmp/u;
    %jmp/1 T_15.124, 6;
    %dup/vec4;
    %pushi/vec4 27, 0, 5;
    %cmp/u;
    %jmp/1 T_15.125, 6;
    %dup/vec4;
    %pushi/vec4 5, 0, 5;
    %cmp/u;
    %jmp/1 T_15.126, 6;
    %dup/vec4;
    %pushi/vec4 7, 0, 5;
    %cmp/u;
    %jmp/1 T_15.127, 6;
    %dup/vec4;
    %pushi/vec4 18, 0, 5;
    %cmp/u;
    %jmp/1 T_15.128, 6;
    %dup/vec4;
    %pushi/vec4 8, 0, 5;
    %cmp/u;
    %jmp/1 T_15.129, 6;
    %dup/vec4;
    %pushi/vec4 9, 0, 5;
    %cmp/u;
    %jmp/1 T_15.130, 6;
    %dup/vec4;
    %pushi/vec4 12, 0, 5;
    %cmp/u;
    %jmp/1 T_15.131, 6;
    %dup/vec4;
    %pushi/vec4 19, 0, 5;
    %cmp/u;
    %jmp/1 T_15.132, 6;
    %load/vec4 v0x13f565780_0;
    %ret/vec4 0, 0, 5;  Assign to src1_arch (store_vec4_to_lval)
    %jmp T_15.134;
T_15.124 ;
    %load/vec4 v0x13f5656d0_0;
    %ret/vec4 0, 0, 5;  Assign to src1_arch (store_vec4_to_lval)
    %jmp T_15.134;
T_15.125 ;
    %load/vec4 v0x13f5656d0_0;
    %ret/vec4 0, 0, 5;  Assign to src1_arch (store_vec4_to_lval)
    %jmp T_15.134;
T_15.126 ;
    %load/vec4 v0x13f5656d0_0;
    %ret/vec4 0, 0, 5;  Assign to src1_arch (store_vec4_to_lval)
    %jmp T_15.134;
T_15.127 ;
    %load/vec4 v0x13f5656d0_0;
    %ret/vec4 0, 0, 5;  Assign to src1_arch (store_vec4_to_lval)
    %jmp T_15.134;
T_15.128 ;
    %load/vec4 v0x13f5656d0_0;
    %ret/vec4 0, 0, 5;  Assign to src1_arch (store_vec4_to_lval)
    %jmp T_15.134;
T_15.129 ;
    %load/vec4 v0x13f5656d0_0;
    %ret/vec4 0, 0, 5;  Assign to src1_arch (store_vec4_to_lval)
    %jmp T_15.134;
T_15.130 ;
    %load/vec4 v0x13f5656d0_0;
    %ret/vec4 0, 0, 5;  Assign to src1_arch (store_vec4_to_lval)
    %jmp T_15.134;
T_15.131 ;
    %load/vec4 v0x13f5656d0_0;
    %ret/vec4 0, 0, 5;  Assign to src1_arch (store_vec4_to_lval)
    %jmp T_15.134;
T_15.132 ;
    %load/vec4 v0x13f5656d0_0;
    %ret/vec4 0, 0, 5;  Assign to src1_arch (store_vec4_to_lval)
    %jmp T_15.134;
T_15.134 ;
    %pop/vec4 1;
    %end;
S_0x13f5658f0 .scope autofunction.vec4.s5, "src2_arch" "src2_arch" 11 286, 11 286 0, S_0x13f5642a0;
 .timescale 0 0;
v0x13f565af0_0 .var "op", 4 0;
v0x13f565bb0_0 .var "rd_f", 4 0;
v0x13f565c50_0 .var "rs_f", 4 0;
v0x13f565d00_0 .var "rt_f", 4 0;
; Variable src2_arch is vec4 return value of scope S_0x13f5658f0
TD_tinker_tb.dut.u_dr.src2_arch ;
    %load/vec4 v0x13f565af0_0;
    %dup/vec4;
    %pushi/vec4 24, 0, 5;
    %cmp/u;
    %jmp/1 T_16.135, 6;
    %dup/vec4;
    %pushi/vec4 26, 0, 5;
    %cmp/u;
    %jmp/1 T_16.136, 6;
    %dup/vec4;
    %pushi/vec4 28, 0, 5;
    %cmp/u;
    %jmp/1 T_16.137, 6;
    %dup/vec4;
    %pushi/vec4 29, 0, 5;
    %cmp/u;
    %jmp/1 T_16.138, 6;
    %dup/vec4;
    %pushi/vec4 0, 0, 5;
    %cmp/u;
    %jmp/1 T_16.139, 6;
    %dup/vec4;
    %pushi/vec4 1, 0, 5;
    %cmp/u;
    %jmp/1 T_16.140, 6;
    %dup/vec4;
    %pushi/vec4 2, 0, 5;
    %cmp/u;
    %jmp/1 T_16.141, 6;
    %dup/vec4;
    %pushi/vec4 4, 0, 5;
    %cmp/u;
    %jmp/1 T_16.142, 6;
    %dup/vec4;
    %pushi/vec4 6, 0, 5;
    %cmp/u;
    %jmp/1 T_16.143, 6;
    %dup/vec4;
    %pushi/vec4 20, 0, 5;
    %cmp/u;
    %jmp/1 T_16.144, 6;
    %dup/vec4;
    %pushi/vec4 21, 0, 5;
    %cmp/u;
    %jmp/1 T_16.145, 6;
    %dup/vec4;
    %pushi/vec4 22, 0, 5;
    %cmp/u;
    %jmp/1 T_16.146, 6;
    %dup/vec4;
    %pushi/vec4 23, 0, 5;
    %cmp/u;
    %jmp/1 T_16.147, 6;
    %dup/vec4;
    %pushi/vec4 11, 0, 5;
    %cmp/u;
    %jmp/1 T_16.148, 6;
    %dup/vec4;
    %pushi/vec4 14, 0, 5;
    %cmp/u;
    %jmp/1 T_16.149, 6;
    %dup/vec4;
    %pushi/vec4 19, 0, 5;
    %cmp/u;
    %jmp/1 T_16.150, 6;
    %pushi/vec4 0, 0, 5;
    %ret/vec4 0, 0, 5;  Assign to src2_arch (store_vec4_to_lval)
    %jmp T_16.152;
T_16.135 ;
    %load/vec4 v0x13f565d00_0;
    %ret/vec4 0, 0, 5;  Assign to src2_arch (store_vec4_to_lval)
    %jmp T_16.152;
T_16.136 ;
    %load/vec4 v0x13f565d00_0;
    %ret/vec4 0, 0, 5;  Assign to src2_arch (store_vec4_to_lval)
    %jmp T_16.152;
T_16.137 ;
    %load/vec4 v0x13f565d00_0;
    %ret/vec4 0, 0, 5;  Assign to src2_arch (store_vec4_to_lval)
    %jmp T_16.152;
T_16.138 ;
    %load/vec4 v0x13f565d00_0;
    %ret/vec4 0, 0, 5;  Assign to src2_arch (store_vec4_to_lval)
    %jmp T_16.152;
T_16.139 ;
    %load/vec4 v0x13f565d00_0;
    %ret/vec4 0, 0, 5;  Assign to src2_arch (store_vec4_to_lval)
    %jmp T_16.152;
T_16.140 ;
    %load/vec4 v0x13f565d00_0;
    %ret/vec4 0, 0, 5;  Assign to src2_arch (store_vec4_to_lval)
    %jmp T_16.152;
T_16.141 ;
    %load/vec4 v0x13f565d00_0;
    %ret/vec4 0, 0, 5;  Assign to src2_arch (store_vec4_to_lval)
    %jmp T_16.152;
T_16.142 ;
    %load/vec4 v0x13f565d00_0;
    %ret/vec4 0, 0, 5;  Assign to src2_arch (store_vec4_to_lval)
    %jmp T_16.152;
T_16.143 ;
    %load/vec4 v0x13f565d00_0;
    %ret/vec4 0, 0, 5;  Assign to src2_arch (store_vec4_to_lval)
    %jmp T_16.152;
T_16.144 ;
    %load/vec4 v0x13f565d00_0;
    %ret/vec4 0, 0, 5;  Assign to src2_arch (store_vec4_to_lval)
    %jmp T_16.152;
T_16.145 ;
    %load/vec4 v0x13f565d00_0;
    %ret/vec4 0, 0, 5;  Assign to src2_arch (store_vec4_to_lval)
    %jmp T_16.152;
T_16.146 ;
    %load/vec4 v0x13f565d00_0;
    %ret/vec4 0, 0, 5;  Assign to src2_arch (store_vec4_to_lval)
    %jmp T_16.152;
T_16.147 ;
    %load/vec4 v0x13f565d00_0;
    %ret/vec4 0, 0, 5;  Assign to src2_arch (store_vec4_to_lval)
    %jmp T_16.152;
T_16.148 ;
    %load/vec4 v0x13f565bb0_0;
    %ret/vec4 0, 0, 5;  Assign to src2_arch (store_vec4_to_lval)
    %jmp T_16.152;
T_16.149 ;
    %load/vec4 v0x13f565d00_0;
    %ret/vec4 0, 0, 5;  Assign to src2_arch (store_vec4_to_lval)
    %jmp T_16.152;
T_16.150 ;
    %load/vec4 v0x13f565c50_0;
    %ret/vec4 0, 0, 5;  Assign to src2_arch (store_vec4_to_lval)
    %jmp T_16.152;
T_16.152 ;
    %pop/vec4 1;
    %end;
S_0x13f56e5f0 .scope module, "u_fl" "free_list" 6 101, 12 5 0, S_0x13f3b7400;
 .timescale 0 0;
    .port_info 0 /INPUT 1 "clk";
    .port_info 1 /INPUT 1 "reset";
    .port_info 2 /INPUT 1 "alloc_en0";
    .port_info 3 /INPUT 1 "alloc_en1";
    .port_info 4 /OUTPUT 7 "alloc_reg0";
    .port_info 5 /OUTPUT 7 "alloc_reg1";
    .port_info 6 /INPUT 1 "free_en0";
    .port_info 7 /INPUT 7 "free_reg0";
    .port_info 8 /INPUT 1 "free_en1";
    .port_info 9 /INPUT 7 "free_reg1";
    .port_info 10 /OUTPUT 1 "empty";
    .port_info 11 /OUTPUT 1 "almost_empty";
P_0x13f5664f0 .param/l "FIFO_DEPTH" 1 12 26, +C4<00000000000000000000000010000000>;
P_0x13f566530 .param/l "PTR_BITS" 1 12 27, +C4<00000000000000000000000000000111>;
L_0x13f5de570 .functor BUFZ 7, L_0x13f5de250, C4<0000000>, C4<0000000>, C4<0000000>;
L_0x13f5dea30 .functor BUFZ 7, L_0x13f5de620, C4<0000000>, C4<0000000>, C4<0000000>;
v0x13f56ead0_0 .net *"_ivl_10", 31 0, L_0x13f5de050;  1 drivers
L_0x130042b60 .functor BUFT 1, C4<000000000000000000000000>, C4<0>, C4<0>, C4<0>;
v0x13f56eb90_0 .net *"_ivl_13", 23 0, L_0x130042b60;  1 drivers
L_0x130042ba8 .functor BUFT 1, C4<00000000000000000000000000000001>, C4<0>, C4<0>, C4<0>;
v0x13f56ec30_0 .net/2u *"_ivl_14", 31 0, L_0x130042ba8;  1 drivers
v0x13f56ecc0_0 .net *"_ivl_18", 6 0, L_0x13f5de250;  1 drivers
v0x13f56ed50_0 .net *"_ivl_2", 31 0, L_0x13f5dde50;  1 drivers
v0x13f56ee20_0 .net *"_ivl_21", 6 0, L_0x13f5de2f0;  1 drivers
v0x13f56eed0_0 .net *"_ivl_22", 8 0, L_0x13f5de410;  1 drivers
L_0x130042bf0 .functor BUFT 1, C4<00>, C4<0>, C4<0>, C4<0>;
v0x13f56ef80_0 .net *"_ivl_25", 1 0, L_0x130042bf0;  1 drivers
v0x13f56f030_0 .net *"_ivl_28", 6 0, L_0x13f5de620;  1 drivers
v0x13f56f140_0 .net *"_ivl_31", 6 0, L_0x13f5de710;  1 drivers
v0x13f56f1f0_0 .net *"_ivl_32", 31 0, L_0x13f5de7b0;  1 drivers
L_0x130042c38 .functor BUFT 1, C4<0000000000000000000000000>, C4<0>, C4<0>, C4<0>;
v0x13f56f2a0_0 .net *"_ivl_35", 24 0, L_0x130042c38;  1 drivers
L_0x130042c80 .functor BUFT 1, C4<00000000000000000000000000000001>, C4<0>, C4<0>, C4<0>;
v0x13f56f350_0 .net/2u *"_ivl_36", 31 0, L_0x130042c80;  1 drivers
v0x13f56f400_0 .net *"_ivl_38", 31 0, L_0x13f5de8f0;  1 drivers
L_0x130042ad0 .functor BUFT 1, C4<000000000000000000000000>, C4<0>, C4<0>, C4<0>;
v0x13f56f4b0_0 .net *"_ivl_5", 23 0, L_0x130042ad0;  1 drivers
L_0x130042b18 .functor BUFT 1, C4<00000000000000000000000000000000>, C4<0>, C4<0>, C4<0>;
v0x13f56f560_0 .net/2u *"_ivl_6", 31 0, L_0x130042b18;  1 drivers
v0x13f56f610_0 .net "alloc_en0", 0 0, v0x13f566b50_0;  alias, 1 drivers
v0x13f56f7a0_0 .net "alloc_en1", 0 0, v0x13f566be0_0;  alias, 1 drivers
v0x13f56f830_0 .net "alloc_reg0", 6 0, L_0x13f5de570;  alias, 1 drivers
v0x13f56f8c0_0 .net "alloc_reg1", 6 0, L_0x13f5dea30;  alias, 1 drivers
v0x13f56f950_0 .net "almost_empty", 0 0, L_0x13f5de130;  alias, 1 drivers
v0x13f56f9e0_0 .net "clk", 0 0, v0x13f5c4760_0;  alias, 1 drivers
v0x13f56fa70_0 .net "count", 7 0, L_0x13f5ddd50;  1 drivers
v0x13f56fb00_0 .net "empty", 0 0, L_0x13f5ddf30;  alias, 1 drivers
v0x13f56fb90 .array "fifo", 127 0, 6 0;
v0x13f56fc20_0 .net "free_en0", 0 0, L_0x13f5fc880;  alias, 1 drivers
v0x13f56fcb0_0 .net "free_en1", 0 0, L_0x13f5fc230;  alias, 1 drivers
v0x13f56fd50_0 .net "free_reg0", 6 0, L_0x13f5fc9e0;  alias, 1 drivers
v0x13f56fe00_0 .net "free_reg1", 6 0, L_0x13f5fcc80;  alias, 1 drivers
v0x13f56feb0_0 .var "head", 7 0;
v0x13f56ff60_0 .var/i "i", 31 0;
v0x13f570010_0 .net "reset", 0 0, v0x13f5c4ba0_0;  alias, 1 drivers
v0x13f5700a0_0 .var "tail", 7 0;
L_0x13f5ddd50 .arith/sub 8, v0x13f5700a0_0, v0x13f56feb0_0;
L_0x13f5dde50 .concat [ 8 24 0 0], L_0x13f5ddd50, L_0x130042ad0;
L_0x13f5ddf30 .cmp/eq 32, L_0x13f5dde50, L_0x130042b18;
L_0x13f5de050 .concat [ 8 24 0 0], L_0x13f5ddd50, L_0x130042b60;
L_0x13f5de130 .cmp/eq 32, L_0x13f5de050, L_0x130042ba8;
L_0x13f5de250 .array/port v0x13f56fb90, L_0x13f5de410;
L_0x13f5de2f0 .part v0x13f56feb0_0, 0, 7;
L_0x13f5de410 .concat [ 7 2 0 0], L_0x13f5de2f0, L_0x130042bf0;
L_0x13f5de620 .array/port v0x13f56fb90, L_0x13f5de8f0;
L_0x13f5de710 .part v0x13f56feb0_0, 0, 7;
L_0x13f5de7b0 .concat [ 7 25 0 0], L_0x13f5de710, L_0x130042c38;
L_0x13f5de8f0 .arith/sum 32, L_0x13f5de7b0, L_0x130042c80;
S_0x13f570370 .scope module, "u_fpu1" "fpu_pipe" 6 505, 7 10 0, S_0x13f3b7400;
 .timescale 0 0;
    .port_info 0 /INPUT 1 "clk";
    .port_info 1 /INPUT 1 "reset";
    .port_info 2 /INPUT 1 "flush";
    .port_info 3 /INPUT 1 "stall";
    .port_info 4 /INPUT 1 "valid_in";
    .port_info 5 /INPUT 5 "opcode_in";
    .port_info 6 /INPUT 64 "src1_in";
    .port_info 7 /INPUT 64 "src2_in";
    .port_info 8 /INPUT 7 "dest_tag_in";
    .port_info 9 /INPUT 5 "rob_idx_in";
    .port_info 10 /OUTPUT 1 "pipe_ready";
    .port_info 11 /OUTPUT 1 "valid_out";
    .port_info 12 /OUTPUT 7 "dest_tag_out";
    .port_info 13 /OUTPUT 5 "rob_idx_out";
    .port_info 14 /OUTPUT 64 "result_out";
L_0x13f5ee890 .functor NOT 1, L_0x13f5ee7f0, C4<0>, C4<0>, C4<0>;
L_0x13f5f39c0 .functor AND 1, L_0x13f5f7f80, v0x13f580290_0, C4<1>, C4<1>;
L_0x13f5f3ba0 .functor OR 1, L_0x13f5f3ad0, L_0x13f5f3a30, C4<0>, C4<0>;
L_0x13f5f3cd0 .functor BUFZ 1, v0x13f580290_0, C4<0>, C4<0>, C4<0>;
L_0x13f5f3d80 .functor BUFZ 7, v0x13f5800e0_0, C4<0000000>, C4<0000000>, C4<0000000>;
L_0x13f5f3df0 .functor BUFZ 5, v0x13f580200_0, C4<00000>, C4<00000>, C4<00000>;
L_0x13f5f3e60 .functor BUFZ 64, v0x13f580170_0, C4<0000000000000000000000000000000000000000000000000000000000000000>, C4<0000000000000000000000000000000000000000000000000000000000000000>, C4<0000000000000000000000000000000000000000000000000000000000000000>;
v0x13f57ecf0_0 .net *"_ivl_1", 0 0, L_0x13f5ee7f0;  1 drivers
v0x13f57ed80_0 .net *"_ivl_13", 0 0, L_0x13f5f3ad0;  1 drivers
v0x13f57ee10_0 .net *"_ivl_2", 0 0, L_0x13f5ee890;  1 drivers
v0x13f57eea0_0 .net *"_ivl_5", 62 0, L_0x13f5ee900;  1 drivers
v0x13f57ef30_0 .net "advance", 0 0, L_0x13f5f3a30;  1 drivers
v0x13f57f000_0 .net "clk", 0 0, v0x13f5c4760_0;  alias, 1 drivers
v0x13f57f090_0 .net "dest_tag_in", 6 0, v0x13f5b0730_0;  alias, 1 drivers
v0x13f57f140_0 .net "dest_tag_out", 6 0, L_0x13f5f3d80;  alias, 1 drivers
v0x13f57f1e0_0 .net "fadd_result", 63 0, v0x13f573c60_0;  1 drivers
v0x13f57f310_0 .net "fdiv_result", 63 0, v0x13f577550_0;  1 drivers
v0x13f57f3a0_0 .net "flush", 0 0, L_0x13f5f92f0;  alias, 1 drivers
v0x13f57f430_0 .net "fmul_result", 63 0, v0x13f57ab70_0;  1 drivers
v0x13f57f4c0_0 .net "fsub_result", 63 0, v0x13f57e750_0;  1 drivers
v0x13f57f570_0 .net "opcode_in", 4 0, v0x13f5b0930_0;  alias, 1 drivers
v0x13f57f610_0 .net "pipe_ready", 0 0, L_0x13f5f3ba0;  alias, 1 drivers
v0x13f57f6b0_0 .net "pipe_stalled", 0 0, L_0x13f5f39c0;  1 drivers
v0x13f57f750_0 .net "reset", 0 0, v0x13f5c4ba0_0;  alias, 1 drivers
v0x13f57f8e0_0 .net "result_out", 63 0, L_0x13f5f3e60;  alias, 1 drivers
v0x13f57f9a0_0 .net "rob_idx_in", 4 0, v0x13f5b0bf0_0;  alias, 1 drivers
v0x13f57fa30_0 .net "rob_idx_out", 4 0, L_0x13f5f3df0;  alias, 1 drivers
v0x13f57fac0_0 .var "s1_dest_tag", 6 0;
v0x13f57fb50_0 .var "s1_opcode", 4 0;
v0x13f57fbe0_0 .var "s1_result_c", 63 0;
v0x13f57fc80_0 .var "s1_rob_idx", 4 0;
v0x13f57fd30_0 .var "s1_src1", 63 0;
v0x13f57fed0_0 .var "s1_src2", 63 0;
v0x13f57ff70_0 .net "s1_src2_neg", 63 0, L_0x13f5ee9a0;  1 drivers
v0x13f580050_0 .var "s1_valid", 0 0;
v0x13f5800e0_0 .var "s2_dest_tag", 6 0;
v0x13f580170_0 .var "s2_result", 63 0;
v0x13f580200_0 .var "s2_rob_idx", 4 0;
v0x13f580290_0 .var "s2_valid", 0 0;
v0x13f580320_0 .net "src1_in", 63 0, v0x13f5b0d50_0;  alias, 1 drivers
v0x13f57f800_0 .net "src2_in", 63 0, v0x13f5b0eb0_0;  alias, 1 drivers
v0x13f5805b0_0 .net "stall", 0 0, L_0x13f5f7f80;  alias, 1 drivers
v0x13f580640_0 .net "valid_in", 0 0, L_0x13f5f3ed0;  1 drivers
v0x13f5806d0_0 .net "valid_out", 0 0, L_0x13f5f3cd0;  alias, 1 drivers
E_0x13f570790/0 .event anyedge, v0x13f57fb50_0, v0x13f573c60_0, v0x13f57e750_0, v0x13f57ab70_0;
E_0x13f570790/1 .event anyedge, v0x13f577550_0;
E_0x13f570790 .event/or E_0x13f570790/0, E_0x13f570790/1;
L_0x13f5ee7f0 .part v0x13f57fed0_0, 63, 1;
L_0x13f5ee900 .part v0x13f57fed0_0, 0, 63;
L_0x13f5ee9a0 .concat [ 63 1 0 0], L_0x13f5ee900, L_0x13f5ee890;
L_0x13f5f3a30 .reduce/nor L_0x13f5f39c0;
L_0x13f5f3ad0 .reduce/nor v0x13f580050_0;
S_0x13f570810 .scope module, "u_fadd" "fpu_add" 7 47, 4 124 0, S_0x13f570370;
 .timescale 0 0;
    .port_info 0 /INPUT 64 "a";
    .port_info 1 /INPUT 64 "b";
    .port_info 2 /OUTPUT 64 "result";
v0x13f572d20_0 .net "a", 63 0, v0x13f57fd30_0;  1 drivers
v0x13f572df0_0 .net "aInf", 0 0, L_0x13f5ed450;  1 drivers
v0x13f572ea0_0 .net "aNan", 0 0, L_0x13f5ed320;  1 drivers
v0x13f572f70_0 .net "aNormal", 0 0, L_0x13f5ed9b0;  1 drivers
v0x13f573020_0 .net "aSubnormal", 0 0, L_0x13f5ed6e0;  1 drivers
v0x13f5730f0_0 .net "aZero", 0 0, L_0x13f5ed500;  1 drivers
v0x13f5731a0_0 .var "addendSig", 52 0;
v0x13f573230_0 .var "augendSig", 52 0;
v0x13f5732c0_0 .net "b", 63 0, v0x13f57fed0_0;  1 drivers
v0x13f5733f0_0 .net "bInf", 0 0, L_0x13f5ee190;  1 drivers
v0x13f573480_0 .net "bNan", 0 0, L_0x13f5ee060;  1 drivers
v0x13f573510_0 .net "bNormal", 0 0, L_0x13f5ee6b0;  1 drivers
v0x13f5735c0_0 .net "bSubnormal", 0 0, L_0x13f5ee420;  1 drivers
v0x13f573670_0 .net "bZero", 0 0, L_0x13f5ee240;  1 drivers
v0x13f573720_0 .var "diffSig", 56 0;
v0x13f5737b0_0 .var/s "expA", 12 0;
v0x13f573840_0 .var/s "expB", 12 0;
v0x13f5739d0_0 .var/s "expResult", 12 0;
v0x13f573a60_0 .var "extAddend", 55 0;
v0x13f573b10_0 .var "extAugend", 55 0;
v0x13f573bc0_0 .var "guard", 0 0;
v0x13f573c60_0 .var "result", 63 0;
v0x13f573d10_0 .var "round_bit", 0 0;
v0x13f573db0_0 .var/s "shift", 12 0;
v0x13f573e60_0 .var "shiftAmount", 12 0;
v0x13f573f10_0 .var "sigFinal", 52 0;
v0x13f573fc0_0 .var "sign", 0 0;
v0x13f574060_0 .var "sticky", 0 0;
v0x13f574100_0 .var "sumSig", 56 0;
E_0x13f570a00/0 .event anyedge, v0x13f5716a0_0, v0x13f5724b0_0, v0x13f571600_0, v0x13f572410_0;
E_0x13f570a00/1 .event anyedge, v0x13f5714c0_0, v0x13f5722d0_0, v0x13f571880_0, v0x13f572690_0;
E_0x13f570a00/2 .event anyedge, v0x13f571740_0, v0x13f572550_0, v0x13f5737b0_0, v0x13f573840_0;
E_0x13f570a00/3 .event anyedge, v0x13f573230_0, v0x13f5731a0_0, v0x13f573db0_0, v0x13f573a60_0;
E_0x13f570a00/4 .event anyedge, v0x13f573b10_0, v0x13f574100_0, v0x13f5739d0_0, v0x13f574060_0;
E_0x13f570a00/5 .event anyedge, v0x13f573bc0_0, v0x13f573d10_0, v0x13f573f10_0, v0x13f573fc0_0;
E_0x13f570a00/6 .event anyedge, v0x13f573e60_0, v0x13f573720_0;
E_0x13f570a00 .event/or E_0x13f570a00/0, E_0x13f570a00/1, E_0x13f570a00/2, E_0x13f570a00/3, E_0x13f570a00/4, E_0x13f570a00/5, E_0x13f570a00/6;
S_0x13f570b20 .scope module, "classA" "fpu_class" 4 129, 4 4 0, S_0x13f570810;
 .timescale 0 0;
    .port_info 0 /INPUT 64 "f";
    .port_info 1 /OUTPUT 1 "nan";
    .port_info 2 /OUTPUT 1 "infinity";
    .port_info 3 /OUTPUT 1 "zero";
    .port_info 4 /OUTPUT 1 "subnormal";
    .port_info 5 /OUTPUT 1 "normal";
L_0x13f5ed270 .functor NOT 1, L_0x13f5ed190, C4<0>, C4<0>, C4<0>;
L_0x13f5ed320 .functor AND 1, L_0x13f5eced0, L_0x13f5ed270, C4<1>, C4<1>;
L_0x13f5ed450 .functor AND 1, L_0x13f5eced0, L_0x13f5ed190, C4<1>, C4<1>;
L_0x13f5ed500 .functor AND 1, L_0x13f5ed010, L_0x13f5ed190, C4<1>, C4<1>;
L_0x13f5ed670 .functor NOT 1, L_0x13f5ed190, C4<0>, C4<0>, C4<0>;
L_0x13f5ed6e0 .functor AND 1, L_0x13f5ed010, L_0x13f5ed670, C4<1>, C4<1>;
L_0x13f5ed7d0 .functor NOT 1, L_0x13f5eced0, C4<0>, C4<0>, C4<0>;
L_0x13f5ed8c0 .functor NOT 1, L_0x13f5ed010, C4<0>, C4<0>, C4<0>;
L_0x13f5ed9b0 .functor AND 1, L_0x13f5ed7d0, L_0x13f5ed8c0, C4<1>, C4<1>;
v0x13f570de0_0 .net *"_ivl_1", 10 0, L_0x13f5ece30;  1 drivers
v0x13f570ea0_0 .net *"_ivl_12", 0 0, L_0x13f5ed270;  1 drivers
v0x13f570f50_0 .net *"_ivl_20", 0 0, L_0x13f5ed670;  1 drivers
v0x13f571010_0 .net *"_ivl_24", 0 0, L_0x13f5ed7d0;  1 drivers
v0x13f5710c0_0 .net *"_ivl_26", 0 0, L_0x13f5ed8c0;  1 drivers
v0x13f5711b0_0 .net *"_ivl_5", 10 0, L_0x13f5ecf70;  1 drivers
v0x13f571260_0 .net *"_ivl_9", 51 0, L_0x13f5ed0f0;  1 drivers
v0x13f571310_0 .net "expOnes", 0 0, L_0x13f5eced0;  1 drivers
v0x13f5713b0_0 .net "expZero", 0 0, L_0x13f5ed010;  1 drivers
v0x13f5714c0_0 .net "f", 63 0, v0x13f57fd30_0;  alias, 1 drivers
v0x13f571560_0 .net "fracZero", 0 0, L_0x13f5ed190;  1 drivers
v0x13f571600_0 .net "infinity", 0 0, L_0x13f5ed450;  alias, 1 drivers
v0x13f5716a0_0 .net "nan", 0 0, L_0x13f5ed320;  alias, 1 drivers
v0x13f571740_0 .net "normal", 0 0, L_0x13f5ed9b0;  alias, 1 drivers
v0x13f5717e0_0 .net "subnormal", 0 0, L_0x13f5ed6e0;  alias, 1 drivers
v0x13f571880_0 .net "zero", 0 0, L_0x13f5ed500;  alias, 1 drivers
L_0x13f5ece30 .part v0x13f57fd30_0, 52, 11;
L_0x13f5eced0 .reduce/and L_0x13f5ece30;
L_0x13f5ecf70 .part v0x13f57fd30_0, 52, 11;
L_0x13f5ed010 .reduce/nor L_0x13f5ecf70;
L_0x13f5ed0f0 .part v0x13f57fd30_0, 0, 52;
L_0x13f5ed190 .reduce/nor L_0x13f5ed0f0;
S_0x13f5719b0 .scope module, "classB" "fpu_class" 4 130, 4 4 0, S_0x13f570810;
 .timescale 0 0;
    .port_info 0 /INPUT 64 "f";
    .port_info 1 /OUTPUT 1 "nan";
    .port_info 2 /OUTPUT 1 "infinity";
    .port_info 3 /OUTPUT 1 "zero";
    .port_info 4 /OUTPUT 1 "subnormal";
    .port_info 5 /OUTPUT 1 "normal";
L_0x13f5edfb0 .functor NOT 1, L_0x13f5eded0, C4<0>, C4<0>, C4<0>;
L_0x13f5ee060 .functor AND 1, L_0x13f5edb50, L_0x13f5edfb0, C4<1>, C4<1>;
L_0x13f5ee190 .functor AND 1, L_0x13f5edb50, L_0x13f5eded0, C4<1>, C4<1>;
L_0x13f5ee240 .functor AND 1, L_0x13f5edd90, L_0x13f5eded0, C4<1>, C4<1>;
L_0x13f5ee3b0 .functor NOT 1, L_0x13f5eded0, C4<0>, C4<0>, C4<0>;
L_0x13f5ee420 .functor AND 1, L_0x13f5edd90, L_0x13f5ee3b0, C4<1>, C4<1>;
L_0x13f5ee4d0 .functor NOT 1, L_0x13f5edb50, C4<0>, C4<0>, C4<0>;
L_0x13f5ee5c0 .functor NOT 1, L_0x13f5edd90, C4<0>, C4<0>, C4<0>;
L_0x13f5ee6b0 .functor AND 1, L_0x13f5ee4d0, L_0x13f5ee5c0, C4<1>, C4<1>;
v0x13f571c30_0 .net *"_ivl_1", 10 0, L_0x13f5edab0;  1 drivers
v0x13f571cc0_0 .net *"_ivl_12", 0 0, L_0x13f5edfb0;  1 drivers
v0x13f571d60_0 .net *"_ivl_20", 0 0, L_0x13f5ee3b0;  1 drivers
v0x13f571e20_0 .net *"_ivl_24", 0 0, L_0x13f5ee4d0;  1 drivers
v0x13f571ed0_0 .net *"_ivl_26", 0 0, L_0x13f5ee5c0;  1 drivers
v0x13f571fc0_0 .net *"_ivl_5", 10 0, L_0x13f5edbf0;  1 drivers
v0x13f572070_0 .net *"_ivl_9", 51 0, L_0x13f5ede30;  1 drivers
v0x13f572120_0 .net "expOnes", 0 0, L_0x13f5edb50;  1 drivers
v0x13f5721c0_0 .net "expZero", 0 0, L_0x13f5edd90;  1 drivers
v0x13f5722d0_0 .net "f", 63 0, v0x13f57fed0_0;  alias, 1 drivers
v0x13f572370_0 .net "fracZero", 0 0, L_0x13f5eded0;  1 drivers
v0x13f572410_0 .net "infinity", 0 0, L_0x13f5ee190;  alias, 1 drivers
v0x13f5724b0_0 .net "nan", 0 0, L_0x13f5ee060;  alias, 1 drivers
v0x13f572550_0 .net "normal", 0 0, L_0x13f5ee6b0;  alias, 1 drivers
v0x13f5725f0_0 .net "subnormal", 0 0, L_0x13f5ee420;  alias, 1 drivers
v0x13f572690_0 .net "zero", 0 0, L_0x13f5ee240;  alias, 1 drivers
L_0x13f5edab0 .part v0x13f57fed0_0, 52, 11;
L_0x13f5edb50 .reduce/and L_0x13f5edab0;
L_0x13f5edbf0 .part v0x13f57fed0_0, 52, 11;
L_0x13f5edd90 .reduce/nor L_0x13f5edbf0;
L_0x13f5ede30 .part v0x13f57fed0_0, 0, 52;
L_0x13f5eded0 .reduce/nor L_0x13f5ede30;
S_0x13f5727c0 .scope function.vec4.s6, "count_leading_zeros" "count_leading_zeros" 4 132, 4 132 0, S_0x13f570810;
 .timescale 0 0;
; Variable count_leading_zeros is vec4 return value of scope S_0x13f5727c0
v0x13f572bd0_0 .var/i "i", 31 0;
v0x13f572c60_0 .var "sig", 55 0;
TD_tinker_tb.dut.u_fpu1.u_fadd.count_leading_zeros ;
    %fork t_17, S_0x13f572980;
    %jmp t_16;
    .scope S_0x13f572980;
t_17 ;
    %pushi/vec4 0, 0, 6;
    %ret/vec4 0, 0, 6;  Assign to count_leading_zeros (store_vec4_to_lval)
    %pushi/vec4 55, 0, 32;
    %store/vec4 v0x13f572bd0_0, 0, 32;
T_17.153 ; Top of for-loop
    %load/vec4 v0x13f572bd0_0;
    %cmpi/s 0, 0, 32;
    %flag_inv 5; GE is !LT
	  %jmp/0xz T_17.154, 5;
    %load/vec4 v0x13f572c60_0;
    %load/vec4 v0x13f572bd0_0;
    %part/s 1;
    %flag_set/vec4 8;
    %jmp/0xz  T_17.156, 8;
    %disable S_0x13f572980;
    %jmp T_17.157;
T_17.156 ;
    %retload/vec4 0; Load count_leading_zeros (draw_signal_vec4)
    %addi 1, 0, 6;
    %ret/vec4 0, 0, 6;  Assign to count_leading_zeros (store_vec4_to_lval)
T_17.157 ;
T_17.155 ; for-loop step statement
    %load/vec4 v0x13f572bd0_0;
    %subi 1, 0, 32;
    %store/vec4 v0x13f572bd0_0, 0, 32;
    %jmp T_17.153;
T_17.154 ; for-loop exit label
    %end;
    .scope S_0x13f5727c0;
t_16 %join;
    %end;
S_0x13f572980 .scope begin, "clz_loop" "clz_loop" 4 134, 4 134 0, S_0x13f5727c0;
 .timescale 0 0;
S_0x13f574200 .scope module, "u_fdiv" "fpu_div" 7 66, 4 306 0, S_0x13f570370;
 .timescale 0 0;
    .port_info 0 /INPUT 64 "a";
    .port_info 1 /INPUT 64 "b";
    .port_info 2 /OUTPUT 64 "result";
v0x13f5766e0_0 .net "a", 63 0, v0x13f57fd30_0;  alias, 1 drivers
v0x13f576790_0 .net "aInf", 0 0, L_0x13f5f2590;  1 drivers
v0x13f576850_0 .net "aNan", 0 0, L_0x13f5f2460;  1 drivers
v0x13f576920_0 .net "aNormal", 0 0, L_0x13f5f2af0;  1 drivers
v0x13f5769d0_0 .net "aSubnormal", 0 0, L_0x13f5f2820;  1 drivers
v0x13f576aa0_0 .net "aZero", 0 0, L_0x13f5f2640;  1 drivers
v0x13f576b50_0 .net "b", 63 0, v0x13f57fed0_0;  alias, 1 drivers
v0x13f576be0_0 .net "bInf", 0 0, L_0x13f5f3360;  1 drivers
v0x13f576c90_0 .net "bNan", 0 0, L_0x13f5f3230;  1 drivers
v0x13f576dc0_0 .net "bNormal", 0 0, L_0x13f5f38c0;  1 drivers
v0x13f576e50_0 .net "bSubnormal", 0 0, L_0x13f5f35f0;  1 drivers
v0x13f576ee0_0 .net "bZero", 0 0, L_0x13f5f3410;  1 drivers
v0x13f576f90_0 .var "divisor", 52 0;
v0x13f577020_0 .var/s "expA", 12 0;
v0x13f5770b0_0 .var/s "expB", 12 0;
v0x13f577140_0 .var/s "expResult", 12 0;
v0x13f5771d0_0 .var "guard", 0 0;
v0x13f577360_0 .var/i "i", 31 0;
v0x13f5773f0_0 .var "q", 56 0;
v0x13f5774a0_0 .var "r", 109 0;
v0x13f577550_0 .var "result", 63 0;
v0x13f577600_0 .var "round_bit", 0 0;
v0x13f5776a0_0 .var "shift", 5 0;
v0x13f577750_0 .var/s "shiftAmount", 12 0;
v0x13f577800_0 .var "sigA", 52 0;
v0x13f5778b0_0 .var "sigB", 52 0;
v0x13f577960_0 .var "sigFinal", 52 0;
v0x13f577a10_0 .var "sign", 0 0;
v0x13f577ab0_0 .var "sticky", 0 0;
E_0x13f5743d0/0 .event anyedge, v0x13f5714c0_0, v0x13f5722d0_0, v0x13f575030_0, v0x13f575e50_0;
E_0x13f5743d0/1 .event anyedge, v0x13f574f90_0, v0x13f575db0_0, v0x13f577a10_0, v0x13f576030_0;
E_0x13f5743d0/2 .event anyedge, v0x13f575210_0, v0x13f5750d0_0, v0x13f575ef0_0, v0x13f577800_0;
E_0x13f5743d0/3 .event anyedge, v0x13f5776a0_0, v0x13f5778b0_0, v0x13f577020_0, v0x13f5770b0_0;
E_0x13f5743d0/4 .event anyedge, v0x13f5774a0_0, v0x13f576f90_0, v0x13f5773f0_0, v0x13f577140_0;
E_0x13f5743d0/5 .event anyedge, v0x13f577ab0_0, v0x13f5771d0_0, v0x13f577600_0, v0x13f577960_0;
E_0x13f5743d0/6 .event anyedge, v0x13f577750_0;
E_0x13f5743d0 .event/or E_0x13f5743d0/0, E_0x13f5743d0/1, E_0x13f5743d0/2, E_0x13f5743d0/3, E_0x13f5743d0/4, E_0x13f5743d0/5, E_0x13f5743d0/6;
S_0x13f5744e0 .scope module, "classA" "fpu_class" 4 310, 4 4 0, S_0x13f574200;
 .timescale 0 0;
    .port_info 0 /INPUT 64 "f";
    .port_info 1 /OUTPUT 1 "nan";
    .port_info 2 /OUTPUT 1 "infinity";
    .port_info 3 /OUTPUT 1 "zero";
    .port_info 4 /OUTPUT 1 "subnormal";
    .port_info 5 /OUTPUT 1 "normal";
L_0x13f5f23b0 .functor NOT 1, L_0x13f5f22d0, C4<0>, C4<0>, C4<0>;
L_0x13f5f2460 .functor AND 1, L_0x13f5f1fe0, L_0x13f5f23b0, C4<1>, C4<1>;
L_0x13f5f2590 .functor AND 1, L_0x13f5f1fe0, L_0x13f5f22d0, C4<1>, C4<1>;
L_0x13f5f2640 .functor AND 1, L_0x13f5f2120, L_0x13f5f22d0, C4<1>, C4<1>;
L_0x13f5f27b0 .functor NOT 1, L_0x13f5f22d0, C4<0>, C4<0>, C4<0>;
L_0x13f5f2820 .functor AND 1, L_0x13f5f2120, L_0x13f5f27b0, C4<1>, C4<1>;
L_0x13f5f2910 .functor NOT 1, L_0x13f5f1fe0, C4<0>, C4<0>, C4<0>;
L_0x13f5f2a00 .functor NOT 1, L_0x13f5f2120, C4<0>, C4<0>, C4<0>;
L_0x13f5f2af0 .functor AND 1, L_0x13f5f2910, L_0x13f5f2a00, C4<1>, C4<1>;
v0x13f574790_0 .net *"_ivl_1", 10 0, L_0x13f5f1f40;  1 drivers
v0x13f574840_0 .net *"_ivl_12", 0 0, L_0x13f5f23b0;  1 drivers
v0x13f5748f0_0 .net *"_ivl_20", 0 0, L_0x13f5f27b0;  1 drivers
v0x13f5749b0_0 .net *"_ivl_24", 0 0, L_0x13f5f2910;  1 drivers
v0x13f574a60_0 .net *"_ivl_26", 0 0, L_0x13f5f2a00;  1 drivers
v0x13f574b50_0 .net *"_ivl_5", 10 0, L_0x13f5f2080;  1 drivers
v0x13f574c00_0 .net *"_ivl_9", 51 0, L_0x13f5f2200;  1 drivers
v0x13f574cb0_0 .net "expOnes", 0 0, L_0x13f5f1fe0;  1 drivers
v0x13f574d50_0 .net "expZero", 0 0, L_0x13f5f2120;  1 drivers
v0x13f574e60_0 .net "f", 63 0, v0x13f57fd30_0;  alias, 1 drivers
v0x13f574ef0_0 .net "fracZero", 0 0, L_0x13f5f22d0;  1 drivers
v0x13f574f90_0 .net "infinity", 0 0, L_0x13f5f2590;  alias, 1 drivers
v0x13f575030_0 .net "nan", 0 0, L_0x13f5f2460;  alias, 1 drivers
v0x13f5750d0_0 .net "normal", 0 0, L_0x13f5f2af0;  alias, 1 drivers
v0x13f575170_0 .net "subnormal", 0 0, L_0x13f5f2820;  alias, 1 drivers
v0x13f575210_0 .net "zero", 0 0, L_0x13f5f2640;  alias, 1 drivers
L_0x13f5f1f40 .part v0x13f57fd30_0, 52, 11;
L_0x13f5f1fe0 .reduce/and L_0x13f5f1f40;
L_0x13f5f2080 .part v0x13f57fd30_0, 52, 11;
L_0x13f5f2120 .reduce/nor L_0x13f5f2080;
L_0x13f5f2200 .part v0x13f57fd30_0, 0, 52;
L_0x13f5f22d0 .reduce/nor L_0x13f5f2200;
S_0x13f575340 .scope module, "classB" "fpu_class" 4 311, 4 4 0, S_0x13f574200;
 .timescale 0 0;
    .port_info 0 /INPUT 64 "f";
    .port_info 1 /OUTPUT 1 "nan";
    .port_info 2 /OUTPUT 1 "infinity";
    .port_info 3 /OUTPUT 1 "zero";
    .port_info 4 /OUTPUT 1 "subnormal";
    .port_info 5 /OUTPUT 1 "normal";
L_0x13f5f3180 .functor NOT 1, L_0x13f5f30a0, C4<0>, C4<0>, C4<0>;
L_0x13f5f3230 .functor AND 1, L_0x13f5f2c90, L_0x13f5f3180, C4<1>, C4<1>;
L_0x13f5f3360 .functor AND 1, L_0x13f5f2c90, L_0x13f5f30a0, C4<1>, C4<1>;
L_0x13f5f3410 .functor AND 1, L_0x13f5edc90, L_0x13f5f30a0, C4<1>, C4<1>;
L_0x13f5f3580 .functor NOT 1, L_0x13f5f30a0, C4<0>, C4<0>, C4<0>;
L_0x13f5f35f0 .functor AND 1, L_0x13f5edc90, L_0x13f5f3580, C4<1>, C4<1>;
L_0x13f5f36e0 .functor NOT 1, L_0x13f5f2c90, C4<0>, C4<0>, C4<0>;
L_0x13f5f37d0 .functor NOT 1, L_0x13f5edc90, C4<0>, C4<0>, C4<0>;
L_0x13f5f38c0 .functor AND 1, L_0x13f5f36e0, L_0x13f5f37d0, C4<1>, C4<1>;
v0x13f5755c0_0 .net *"_ivl_1", 10 0, L_0x13f5f2bf0;  1 drivers
v0x13f575660_0 .net *"_ivl_12", 0 0, L_0x13f5f3180;  1 drivers
v0x13f575710_0 .net *"_ivl_20", 0 0, L_0x13f5f3580;  1 drivers
v0x13f5757d0_0 .net *"_ivl_24", 0 0, L_0x13f5f36e0;  1 drivers
v0x13f575880_0 .net *"_ivl_26", 0 0, L_0x13f5f37d0;  1 drivers
v0x13f575970_0 .net *"_ivl_5", 10 0, L_0x13f5f2d30;  1 drivers
v0x13f575a20_0 .net *"_ivl_9", 51 0, L_0x13f5f2fd0;  1 drivers
v0x13f575ad0_0 .net "expOnes", 0 0, L_0x13f5f2c90;  1 drivers
v0x13f575b70_0 .net "expZero", 0 0, L_0x13f5edc90;  1 drivers
v0x13f575c80_0 .net "f", 63 0, v0x13f57fed0_0;  alias, 1 drivers
v0x13f575d10_0 .net "fracZero", 0 0, L_0x13f5f30a0;  1 drivers
v0x13f575db0_0 .net "infinity", 0 0, L_0x13f5f3360;  alias, 1 drivers
v0x13f575e50_0 .net "nan", 0 0, L_0x13f5f3230;  alias, 1 drivers
v0x13f575ef0_0 .net "normal", 0 0, L_0x13f5f38c0;  alias, 1 drivers
v0x13f575f90_0 .net "subnormal", 0 0, L_0x13f5f35f0;  alias, 1 drivers
v0x13f576030_0 .net "zero", 0 0, L_0x13f5f3410;  alias, 1 drivers
L_0x13f5f2bf0 .part v0x13f57fed0_0, 52, 11;
L_0x13f5f2c90 .reduce/and L_0x13f5f2bf0;
L_0x13f5f2d30 .part v0x13f57fed0_0, 52, 11;
L_0x13f5edc90 .reduce/nor L_0x13f5f2d30;
L_0x13f5f2fd0 .part v0x13f57fed0_0, 0, 52;
L_0x13f5f30a0 .reduce/nor L_0x13f5f2fd0;
S_0x13f576160 .scope function.vec4.s6, "count_leading_zeros" "count_leading_zeros" 4 313, 4 313 0, S_0x13f574200;
 .timescale 0 0;
; Variable count_leading_zeros is vec4 return value of scope S_0x13f576160
v0x13f576570_0 .var/i "i", 31 0;
v0x13f576620_0 .var "sig", 52 0;
TD_tinker_tb.dut.u_fpu1.u_fdiv.count_leading_zeros ;
    %fork t_19, S_0x13f576320;
    %jmp t_18;
    .scope S_0x13f576320;
t_19 ;
    %pushi/vec4 0, 0, 6;
    %ret/vec4 0, 0, 6;  Assign to count_leading_zeros (store_vec4_to_lval)
    %pushi/vec4 52, 0, 32;
    %store/vec4 v0x13f576570_0, 0, 32;
T_18.158 ; Top of for-loop
    %load/vec4 v0x13f576570_0;
    %cmpi/s 0, 0, 32;
    %flag_inv 5; GE is !LT
	  %jmp/0xz T_18.159, 5;
    %load/vec4 v0x13f576620_0;
    %load/vec4 v0x13f576570_0;
    %part/s 1;
    %flag_set/vec4 8;
    %jmp/0xz  T_18.161, 8;
    %disable S_0x13f576320;
    %jmp T_18.162;
T_18.161 ;
    %retload/vec4 0; Load count_leading_zeros (draw_signal_vec4)
    %addi 1, 0, 6;
    %ret/vec4 0, 0, 6;  Assign to count_leading_zeros (store_vec4_to_lval)
T_18.162 ;
T_18.160 ; for-loop step statement
    %load/vec4 v0x13f576570_0;
    %subi 1, 0, 32;
    %store/vec4 v0x13f576570_0, 0, 32;
    %jmp T_18.158;
T_18.159 ; for-loop exit label
    %end;
    .scope S_0x13f576160;
t_18 %join;
    %end;
S_0x13f576320 .scope begin, "clz_loop" "clz_loop" 4 315, 4 315 0, S_0x13f576160;
 .timescale 0 0;
S_0x13f577ba0 .scope module, "u_fmul" "fpu_mul" 7 60, 4 16 0, S_0x13f570370;
 .timescale 0 0;
    .port_info 0 /INPUT 64 "a";
    .port_info 1 /INPUT 64 "b";
    .port_info 2 /OUTPUT 64 "result";
v0x13f57a0c0_0 .net "a", 63 0, v0x13f57fd30_0;  alias, 1 drivers
v0x13f57a170_0 .net "aInf", 0 0, L_0x13f5f0c50;  1 drivers
v0x13f57a230_0 .net "aNan", 0 0, L_0x13f5f0b20;  1 drivers
v0x13f57a300_0 .net "aNormal", 0 0, L_0x13f5f11b0;  1 drivers
v0x13f57a3b0_0 .net "aSubnormal", 0 0, L_0x13f5f0ee0;  1 drivers
v0x13f57a480_0 .net "aZero", 0 0, L_0x13f5f0d00;  1 drivers
v0x13f57a510_0 .net "b", 63 0, v0x13f57fed0_0;  alias, 1 drivers
v0x13f57a5a0_0 .net "bInf", 0 0, L_0x13f5f18e0;  1 drivers
v0x13f57a650_0 .net "bNan", 0 0, L_0x13f5f17b0;  1 drivers
v0x13f57a780_0 .net "bNormal", 0 0, L_0x13f5f1e40;  1 drivers
v0x13f57a810_0 .net "bSubnormal", 0 0, L_0x13f5f1b70;  1 drivers
v0x13f57a8a0_0 .net "bZero", 0 0, L_0x13f5f1990;  1 drivers
v0x13f57a930_0 .var/s "expA", 12 0;
v0x13f57a9c0_0 .var/s "expB", 12 0;
v0x13f57aa50_0 .var/s "expResult", 12 0;
v0x13f57aae0_0 .var "guard", 0 0;
v0x13f57ab70_0 .var "result", 63 0;
v0x13f57ad20_0 .var "round_bit", 0 0;
v0x13f57adc0_0 .var "shift", 5 0;
v0x13f57ae70_0 .var/s "shiftAmount", 12 0;
v0x13f57af20_0 .var "sigA", 52 0;
v0x13f57afd0_0 .var "sigB", 52 0;
v0x13f57b080_0 .var "sigFinal", 52 0;
v0x13f57b130_0 .var "sigResult", 105 0;
v0x13f57b1e0_0 .var "sign", 0 0;
v0x13f57b280_0 .var "sticky", 0 0;
E_0x13f577d70/0 .event anyedge, v0x13f578a30_0, v0x13f579870_0, v0x13f5789a0_0, v0x13f579a30_0;
E_0x13f577d70/1 .event anyedge, v0x13f5797e0_0, v0x13f578bf0_0, v0x13f5714c0_0, v0x13f5722d0_0;
E_0x13f577d70/2 .event anyedge, v0x13f578ac0_0, v0x13f579900_0, v0x13f57af20_0, v0x13f57adc0_0;
E_0x13f577d70/3 .event anyedge, v0x13f57afd0_0, v0x13f57a930_0, v0x13f57a9c0_0, v0x13f57b130_0;
E_0x13f577d70/4 .event anyedge, v0x13f57aa50_0, v0x13f57aae0_0, v0x13f57ad20_0, v0x13f57b080_0;
E_0x13f577d70/5 .event anyedge, v0x13f57b280_0, v0x13f57b1e0_0, v0x13f57ae70_0;
E_0x13f577d70 .event/or E_0x13f577d70/0, E_0x13f577d70/1, E_0x13f577d70/2, E_0x13f577d70/3, E_0x13f577d70/4, E_0x13f577d70/5;
S_0x13f577e70 .scope module, "classA" "fpu_class" 4 20, 4 4 0, S_0x13f577ba0;
 .timescale 0 0;
    .port_info 0 /INPUT 64 "f";
    .port_info 1 /OUTPUT 1 "nan";
    .port_info 2 /OUTPUT 1 "infinity";
    .port_info 3 /OUTPUT 1 "zero";
    .port_info 4 /OUTPUT 1 "subnormal";
    .port_info 5 /OUTPUT 1 "normal";
L_0x13f5f0a70 .functor NOT 1, L_0x13f5f0990, C4<0>, C4<0>, C4<0>;
L_0x13f5f0b20 .functor AND 1, L_0x13f5f0580, L_0x13f5f0a70, C4<1>, C4<1>;
L_0x13f5f0c50 .functor AND 1, L_0x13f5f0580, L_0x13f5f0990, C4<1>, C4<1>;
L_0x13f5f0d00 .functor AND 1, L_0x13f57fdd0, L_0x13f5f0990, C4<1>, C4<1>;
L_0x13f5f0e70 .functor NOT 1, L_0x13f5f0990, C4<0>, C4<0>, C4<0>;
L_0x13f5f0ee0 .functor AND 1, L_0x13f57fdd0, L_0x13f5f0e70, C4<1>, C4<1>;
L_0x13f5f0fd0 .functor NOT 1, L_0x13f5f0580, C4<0>, C4<0>, C4<0>;
L_0x13f5f10c0 .functor NOT 1, L_0x13f57fdd0, C4<0>, C4<0>, C4<0>;
L_0x13f5f11b0 .functor AND 1, L_0x13f5f0fd0, L_0x13f5f10c0, C4<1>, C4<1>;
v0x13f578120_0 .net *"_ivl_1", 10 0, L_0x13f5f04e0;  1 drivers
v0x13f5781e0_0 .net *"_ivl_12", 0 0, L_0x13f5f0a70;  1 drivers
v0x13f578290_0 .net *"_ivl_20", 0 0, L_0x13f5f0e70;  1 drivers
v0x13f578350_0 .net *"_ivl_24", 0 0, L_0x13f5f0fd0;  1 drivers
v0x13f578400_0 .net *"_ivl_26", 0 0, L_0x13f5f10c0;  1 drivers
v0x13f5784f0_0 .net *"_ivl_5", 10 0, L_0x13f5f0620;  1 drivers
v0x13f5785a0_0 .net *"_ivl_9", 51 0, L_0x13f5f08c0;  1 drivers
v0x13f578650_0 .net "expOnes", 0 0, L_0x13f5f0580;  1 drivers
v0x13f5786f0_0 .net "expZero", 0 0, L_0x13f57fdd0;  1 drivers
v0x13f578800_0 .net "f", 63 0, v0x13f57fd30_0;  alias, 1 drivers
v0x13f578910_0 .net "fracZero", 0 0, L_0x13f5f0990;  1 drivers
v0x13f5789a0_0 .net "infinity", 0 0, L_0x13f5f0c50;  alias, 1 drivers
v0x13f578a30_0 .net "nan", 0 0, L_0x13f5f0b20;  alias, 1 drivers
v0x13f578ac0_0 .net "normal", 0 0, L_0x13f5f11b0;  alias, 1 drivers
v0x13f578b50_0 .net "subnormal", 0 0, L_0x13f5f0ee0;  alias, 1 drivers
v0x13f578bf0_0 .net "zero", 0 0, L_0x13f5f0d00;  alias, 1 drivers
L_0x13f5f04e0 .part v0x13f57fd30_0, 52, 11;
L_0x13f5f0580 .reduce/and L_0x13f5f04e0;
L_0x13f5f0620 .part v0x13f57fd30_0, 52, 11;
L_0x13f57fdd0 .reduce/nor L_0x13f5f0620;
L_0x13f5f08c0 .part v0x13f57fd30_0, 0, 52;
L_0x13f5f0990 .reduce/nor L_0x13f5f08c0;
S_0x13f578d20 .scope module, "classB" "fpu_class" 4 21, 4 4 0, S_0x13f577ba0;
 .timescale 0 0;
    .port_info 0 /INPUT 64 "f";
    .port_info 1 /OUTPUT 1 "nan";
    .port_info 2 /OUTPUT 1 "infinity";
    .port_info 3 /OUTPUT 1 "zero";
    .port_info 4 /OUTPUT 1 "subnormal";
    .port_info 5 /OUTPUT 1 "normal";
L_0x13f5f1700 .functor NOT 1, L_0x13f5f1620, C4<0>, C4<0>, C4<0>;
L_0x13f5f17b0 .functor AND 1, L_0x13f5f1310, L_0x13f5f1700, C4<1>, C4<1>;
L_0x13f5f18e0 .functor AND 1, L_0x13f5f1310, L_0x13f5f1620, C4<1>, C4<1>;
L_0x13f5f1990 .functor AND 1, L_0x13f5f1450, L_0x13f5f1620, C4<1>, C4<1>;
L_0x13f5f1b00 .functor NOT 1, L_0x13f5f1620, C4<0>, C4<0>, C4<0>;
L_0x13f5f1b70 .functor AND 1, L_0x13f5f1450, L_0x13f5f1b00, C4<1>, C4<1>;
L_0x13f5f1c60 .functor NOT 1, L_0x13f5f1310, C4<0>, C4<0>, C4<0>;
L_0x13f5f1d50 .functor NOT 1, L_0x13f5f1450, C4<0>, C4<0>, C4<0>;
L_0x13f5f1e40 .functor AND 1, L_0x13f5f1c60, L_0x13f5f1d50, C4<1>, C4<1>;
v0x13f578fa0_0 .net *"_ivl_1", 10 0, L_0x13f5f1270;  1 drivers
v0x13f579030_0 .net *"_ivl_12", 0 0, L_0x13f5f1700;  1 drivers
v0x13f5790d0_0 .net *"_ivl_20", 0 0, L_0x13f5f1b00;  1 drivers
v0x13f579190_0 .net *"_ivl_24", 0 0, L_0x13f5f1c60;  1 drivers
v0x13f579240_0 .net *"_ivl_26", 0 0, L_0x13f5f1d50;  1 drivers
v0x13f579330_0 .net *"_ivl_5", 10 0, L_0x13f5f13b0;  1 drivers
v0x13f5793e0_0 .net *"_ivl_9", 51 0, L_0x13f5f1550;  1 drivers
v0x13f579490_0 .net "expOnes", 0 0, L_0x13f5f1310;  1 drivers
v0x13f579530_0 .net "expZero", 0 0, L_0x13f5f1450;  1 drivers
v0x13f579640_0 .net "f", 63 0, v0x13f57fed0_0;  alias, 1 drivers
v0x13f579750_0 .net "fracZero", 0 0, L_0x13f5f1620;  1 drivers
v0x13f5797e0_0 .net "infinity", 0 0, L_0x13f5f18e0;  alias, 1 drivers
v0x13f579870_0 .net "nan", 0 0, L_0x13f5f17b0;  alias, 1 drivers
v0x13f579900_0 .net "normal", 0 0, L_0x13f5f1e40;  alias, 1 drivers
v0x13f579990_0 .net "subnormal", 0 0, L_0x13f5f1b70;  alias, 1 drivers
v0x13f579a30_0 .net "zero", 0 0, L_0x13f5f1990;  alias, 1 drivers
L_0x13f5f1270 .part v0x13f57fed0_0, 52, 11;
L_0x13f5f1310 .reduce/and L_0x13f5f1270;
L_0x13f5f13b0 .part v0x13f57fed0_0, 52, 11;
L_0x13f5f1450 .reduce/nor L_0x13f5f13b0;
L_0x13f5f1550 .part v0x13f57fed0_0, 0, 52;
L_0x13f5f1620 .reduce/nor L_0x13f5f1550;
S_0x13f579b60 .scope function.vec4.s6, "count_leading_zeros" "count_leading_zeros" 4 23, 4 23 0, S_0x13f577ba0;
 .timescale 0 0;
; Variable count_leading_zeros is vec4 return value of scope S_0x13f579b60
v0x13f579f70_0 .var/i "i", 31 0;
v0x13f57a000_0 .var "sig", 52 0;
TD_tinker_tb.dut.u_fpu1.u_fmul.count_leading_zeros ;
    %fork t_21, S_0x13f579d20;
    %jmp t_20;
    .scope S_0x13f579d20;
t_21 ;
    %pushi/vec4 0, 0, 6;
    %ret/vec4 0, 0, 6;  Assign to count_leading_zeros (store_vec4_to_lval)
    %pushi/vec4 52, 0, 32;
    %store/vec4 v0x13f579f70_0, 0, 32;
T_19.163 ; Top of for-loop
    %load/vec4 v0x13f579f70_0;
    %cmpi/s 0, 0, 32;
    %flag_inv 5; GE is !LT
	  %jmp/0xz T_19.164, 5;
    %load/vec4 v0x13f57a000_0;
    %load/vec4 v0x13f579f70_0;
    %part/s 1;
    %flag_set/vec4 8;
    %jmp/0xz  T_19.166, 8;
    %disable S_0x13f579d20;
    %jmp T_19.167;
T_19.166 ;
    %retload/vec4 0; Load count_leading_zeros (draw_signal_vec4)
    %addi 1, 0, 6;
    %ret/vec4 0, 0, 6;  Assign to count_leading_zeros (store_vec4_to_lval)
T_19.167 ;
T_19.165 ; for-loop step statement
    %load/vec4 v0x13f579f70_0;
    %subi 1, 0, 32;
    %store/vec4 v0x13f579f70_0, 0, 32;
    %jmp T_19.163;
T_19.164 ; for-loop exit label
    %end;
    .scope S_0x13f579b60;
t_20 %join;
    %end;
S_0x13f579d20 .scope begin, "clz_loop" "clz_loop" 4 25, 4 25 0, S_0x13f579b60;
 .timescale 0 0;
S_0x13f57b370 .scope module, "u_fsub" "fpu_add" 7 54, 4 124 0, S_0x13f570370;
 .timescale 0 0;
    .port_info 0 /INPUT 64 "a";
    .port_info 1 /INPUT 64 "b";
    .port_info 2 /OUTPUT 64 "result";
v0x13f57d820_0 .net "a", 63 0, v0x13f57fd30_0;  alias, 1 drivers
v0x13f57d8d0_0 .net "aInf", 0 0, L_0x13f5ef190;  1 drivers
v0x13f57d990_0 .net "aNan", 0 0, L_0x13f5ef060;  1 drivers
v0x13f57da60_0 .net "aNormal", 0 0, L_0x13f5ef6f0;  1 drivers
v0x13f57db10_0 .net "aSubnormal", 0 0, L_0x13f5ef420;  1 drivers
v0x13f57dbe0_0 .net "aZero", 0 0, L_0x13f5ef240;  1 drivers
v0x13f57dc90_0 .var "addendSig", 52 0;
v0x13f57dd20_0 .var "augendSig", 52 0;
v0x13f57ddb0_0 .net "b", 63 0, L_0x13f5ee9a0;  alias, 1 drivers
v0x13f57dee0_0 .net "bInf", 0 0, L_0x13f5efe80;  1 drivers
v0x13f57df70_0 .net "bNan", 0 0, L_0x13f5efd50;  1 drivers
v0x13f57e000_0 .net "bNormal", 0 0, L_0x13f5f03a0;  1 drivers
v0x13f57e0b0_0 .net "bSubnormal", 0 0, L_0x13f5f0110;  1 drivers
v0x13f57e160_0 .net "bZero", 0 0, L_0x13f5eff30;  1 drivers
v0x13f57e210_0 .var "diffSig", 56 0;
v0x13f57e2a0_0 .var/s "expA", 12 0;
v0x13f57e330_0 .var/s "expB", 12 0;
v0x13f57e4c0_0 .var/s "expResult", 12 0;
v0x13f57e550_0 .var "extAddend", 55 0;
v0x13f57e600_0 .var "extAugend", 55 0;
v0x13f57e6b0_0 .var "guard", 0 0;
v0x13f57e750_0 .var "result", 63 0;
v0x13f57e800_0 .var "round_bit", 0 0;
v0x13f57e8a0_0 .var/s "shift", 12 0;
v0x13f57e950_0 .var "shiftAmount", 12 0;
v0x13f57ea00_0 .var "sigFinal", 52 0;
v0x13f57eab0_0 .var "sign", 0 0;
v0x13f57eb50_0 .var "sticky", 0 0;
v0x13f57ebf0_0 .var "sumSig", 56 0;
E_0x13f57b540/0 .event anyedge, v0x13f57c1a0_0, v0x13f57cfb0_0, v0x13f57c100_0, v0x13f57cf10_0;
E_0x13f57b540/1 .event anyedge, v0x13f5714c0_0, v0x13f57cdd0_0, v0x13f57c380_0, v0x13f57d190_0;
E_0x13f57b540/2 .event anyedge, v0x13f57c240_0, v0x13f57d050_0, v0x13f57e2a0_0, v0x13f57e330_0;
E_0x13f57b540/3 .event anyedge, v0x13f57dd20_0, v0x13f57dc90_0, v0x13f57e8a0_0, v0x13f57e550_0;
E_0x13f57b540/4 .event anyedge, v0x13f57e600_0, v0x13f57ebf0_0, v0x13f57e4c0_0, v0x13f57eb50_0;
E_0x13f57b540/5 .event anyedge, v0x13f57e6b0_0, v0x13f57e800_0, v0x13f57ea00_0, v0x13f57eab0_0;
E_0x13f57b540/6 .event anyedge, v0x13f57e950_0, v0x13f57e210_0;
E_0x13f57b540 .event/or E_0x13f57b540/0, E_0x13f57b540/1, E_0x13f57b540/2, E_0x13f57b540/3, E_0x13f57b540/4, E_0x13f57b540/5, E_0x13f57b540/6;
S_0x13f57b650 .scope module, "classA" "fpu_class" 4 129, 4 4 0, S_0x13f57b370;
 .timescale 0 0;
    .port_info 0 /INPUT 64 "f";
    .port_info 1 /OUTPUT 1 "nan";
    .port_info 2 /OUTPUT 1 "infinity";
    .port_info 3 /OUTPUT 1 "zero";
    .port_info 4 /OUTPUT 1 "subnormal";
    .port_info 5 /OUTPUT 1 "normal";
L_0x13f5eefb0 .functor NOT 1, L_0x13f5eeed0, C4<0>, C4<0>, C4<0>;
L_0x13f5ef060 .functor AND 1, L_0x13f5eeb60, L_0x13f5eefb0, C4<1>, C4<1>;
L_0x13f5ef190 .functor AND 1, L_0x13f5eeb60, L_0x13f5eeed0, C4<1>, C4<1>;
L_0x13f5ef240 .functor AND 1, L_0x13f5eed00, L_0x13f5eeed0, C4<1>, C4<1>;
L_0x13f5ef3b0 .functor NOT 1, L_0x13f5eeed0, C4<0>, C4<0>, C4<0>;
L_0x13f5ef420 .functor AND 1, L_0x13f5eed00, L_0x13f5ef3b0, C4<1>, C4<1>;
L_0x13f5ef510 .functor NOT 1, L_0x13f5eeb60, C4<0>, C4<0>, C4<0>;
L_0x13f5ef600 .functor NOT 1, L_0x13f5eed00, C4<0>, C4<0>, C4<0>;
L_0x13f5ef6f0 .functor AND 1, L_0x13f5ef510, L_0x13f5ef600, C4<1>, C4<1>;
v0x13f57b900_0 .net *"_ivl_1", 10 0, L_0x13f5eeac0;  1 drivers
v0x13f57b9b0_0 .net *"_ivl_12", 0 0, L_0x13f5eefb0;  1 drivers
v0x13f57ba60_0 .net *"_ivl_20", 0 0, L_0x13f5ef3b0;  1 drivers
v0x13f57bb20_0 .net *"_ivl_24", 0 0, L_0x13f5ef510;  1 drivers
v0x13f57bbd0_0 .net *"_ivl_26", 0 0, L_0x13f5ef600;  1 drivers
v0x13f57bcc0_0 .net *"_ivl_5", 10 0, L_0x13f5eec40;  1 drivers
v0x13f57bd70_0 .net *"_ivl_9", 51 0, L_0x13f5eee00;  1 drivers
v0x13f57be20_0 .net "expOnes", 0 0, L_0x13f5eeb60;  1 drivers
v0x13f57bec0_0 .net "expZero", 0 0, L_0x13f5eed00;  1 drivers
v0x13f57bfd0_0 .net "f", 63 0, v0x13f57fd30_0;  alias, 1 drivers
v0x13f57c060_0 .net "fracZero", 0 0, L_0x13f5eeed0;  1 drivers
v0x13f57c100_0 .net "infinity", 0 0, L_0x13f5ef190;  alias, 1 drivers
v0x13f57c1a0_0 .net "nan", 0 0, L_0x13f5ef060;  alias, 1 drivers
v0x13f57c240_0 .net "normal", 0 0, L_0x13f5ef6f0;  alias, 1 drivers
v0x13f57c2e0_0 .net "subnormal", 0 0, L_0x13f5ef420;  alias, 1 drivers
v0x13f57c380_0 .net "zero", 0 0, L_0x13f5ef240;  alias, 1 drivers
L_0x13f5eeac0 .part v0x13f57fd30_0, 52, 11;
L_0x13f5eeb60 .reduce/and L_0x13f5eeac0;
L_0x13f5eec40 .part v0x13f57fd30_0, 52, 11;
L_0x13f5eed00 .reduce/nor L_0x13f5eec40;
L_0x13f5eee00 .part v0x13f57fd30_0, 0, 52;
L_0x13f5eeed0 .reduce/nor L_0x13f5eee00;
S_0x13f57c4b0 .scope module, "classB" "fpu_class" 4 130, 4 4 0, S_0x13f57b370;
 .timescale 0 0;
    .port_info 0 /INPUT 64 "f";
    .port_info 1 /OUTPUT 1 "nan";
    .port_info 2 /OUTPUT 1 "infinity";
    .port_info 3 /OUTPUT 1 "zero";
    .port_info 4 /OUTPUT 1 "subnormal";
    .port_info 5 /OUTPUT 1 "normal";
L_0x13f5efca0 .functor NOT 1, L_0x13f5efbc0, C4<0>, C4<0>, C4<0>;
L_0x13f5efd50 .functor AND 1, L_0x13f5ef910, L_0x13f5efca0, C4<1>, C4<1>;
L_0x13f5efe80 .functor AND 1, L_0x13f5ef910, L_0x13f5efbc0, C4<1>, C4<1>;
L_0x13f5eff30 .functor AND 1, L_0x13f5efa50, L_0x13f5efbc0, C4<1>, C4<1>;
L_0x13f5f00a0 .functor NOT 1, L_0x13f5efbc0, C4<0>, C4<0>, C4<0>;
L_0x13f5f0110 .functor AND 1, L_0x13f5efa50, L_0x13f5f00a0, C4<1>, C4<1>;
L_0x13f5f01c0 .functor NOT 1, L_0x13f5ef910, C4<0>, C4<0>, C4<0>;
L_0x13f5f02b0 .functor NOT 1, L_0x13f5efa50, C4<0>, C4<0>, C4<0>;
L_0x13f5f03a0 .functor AND 1, L_0x13f5f01c0, L_0x13f5f02b0, C4<1>, C4<1>;
v0x13f57c730_0 .net *"_ivl_1", 10 0, L_0x13f5ef7f0;  1 drivers
v0x13f57c7c0_0 .net *"_ivl_12", 0 0, L_0x13f5efca0;  1 drivers
v0x13f57c860_0 .net *"_ivl_20", 0 0, L_0x13f5f00a0;  1 drivers
v0x13f57c920_0 .net *"_ivl_24", 0 0, L_0x13f5f01c0;  1 drivers
v0x13f57c9d0_0 .net *"_ivl_26", 0 0, L_0x13f5f02b0;  1 drivers
v0x13f57cac0_0 .net *"_ivl_5", 10 0, L_0x13f5ef9b0;  1 drivers
v0x13f57cb70_0 .net *"_ivl_9", 51 0, L_0x13f5efaf0;  1 drivers
v0x13f57cc20_0 .net "expOnes", 0 0, L_0x13f5ef910;  1 drivers
v0x13f57ccc0_0 .net "expZero", 0 0, L_0x13f5efa50;  1 drivers
v0x13f57cdd0_0 .net "f", 63 0, L_0x13f5ee9a0;  alias, 1 drivers
v0x13f57ce70_0 .net "fracZero", 0 0, L_0x13f5efbc0;  1 drivers
v0x13f57cf10_0 .net "infinity", 0 0, L_0x13f5efe80;  alias, 1 drivers
v0x13f57cfb0_0 .net "nan", 0 0, L_0x13f5efd50;  alias, 1 drivers
v0x13f57d050_0 .net "normal", 0 0, L_0x13f5f03a0;  alias, 1 drivers
v0x13f57d0f0_0 .net "subnormal", 0 0, L_0x13f5f0110;  alias, 1 drivers
v0x13f57d190_0 .net "zero", 0 0, L_0x13f5eff30;  alias, 1 drivers
L_0x13f5ef7f0 .part L_0x13f5ee9a0, 52, 11;
L_0x13f5ef910 .reduce/and L_0x13f5ef7f0;
L_0x13f5ef9b0 .part L_0x13f5ee9a0, 52, 11;
L_0x13f5efa50 .reduce/nor L_0x13f5ef9b0;
L_0x13f5efaf0 .part L_0x13f5ee9a0, 0, 52;
L_0x13f5efbc0 .reduce/nor L_0x13f5efaf0;
S_0x13f57d2c0 .scope function.vec4.s6, "count_leading_zeros" "count_leading_zeros" 4 132, 4 132 0, S_0x13f57b370;
 .timescale 0 0;
; Variable count_leading_zeros is vec4 return value of scope S_0x13f57d2c0
v0x13f57d6d0_0 .var/i "i", 31 0;
v0x13f57d760_0 .var "sig", 55 0;
TD_tinker_tb.dut.u_fpu1.u_fsub.count_leading_zeros ;
    %fork t_23, S_0x13f57d480;
    %jmp t_22;
    .scope S_0x13f57d480;
t_23 ;
    %pushi/vec4 0, 0, 6;
    %ret/vec4 0, 0, 6;  Assign to count_leading_zeros (store_vec4_to_lval)
    %pushi/vec4 55, 0, 32;
    %store/vec4 v0x13f57d6d0_0, 0, 32;
T_20.168 ; Top of for-loop
    %load/vec4 v0x13f57d6d0_0;
    %cmpi/s 0, 0, 32;
    %flag_inv 5; GE is !LT
	  %jmp/0xz T_20.169, 5;
    %load/vec4 v0x13f57d760_0;
    %load/vec4 v0x13f57d6d0_0;
    %part/s 1;
    %flag_set/vec4 8;
    %jmp/0xz  T_20.171, 8;
    %disable S_0x13f57d480;
    %jmp T_20.172;
T_20.171 ;
    %retload/vec4 0; Load count_leading_zeros (draw_signal_vec4)
    %addi 1, 0, 6;
    %ret/vec4 0, 0, 6;  Assign to count_leading_zeros (store_vec4_to_lval)
T_20.172 ;
T_20.170 ; for-loop step statement
    %load/vec4 v0x13f57d6d0_0;
    %subi 1, 0, 32;
    %store/vec4 v0x13f57d6d0_0, 0, 32;
    %jmp T_20.168;
T_20.169 ; for-loop exit label
    %end;
    .scope S_0x13f57d2c0;
t_22 %join;
    %end;
S_0x13f57d480 .scope begin, "clz_loop" "clz_loop" 4 134, 4 134 0, S_0x13f57d2c0;
 .timescale 0 0;
S_0x13f5808b0 .scope module, "u_fu" "fetch_unit" 6 150, 13 7 0, S_0x13f3b7400;
 .timescale 0 0;
    .port_info 0 /INPUT 1 "clk";
    .port_info 1 /INPUT 1 "reset";
    .port_info 2 /OUTPUT 64 "instr_fetch_addr";
    .port_info 3 /INPUT 512 "instr_fetch_data";
    .port_info 4 /INPUT 2 "decode_take";
    .port_info 5 /OUTPUT 32 "out0_inst";
    .port_info 6 /OUTPUT 64 "out0_pc";
    .port_info 7 /OUTPUT 1 "out0_br_pred";
    .port_info 8 /OUTPUT 1 "out0_valid";
    .port_info 9 /OUTPUT 32 "out1_inst";
    .port_info 10 /OUTPUT 64 "out1_pc";
    .port_info 11 /OUTPUT 1 "out1_br_pred";
    .port_info 12 /OUTPUT 1 "out1_valid";
    .port_info 13 /INPUT 1 "flush";
    .port_info 14 /INPUT 64 "flush_pc";
    .port_info 15 /INPUT 1 "bht_update_en";
    .port_info 16 /INPUT 64 "bht_update_pc";
    .port_info 17 /INPUT 1 "bht_pred_taken";
    .port_info 18 /INPUT 1 "bht_actual_taken";
P_0x13f55f040 .param/l "OPC_BRR_L" 1 13 35, C4<01010>;
v0x13f581420_0 .net *"_ivl_1", 57 0, L_0x13f5df230;  1 drivers
L_0x130042da0 .functor BUFT 1, C4<000000>, C4<0>, C4<0>, C4<0>;
v0x13f5814e0_0 .net/2u *"_ivl_2", 5 0, L_0x130042da0;  1 drivers
v0x13f581590_0 .net "bht_actual_taken", 0 0, L_0x13f5fb4f0;  alias, 1 drivers
v0x13f581640_0 .var "bht_bits", 255 0;
v0x13f5816f0_0 .net "bht_pred_taken", 0 0, L_0x13f5fab90;  alias, 1 drivers
v0x13f5817d0_0 .net "bht_update_en", 0 0, L_0x13f5fa0e0;  alias, 1 drivers
v0x13f581870_0 .net "bht_update_pc", 63 0, L_0x13f5fa840;  alias, 1 drivers
v0x13f581920_0 .net "clk", 0 0, v0x13f5c4760_0;  alias, 1 drivers
v0x13f5819b0_0 .var "cnt", 4 0;
v0x13f581ac0_0 .net "decode_take", 1 0, v0x13f5669c0_0;  alias, 1 drivers
v0x13f581b80_0 .var "fetch_pc", 63 0;
v0x13f581c10_0 .net "flush", 0 0, L_0x13f5f9160;  alias, 1 drivers
v0x13f581ca0_0 .net "flush_pc", 63 0, L_0x13f5f91d0;  alias, 1 drivers
v0x13f581d30_0 .var "fpc", 63 0;
v0x13f581de0_0 .var "insn_pc", 63 0;
v0x13f581e90_0 .var "insn_w", 31 0;
v0x13f581f40_0 .net "instr_fetch_addr", 63 0, L_0x13f5df2d0;  alias, 1 drivers
v0x13f5820f0_0 .net "instr_fetch_data", 511 0, L_0x13f5d9350;  alias, 1 drivers
v0x13f5821a0_0 .var "is_br", 0 0;
v0x13f582240_0 .var "lbase", 63 0;
v0x13f5822f0_0 .var "opc", 4 0;
v0x13f5823a0_0 .var "out0_br_pred", 0 0;
v0x13f582450_0 .var "out0_inst", 31 0;
v0x13f5824e0_0 .var "out0_pc", 63 0;
v0x13f582570_0 .var "out0_valid", 0 0;
v0x13f582600_0 .var "out1_br_pred", 0 0;
v0x13f582690_0 .var "out1_inst", 31 0;
v0x13f582720_0 .var "out1_pc", 63 0;
v0x13f5827d0_0 .var "out1_valid", 0 0;
v0x13f582860_0 .var "pred_taken", 0 0;
v0x13f582900_0 .var "q_count", 4 0;
v0x13f5829b0 .array "q_inst", 15 0, 31 0;
v0x13f582a50 .array "q_pc", 15 0, 63 0;
v0x13f581fe0_0 .var "q_pred", 15 0;
v0x13f582ce0_0 .var "rd_ptr", 3 0;
v0x13f582d70_0 .var "rdp1", 3 0;
v0x13f582e00_0 .net "reset", 0 0, v0x13f5c4ba0_0;  alias, 1 drivers
v0x13f582e90_0 .var "rp", 3 0;
v0x13f582f40_0 .var "se_L", 63 0;
v0x13f582ff0_0 .var "stop_line", 0 0;
v0x13f583090_0 .var "sw", 3 0;
v0x13f583140_0 .var "take", 1 0;
v0x13f5831f0_0 .var/i "w", 31 0;
v0x13f5832a0_0 .var "wp", 3 0;
v0x13f583350_0 .var "wr_ptr", 3 0;
L_0x13f5df230 .part v0x13f581b80_0, 6, 58;
L_0x13f5df2d0 .concat [ 6 58 0 0], L_0x130042da0, L_0x13f5df230;
S_0x13f580de0 .scope autofunction.vec4.s4, "inc_ptr" "inc_ptr" 13 45, 13 45 0, S_0x13f5808b0;
 .timescale 0 0;
; Variable inc_ptr is vec4 return value of scope S_0x13f580de0
v0x13f581070_0 .var "x", 3 0;
TD_tinker_tb.dut.u_fu.inc_ptr ;
    %load/vec4 v0x13f581070_0;
    %cmpi/e 15, 0, 4;
    %flag_mov 8, 4;
    %jmp/0 T_21.173, 8;
    %pushi/vec4 0, 0, 4;
    %jmp/1 T_21.174, 8;
T_21.173 ; End of true expr.
    %load/vec4 v0x13f581070_0;
    %addi 1, 0, 4;
    %jmp/0 T_21.174, 8;
 ; End of false expr.
    %blend;
T_21.174;
    %ret/vec4 0, 0, 4;  Assign to inc_ptr (store_vec4_to_lval)
    %end;
S_0x13f581110 .scope autofunction.vec4.s1, "is_branch_opcode" "is_branch_opcode" 13 37, 13 37 0, S_0x13f5808b0;
 .timescale 0 0;
; Variable is_branch_opcode is vec4 return value of scope S_0x13f581110
v0x13f581370_0 .var "op", 4 0;
TD_tinker_tb.dut.u_fu.is_branch_opcode ;
    %load/vec4 v0x13f581370_0;
    %cmpi/e 8, 0, 5;
    %jmp/1 T_22.180, 4;
    %flag_mov 8, 4;
    %load/vec4 v0x13f581370_0;
    %cmpi/e 9, 0, 5;
    %flag_or 4, 8;
T_22.180;
    %jmp/1 T_22.179, 4;
    %flag_mov 8, 4;
    %load/vec4 v0x13f581370_0;
    %cmpi/e 10, 0, 5;
    %flag_or 4, 8;
T_22.179;
    %jmp/1 T_22.178, 4;
    %flag_mov 8, 4;
    %load/vec4 v0x13f581370_0;
    %cmpi/e 11, 0, 5;
    %flag_or 4, 8;
T_22.178;
    %jmp/1 T_22.177, 4;
    %flag_mov 8, 4;
    %load/vec4 v0x13f581370_0;
    %cmpi/e 12, 0, 5;
    %flag_or 4, 8;
T_22.177;
    %jmp/1 T_22.176, 4;
    %flag_mov 8, 4;
    %load/vec4 v0x13f581370_0;
    %cmpi/e 13, 0, 5;
    %flag_or 4, 8;
T_22.176;
    %flag_get/vec4 4;
    %jmp/1 T_22.175, 4;
    %load/vec4 v0x13f581370_0;
    %pushi/vec4 14, 0, 5;
    %cmp/e;
    %flag_get/vec4 4;
    %or;
T_22.175;
    %ret/vec4 0, 0, 1;  Assign to is_branch_opcode (store_vec4_to_lval)
    %end;
S_0x13f5835d0 .scope module, "u_lsq" "load_store_queue" 6 541, 14 14 0, S_0x13f3b7400;
 .timescale 0 0;
    .port_info 0 /INPUT 1 "clk";
    .port_info 1 /INPUT 1 "reset";
    .port_info 2 /INPUT 1 "flush_en";
    .port_info 3 /INPUT 5 "flush_rob_idx";
    .port_info 4 /INPUT 5 "rob_head_idx";
    .port_info 5 /INPUT 1 "ld_dispatch_en0";
    .port_info 6 /INPUT 5 "ld_dispatch_rob_idx0";
    .port_info 7 /INPUT 7 "ld_dispatch_dest_tag0";
    .port_info 8 /INPUT 1 "ld_dispatch_en1";
    .port_info 9 /INPUT 5 "ld_dispatch_rob_idx1";
    .port_info 10 /INPUT 7 "ld_dispatch_dest_tag1";
    .port_info 11 /OUTPUT 1 "ld_full";
    .port_info 12 /OUTPUT 1 "ld_almost_full";
    .port_info 13 /INPUT 1 "st_dispatch_en0";
    .port_info 14 /INPUT 5 "st_dispatch_rob_idx0";
    .port_info 15 /INPUT 64 "st_dispatch_data0";
    .port_info 16 /INPUT 1 "st_dispatch_data_ready0";
    .port_info 17 /INPUT 7 "st_dispatch_data_tag0";
    .port_info 18 /INPUT 1 "st_dispatch_en1";
    .port_info 19 /INPUT 5 "st_dispatch_rob_idx1";
    .port_info 20 /INPUT 64 "st_dispatch_data1";
    .port_info 21 /INPUT 1 "st_dispatch_data_ready1";
    .port_info 22 /INPUT 7 "st_dispatch_data_tag1";
    .port_info 23 /OUTPUT 1 "st_full";
    .port_info 24 /OUTPUT 1 "st_almost_full";
    .port_info 25 /INPUT 1 "ld_addr_valid";
    .port_info 26 /INPUT 5 "ld_addr_rob_idx";
    .port_info 27 /INPUT 64 "ld_addr_value";
    .port_info 28 /INPUT 1 "st_addr_valid";
    .port_info 29 /INPUT 5 "st_addr_rob_idx";
    .port_info 30 /INPUT 64 "st_addr_value";
    .port_info 31 /INPUT 64 "st_addr_data";
    .port_info 32 /INPUT 1 "st_addr_data_valid";
    .port_info 33 /INPUT 1 "cdb_valid0";
    .port_info 34 /INPUT 7 "cdb_tag0";
    .port_info 35 /INPUT 64 "cdb_value0";
    .port_info 36 /INPUT 1 "cdb_valid1";
    .port_info 37 /INPUT 7 "cdb_tag1";
    .port_info 38 /INPUT 64 "cdb_value1";
    .port_info 39 /OUTPUT 64 "mem_read_addr";
    .port_info 40 /OUTPUT 1 "mem_read_en";
    .port_info 41 /INPUT 64 "mem_read_data";
    .port_info 42 /OUTPUT 1 "mem_write_en";
    .port_info 43 /OUTPUT 64 "mem_write_addr";
    .port_info 44 /OUTPUT 64 "mem_write_data";
    .port_info 45 /INPUT 1 "store_commit_en";
    .port_info 46 /INPUT 5 "store_commit_rob_idx";
    .port_info 47 /OUTPUT 1 "load_result_valid";
    .port_info 48 /OUTPUT 7 "load_result_dest_tag";
    .port_info 49 /OUTPUT 5 "load_result_rob_idx";
    .port_info 50 /OUTPUT 64 "load_result_data";
    .port_info 51 /OUTPUT 1 "store_complete_valid";
    .port_info 52 /OUTPUT 5 "store_complete_rob_idx";
    .port_info 53 /OUTPUT 64 "store_complete_addr";
    .port_info 54 /OUTPUT 64 "store_complete_data";
P_0x13f583790 .param/l "Q_SIZE" 1 14 95, +C4<00000000000000000000000000001000>;
L_0x13f5f4180 .functor NOT 1, v0x13f586350_0, C4<0>, C4<0>, C4<0>;
L_0x13f5f4290 .functor AND 1, v0x13f586350_0, L_0x13f5f41f0, C4<1>, C4<1>;
L_0x13f5f4380 .functor NOT 1, v0x13f587720_0, C4<0>, C4<0>, C4<0>;
L_0x13f5f44b0 .functor AND 1, v0x13f587720_0, L_0x13f5f43f0, C4<1>, C4<1>;
L_0x13f5f4680 .functor AND 1, v0x13f585ac0_0, L_0x13f5f45c0, C4<1>, C4<1>;
L_0x13f5f47c0 .functor AND 1, v0x13f584e40_0, v0x13f584da0_0, C4<1>, C4<1>;
L_0x1300431d8 .functor BUFT 1, C4<11111>, C4<0>, C4<0>, C4<0>;
L_0x13f5f4990 .functor AND 5, L_0x13f5f4870, L_0x1300431d8, C4<11111>, C4<11111>;
v0x13f583f20_0 .net *"_ivl_13", 0 0, L_0x13f5f45c0;  1 drivers
v0x13f583fb0_0 .net *"_ivl_18", 4 0, L_0x13f5f4870;  1 drivers
v0x13f584050_0 .net/2u *"_ivl_20", 4 0, L_0x1300431d8;  1 drivers
v0x13f584100_0 .net *"_ivl_3", 0 0, L_0x13f5f41f0;  1 drivers
v0x13f5841a0_0 .net *"_ivl_9", 0 0, L_0x13f5f43f0;  1 drivers
v0x13f584280_0 .net "cdb_tag0", 6 0, v0x13f562290_0;  alias, 1 drivers
v0x13f584320_0 .net "cdb_tag1", 6 0, v0x13f560d90_0;  alias, 1 drivers
v0x13f5843d0_0 .net "cdb_valid0", 0 0, L_0x13f5f78d0;  alias, 1 drivers
v0x13f584480_0 .net "cdb_valid1", 0 0, L_0x13f5f7940;  alias, 1 drivers
v0x13f5845b0_0 .net "cdb_value0", 63 0, v0x13f560e40_0;  alias, 1 drivers
v0x13f584640_0 .net "cdb_value1", 63 0, v0x13f562320_0;  alias, 1 drivers
v0x13f5846d0_0 .net "clk", 0 0, v0x13f5c4760_0;  alias, 1 drivers
v0x13f584860_0 .var "entry_age", 4 0;
v0x13f5848f0_0 .var/i "fi", 31 0;
v0x13f584990_0 .net "flush_age", 4 0, L_0x13f5f4990;  1 drivers
v0x13f584a40_0 .net "flush_en", 0 0, L_0x13f5f92f0;  alias, 1 drivers
v0x13f584ad0_0 .net "flush_rob_idx", 4 0, v0x13f5bea60_0;  alias, 1 drivers
v0x13f584c60_0 .var "fwd_best_age", 4 0;
v0x13f584cf0_0 .var "fwd_data", 63 0;
v0x13f584da0_0 .var "fwd_data_avail", 0 0;
v0x13f584e40_0 .var "fwd_match", 0 0;
v0x13f584ee0_0 .var "fwd_must_wait", 0 0;
v0x13f584f80_0 .var/i "i", 31 0;
v0x13f585030_0 .net "ld_addr_rob_idx", 4 0, L_0x13f5f4070;  1 drivers
v0x13f5850e0_0 .net "ld_addr_valid", 0 0, L_0x13f5f4ac0;  1 drivers
v0x13f585180_0 .net "ld_addr_value", 63 0, L_0x13f5f4d40;  1 drivers
v0x13f585230_0 .var "ld_age_i", 4 0;
v0x13f5852e0_0 .net "ld_almost_full", 0 0, L_0x13f5f4290;  alias, 1 drivers
v0x13f585390_0 .net "ld_can_execute", 0 0, L_0x13f5f4680;  1 drivers
v0x13f585420_0 .net "ld_dispatch_dest_tag0", 6 0, v0x13f567c50_0;  alias, 1 drivers
v0x13f5854b0_0 .net "ld_dispatch_dest_tag1", 6 0, v0x13f567d00_0;  alias, 1 drivers
v0x13f585540_0 .net "ld_dispatch_en0", 0 0, v0x13f567db0_0;  alias, 1 drivers
v0x13f5855d0_0 .net "ld_dispatch_en1", 0 0, v0x13f567e50_0;  alias, 1 drivers
v0x13f584b80_0 .net "ld_dispatch_rob_idx0", 4 0, v0x13f567ef0_0;  alias, 1 drivers
v0x13f585860_0 .net "ld_dispatch_rob_idx1", 4 0, v0x13f567fa0_0;  alias, 1 drivers
v0x13f5858f0_0 .net "ld_full", 0 0, L_0x13f5f4180;  alias, 1 drivers
v0x13f5859a0_0 .var "ld_sel", 2 0;
v0x13f585a30_0 .var "ld_sel_age", 4 0;
v0x13f585ac0_0 .var "ld_sel_valid", 0 0;
v0x13f585b50_0 .net "ld_use_fwd", 0 0, L_0x13f5f47c0;  1 drivers
v0x13f585be0_0 .var/i "li", 31 0;
v0x13f585c90_0 .var "load_result_data", 63 0;
v0x13f585d50_0 .var "load_result_dest_tag", 6 0;
v0x13f585e00_0 .var "load_result_rob_idx", 4 0;
v0x13f585eb0_0 .var "load_result_valid", 0 0;
v0x13f585f60 .array "lq_addr", 7 0, 63 0;
v0x13f5860a0_0 .var "lq_addr_ready", 7 0;
v0x13f586150 .array "lq_dest_tag", 7 0, 6 0;
v0x13f5861f0_0 .var "lq_free_slot0", 2 0;
v0x13f5862a0_0 .var "lq_free_slot1", 2 0;
v0x13f586350_0 .var "lq_has_free0", 0 0;
v0x13f5863f0_0 .var "lq_has_free1", 0 0;
v0x13f586490 .array "lq_rob_idx", 7 0, 4 0;
v0x13f5865f0_0 .var "lq_valid", 7 0;
v0x13f5866a0_0 .var "mem_read_addr", 63 0;
v0x13f586750_0 .net "mem_read_data", 63 0, L_0x13f5dbb70;  alias, 1 drivers
v0x13f586800_0 .var "mem_read_en", 0 0;
v0x13f5868a0_0 .var "mem_write_addr", 63 0;
v0x13f586950_0 .var "mem_write_data", 63 0;
v0x13f586a00_0 .var "mem_write_en", 0 0;
v0x13f586aa0_0 .net "reset", 0 0, v0x13f5c4ba0_0;  alias, 1 drivers
v0x13f586c30_0 .net "rob_head_idx", 4 0, L_0x13f5e0350;  alias, 1 drivers
v0x13f586ce0_0 .var "sc_age", 4 0;
v0x13f586d90_0 .var "sc_age_i", 4 0;
v0x13f586e40_0 .var "sc_found", 0 0;
v0x13f585670_0 .var "sc_sel", 2 0;
v0x13f585720_0 .var/i "sci", 31 0;
v0x13f5857d0_0 .var/i "si", 31 0;
v0x13f586ef0 .array "sq_addr", 7 0, 63 0;
v0x13f587050_0 .var "sq_addr_ready", 7 0;
v0x13f587100_0 .var "sq_age_i", 4 0;
v0x13f5871b0_0 .var "sq_committed", 7 0;
v0x13f587260_0 .var "sq_complete", 7 0;
v0x13f587310 .array "sq_data", 7 0, 63 0;
v0x13f587470_0 .var "sq_data_ready", 7 0;
v0x13f587520 .array "sq_data_tag", 7 0, 6 0;
v0x13f5875c0_0 .var "sq_free_slot0", 2 0;
v0x13f587670_0 .var "sq_free_slot1", 2 0;
v0x13f587720_0 .var "sq_has_free0", 0 0;
v0x13f5877c0_0 .var "sq_has_free1", 0 0;
v0x13f587860 .array "sq_rob_idx", 7 0, 4 0;
v0x13f5879c0_0 .var "sq_valid", 7 0;
L_0x130043220 .functor BUFT 1, C4<0000000000000000000000000000000000000000000000000000000000000000>, C4<0>, C4<0>, C4<0>;
v0x13f587a70_0 .net "st_addr_data", 63 0, L_0x130043220;  1 drivers
L_0x130043268 .functor BUFT 1, C4<0>, C4<0>, C4<0>, C4<0>;
v0x13f587b20_0 .net "st_addr_data_valid", 0 0, L_0x130043268;  1 drivers
v0x13f587bc0_0 .net "st_addr_rob_idx", 4 0, L_0x13f5f4fd0;  1 drivers
v0x13f587c70_0 .net "st_addr_valid", 0 0, L_0x13f5f4ee0;  1 drivers
v0x13f587d10_0 .net "st_addr_value", 63 0, L_0x13f5f50e0;  1 drivers
v0x13f587dc0_0 .net "st_almost_full", 0 0, L_0x13f5f44b0;  alias, 1 drivers
v0x13f587e70_0 .net "st_dispatch_data0", 63 0, v0x13f568190_0;  alias, 1 drivers
v0x13f587f00_0 .net "st_dispatch_data1", 63 0, v0x13f568240_0;  alias, 1 drivers
v0x13f587f90_0 .net "st_dispatch_data_ready0", 0 0, v0x13f5682f0_0;  alias, 1 drivers
v0x13f588020_0 .net "st_dispatch_data_ready1", 0 0, v0x13f568390_0;  alias, 1 drivers
v0x13f5880b0_0 .net "st_dispatch_data_tag0", 6 0, v0x13f568430_0;  alias, 1 drivers
v0x13f588160_0 .net "st_dispatch_data_tag1", 6 0, v0x13f5684e0_0;  alias, 1 drivers
v0x13f588210_0 .net "st_dispatch_en0", 0 0, v0x13f568590_0;  alias, 1 drivers
v0x13f5882c0_0 .net "st_dispatch_en1", 0 0, v0x13f568630_0;  alias, 1 drivers
v0x13f588370_0 .net "st_dispatch_rob_idx0", 4 0, v0x13f5686d0_0;  alias, 1 drivers
v0x13f588420_0 .net "st_dispatch_rob_idx1", 4 0, v0x13f568780_0;  alias, 1 drivers
v0x13f5884d0_0 .net "st_full", 0 0, L_0x13f5f4380;  alias, 1 drivers
v0x13f588580_0 .net "store_commit_en", 0 0, L_0x13f5f5550;  1 drivers
v0x13f588610_0 .net "store_commit_rob_idx", 4 0, L_0x13f5f5950;  1 drivers
v0x13f5886a0_0 .var "store_complete_addr", 63 0;
v0x13f588730_0 .var "store_complete_data", 63 0;
v0x13f5887e0_0 .var "store_complete_rob_idx", 4 0;
v0x13f588890_0 .var "store_complete_valid", 0 0;
v0x13f588940_0 .var "sw_age", 4 0;
v0x13f5889d0_0 .var "sw_age_i", 4 0;
v0x13f588a80_0 .var "sw_found", 0 0;
v0x13f588b20_0 .var "sw_sel", 2 0;
v0x13f588bd0_0 .var/i "swi", 31 0;
v0x13f587860_0 .array/port v0x13f587860, 0;
v0x13f587860_1 .array/port v0x13f587860, 1;
E_0x13f580ae0/0 .event anyedge, v0x13f5879c0_0, v0x13f5871b0_0, v0x13f587860_0, v0x13f587860_1;
v0x13f587860_2 .array/port v0x13f587860, 2;
v0x13f587860_3 .array/port v0x13f587860, 3;
v0x13f587860_4 .array/port v0x13f587860, 4;
v0x13f587860_5 .array/port v0x13f587860, 5;
E_0x13f580ae0/1 .event anyedge, v0x13f587860_2, v0x13f587860_3, v0x13f587860_4, v0x13f587860_5;
v0x13f587860_6 .array/port v0x13f587860, 6;
v0x13f587860_7 .array/port v0x13f587860, 7;
E_0x13f580ae0/2 .event anyedge, v0x13f587860_6, v0x13f587860_7, v0x13f586c30_0, v0x13f588a80_0;
v0x13f586ef0_0 .array/port v0x13f586ef0, 0;
E_0x13f580ae0/3 .event anyedge, v0x13f5889d0_0, v0x13f588940_0, v0x13f588b20_0, v0x13f586ef0_0;
v0x13f586ef0_1 .array/port v0x13f586ef0, 1;
v0x13f586ef0_2 .array/port v0x13f586ef0, 2;
v0x13f586ef0_3 .array/port v0x13f586ef0, 3;
v0x13f586ef0_4 .array/port v0x13f586ef0, 4;
E_0x13f580ae0/4 .event anyedge, v0x13f586ef0_1, v0x13f586ef0_2, v0x13f586ef0_3, v0x13f586ef0_4;
v0x13f586ef0_5 .array/port v0x13f586ef0, 5;
v0x13f586ef0_6 .array/port v0x13f586ef0, 6;
v0x13f586ef0_7 .array/port v0x13f586ef0, 7;
v0x13f587310_0 .array/port v0x13f587310, 0;
E_0x13f580ae0/5 .event anyedge, v0x13f586ef0_5, v0x13f586ef0_6, v0x13f586ef0_7, v0x13f587310_0;
v0x13f587310_1 .array/port v0x13f587310, 1;
v0x13f587310_2 .array/port v0x13f587310, 2;
v0x13f587310_3 .array/port v0x13f587310, 3;
v0x13f587310_4 .array/port v0x13f587310, 4;
E_0x13f580ae0/6 .event anyedge, v0x13f587310_1, v0x13f587310_2, v0x13f587310_3, v0x13f587310_4;
v0x13f587310_5 .array/port v0x13f587310, 5;
v0x13f587310_6 .array/port v0x13f587310, 6;
v0x13f587310_7 .array/port v0x13f587310, 7;
E_0x13f580ae0/7 .event anyedge, v0x13f587310_5, v0x13f587310_6, v0x13f587310_7;
E_0x13f580ae0 .event/or E_0x13f580ae0/0, E_0x13f580ae0/1, E_0x13f580ae0/2, E_0x13f580ae0/3, E_0x13f580ae0/4, E_0x13f580ae0/5, E_0x13f580ae0/6, E_0x13f580ae0/7;
E_0x13f580b30/0 .event anyedge, v0x13f5879c0_0, v0x13f587050_0, v0x13f587470_0, v0x13f587260_0;
E_0x13f580b30/1 .event anyedge, v0x13f587860_0, v0x13f587860_1, v0x13f587860_2, v0x13f587860_3;
E_0x13f580b30/2 .event anyedge, v0x13f587860_4, v0x13f587860_5, v0x13f587860_6, v0x13f587860_7;
E_0x13f580b30/3 .event anyedge, v0x13f586c30_0, v0x13f586e40_0, v0x13f586d90_0, v0x13f586ce0_0;
E_0x13f580b30 .event/or E_0x13f580b30/0, E_0x13f580b30/1, E_0x13f580b30/2, E_0x13f580b30/3;
v0x13f585f60_0 .array/port v0x13f585f60, 0;
E_0x13f583b70/0 .event anyedge, v0x13f585390_0, v0x13f585b50_0, v0x13f5859a0_0, v0x13f585f60_0;
v0x13f585f60_1 .array/port v0x13f585f60, 1;
v0x13f585f60_2 .array/port v0x13f585f60, 2;
v0x13f585f60_3 .array/port v0x13f585f60, 3;
v0x13f585f60_4 .array/port v0x13f585f60, 4;
E_0x13f583b70/1 .event anyedge, v0x13f585f60_1, v0x13f585f60_2, v0x13f585f60_3, v0x13f585f60_4;
v0x13f585f60_5 .array/port v0x13f585f60, 5;
v0x13f585f60_6 .array/port v0x13f585f60, 6;
v0x13f585f60_7 .array/port v0x13f585f60, 7;
E_0x13f583b70/2 .event anyedge, v0x13f585f60_5, v0x13f585f60_6, v0x13f585f60_7;
E_0x13f583b70 .event/or E_0x13f583b70/0, E_0x13f583b70/1, E_0x13f583b70/2;
E_0x13f583c30/0 .event anyedge, v0x13f585ac0_0, v0x13f5879c0_0, v0x13f587050_0, v0x13f586ef0_0;
E_0x13f583c30/1 .event anyedge, v0x13f586ef0_1, v0x13f586ef0_2, v0x13f586ef0_3, v0x13f586ef0_4;
E_0x13f583c30/2 .event anyedge, v0x13f586ef0_5, v0x13f586ef0_6, v0x13f586ef0_7, v0x13f5859a0_0;
E_0x13f583c30/3 .event anyedge, v0x13f585f60_0, v0x13f585f60_1, v0x13f585f60_2, v0x13f585f60_3;
E_0x13f583c30/4 .event anyedge, v0x13f585f60_4, v0x13f585f60_5, v0x13f585f60_6, v0x13f585f60_7;
E_0x13f583c30/5 .event anyedge, v0x13f587860_0, v0x13f587860_1, v0x13f587860_2, v0x13f587860_3;
E_0x13f583c30/6 .event anyedge, v0x13f587860_4, v0x13f587860_5, v0x13f587860_6, v0x13f587860_7;
E_0x13f583c30/7 .event anyedge, v0x13f586c30_0, v0x13f587100_0, v0x13f585a30_0, v0x13f584e40_0;
E_0x13f583c30/8 .event anyedge, v0x13f584c60_0, v0x13f587470_0, v0x13f587310_0, v0x13f587310_1;
E_0x13f583c30/9 .event anyedge, v0x13f587310_2, v0x13f587310_3, v0x13f587310_4, v0x13f587310_5;
E_0x13f583c30/10 .event anyedge, v0x13f587310_6, v0x13f587310_7, v0x13f584da0_0;
E_0x13f583c30 .event/or E_0x13f583c30/0, E_0x13f583c30/1, E_0x13f583c30/2, E_0x13f583c30/3, E_0x13f583c30/4, E_0x13f583c30/5, E_0x13f583c30/6, E_0x13f583c30/7, E_0x13f583c30/8, E_0x13f583c30/9, E_0x13f583c30/10;
v0x13f586490_0 .array/port v0x13f586490, 0;
v0x13f586490_1 .array/port v0x13f586490, 1;
E_0x13f583dd0/0 .event anyedge, v0x13f5865f0_0, v0x13f5860a0_0, v0x13f586490_0, v0x13f586490_1;
v0x13f586490_2 .array/port v0x13f586490, 2;
v0x13f586490_3 .array/port v0x13f586490, 3;
v0x13f586490_4 .array/port v0x13f586490, 4;
v0x13f586490_5 .array/port v0x13f586490, 5;
E_0x13f583dd0/1 .event anyedge, v0x13f586490_2, v0x13f586490_3, v0x13f586490_4, v0x13f586490_5;
v0x13f586490_6 .array/port v0x13f586490, 6;
v0x13f586490_7 .array/port v0x13f586490, 7;
E_0x13f583dd0/2 .event anyedge, v0x13f586490_6, v0x13f586490_7, v0x13f586c30_0, v0x13f585ac0_0;
E_0x13f583dd0/3 .event anyedge, v0x13f585230_0, v0x13f585a30_0;
E_0x13f583dd0 .event/or E_0x13f583dd0/0, E_0x13f583dd0/1, E_0x13f583dd0/2, E_0x13f583dd0/3;
E_0x13f583eb0/0 .event anyedge, v0x13f5865f0_0, v0x13f586350_0, v0x13f5863f0_0, v0x13f5879c0_0;
E_0x13f583eb0/1 .event anyedge, v0x13f587720_0, v0x13f5877c0_0;
E_0x13f583eb0 .event/or E_0x13f583eb0/0, E_0x13f583eb0/1;
L_0x13f5f41f0 .reduce/nor v0x13f5863f0_0;
L_0x13f5f43f0 .reduce/nor v0x13f5877c0_0;
L_0x13f5f45c0 .reduce/nor v0x13f584ee0_0;
L_0x13f5f4870 .arith/sub 5, v0x13f5bea60_0, L_0x13f5e0350;
S_0x13f5838b0 .scope module, "u_mem" "memory" 6 40, 9 7 0, S_0x13f3b7400;
 .timescale 0 0;
    .port_info 0 /INPUT 1 "clk";
    .port_info 1 /INPUT 1 "reset";
    .port_info 2 /INPUT 64 "PC";
    .port_info 3 /OUTPUT 32 "instruction";
    .port_info 4 /INPUT 64 "instr_fetch_addr";
    .port_info 5 /OUTPUT 512 "instr_fetch_data";
    .port_info 6 /INPUT 64 "data_address";
    .port_info 7 /OUTPUT 64 "data_out";
    .port_info 8 /OUTPUT 1 "data_ready";
    .port_info 9 /INPUT 1 "write_enable";
    .port_info 10 /INPUT 64 "write_address";
    .port_info 11 /INPUT 64 "write_data";
L_0x130042728 .functor BUFT 1, C4<0000000000000000000000000000000000000000000000000000000000000000>, C4<0>, C4<0>, C4<0>;
v0x13f59b190_0 .net "PC", 63 0, L_0x130042728;  1 drivers
v0x13f59b250_0 .net *"_ivl_33", 7 0, L_0x13f5da6f0;  1 drivers
L_0x130042410 .functor BUFT 1, C4<0000000000000000000000000000000000000000000000000000000000000011>, C4<0>, C4<0>, C4<0>;
v0x13f59b2f0_0 .net/2u *"_ivl_35", 63 0, L_0x130042410;  1 drivers
v0x13f59b380_0 .net *"_ivl_37", 63 0, L_0x13f5da790;  1 drivers
v0x13f59b410_0 .net *"_ivl_39", 7 0, L_0x13f5da870;  1 drivers
L_0x130042458 .functor BUFT 1, C4<0000000000000000000000000000000000000000000000000000000000000010>, C4<0>, C4<0>, C4<0>;
v0x13f59b4e0_0 .net/2u *"_ivl_41", 63 0, L_0x130042458;  1 drivers
v0x13f59b590_0 .net *"_ivl_43", 63 0, L_0x13f5da910;  1 drivers
v0x13f59b640_0 .net *"_ivl_45", 7 0, L_0x13f5daac0;  1 drivers
L_0x1300424a0 .functor BUFT 1, C4<0000000000000000000000000000000000000000000000000000000000000001>, C4<0>, C4<0>, C4<0>;
v0x13f59b6f0_0 .net/2u *"_ivl_47", 63 0, L_0x1300424a0;  1 drivers
v0x13f59b800_0 .net *"_ivl_49", 63 0, L_0x13f5dab60;  1 drivers
v0x13f59b8b0_0 .net *"_ivl_51", 7 0, L_0x13f5dace0;  1 drivers
v0x13f59b960_0 .net *"_ivl_55", 7 0, L_0x13f5dafb0;  1 drivers
L_0x1300424e8 .functor BUFT 1, C4<0000000000000000000000000000000000000000000000000000000000000111>, C4<0>, C4<0>, C4<0>;
v0x13f59ba10_0 .net/2u *"_ivl_57", 63 0, L_0x1300424e8;  1 drivers
v0x13f59bac0_0 .net *"_ivl_59", 63 0, L_0x13f5db050;  1 drivers
v0x13f59bb70_0 .net *"_ivl_61", 7 0, L_0x13f5db1f0;  1 drivers
L_0x130042530 .functor BUFT 1, C4<0000000000000000000000000000000000000000000000000000000000000110>, C4<0>, C4<0>, C4<0>;
v0x13f59bc20_0 .net/2u *"_ivl_63", 63 0, L_0x130042530;  1 drivers
v0x13f59bcd0_0 .net *"_ivl_65", 63 0, L_0x13f5db290;  1 drivers
v0x13f59be60_0 .net *"_ivl_67", 7 0, L_0x13f5db400;  1 drivers
L_0x130042578 .functor BUFT 1, C4<0000000000000000000000000000000000000000000000000000000000000101>, C4<0>, C4<0>, C4<0>;
v0x13f59bef0_0 .net/2u *"_ivl_69", 63 0, L_0x130042578;  1 drivers
v0x13f59bfa0_0 .net *"_ivl_71", 63 0, L_0x13f5db4a0;  1 drivers
v0x13f59c050_0 .net *"_ivl_73", 7 0, L_0x13f5db680;  1 drivers
L_0x1300425c0 .functor BUFT 1, C4<0000000000000000000000000000000000000000000000000000000000000100>, C4<0>, C4<0>, C4<0>;
v0x13f59c100_0 .net/2u *"_ivl_75", 63 0, L_0x1300425c0;  1 drivers
v0x13f59c1b0_0 .net *"_ivl_77", 63 0, L_0x13f5db720;  1 drivers
v0x13f59c260_0 .net *"_ivl_79", 7 0, L_0x13f5db850;  1 drivers
L_0x130042608 .functor BUFT 1, C4<0000000000000000000000000000000000000000000000000000000000000011>, C4<0>, C4<0>, C4<0>;
v0x13f59c310_0 .net/2u *"_ivl_81", 63 0, L_0x130042608;  1 drivers
v0x13f59c3c0_0 .net *"_ivl_83", 63 0, L_0x13f5db8f0;  1 drivers
v0x13f59c470_0 .net *"_ivl_85", 7 0, L_0x13f5dba30;  1 drivers
L_0x130042650 .functor BUFT 1, C4<0000000000000000000000000000000000000000000000000000000000000010>, C4<0>, C4<0>, C4<0>;
v0x13f59c520_0 .net/2u *"_ivl_87", 63 0, L_0x130042650;  1 drivers
v0x13f59c5d0_0 .net *"_ivl_89", 63 0, L_0x13f5dbad0;  1 drivers
v0x13f59c680_0 .net *"_ivl_91", 7 0, L_0x13f5db990;  1 drivers
L_0x130042698 .functor BUFT 1, C4<0000000000000000000000000000000000000000000000000000000000000001>, C4<0>, C4<0>, C4<0>;
v0x13f59c730_0 .net/2u *"_ivl_93", 63 0, L_0x130042698;  1 drivers
v0x13f59c7e0_0 .net *"_ivl_95", 63 0, L_0x13f5dbc20;  1 drivers
v0x13f59c890_0 .net *"_ivl_97", 7 0, L_0x13f5dbec0;  1 drivers
v0x13f59bd80 .array "bytes", 524287 0, 7 0;
v0x13f59cb20_0 .net "clk", 0 0, v0x13f5c4760_0;  alias, 1 drivers
v0x13f59cbb0_0 .net "data_address", 63 0, L_0x13f5f5a90;  alias, 1 drivers
v0x13f59cc40_0 .net "data_out", 63 0, L_0x13f5dbb70;  alias, 1 drivers
v0x13f59ccf0_0 .net "data_ready", 0 0, L_0x1300426e0;  alias, 1 drivers
v0x13f59cd80_0 .net "instr_fetch_addr", 63 0, L_0x13f5df2d0;  alias, 1 drivers
v0x13f59ce10_0 .net "instr_fetch_data", 511 0, L_0x13f5d9350;  alias, 1 drivers
v0x13f59cea0_0 .net "instruction", 31 0, L_0x13f5dae00;  1 drivers
v0x13f59cf30_0 .net "reset", 0 0, v0x13f5c4ba0_0;  alias, 1 drivers
v0x13f59cfc0_0 .net "write_address", 63 0, L_0x13f5fc690;  alias, 1 drivers
v0x13f59d050_0 .net "write_data", 63 0, L_0x13f5fc780;  alias, 1 drivers
v0x13f59d0f0_0 .net "write_enable", 0 0, L_0x13f5fceb0;  alias, 1 drivers
LS_0x13f5d9350_0_0 .concat8 [ 32 32 32 32], L_0x13f5cc7e0, L_0x13f5cd750, L_0x13f5ce5f0, L_0x13f5cf550;
LS_0x13f5d9350_0_4 .concat8 [ 32 32 32 32], L_0x13f5d04c0, L_0x13f5d1330, L_0x13f5d21a0, L_0x13f5d2e20;
LS_0x13f5d9350_0_8 .concat8 [ 32 32 32 32], L_0x13f5d3aa0, L_0x13f5d4910, L_0x13f5d5780, L_0x13f5d65f0;
LS_0x13f5d9350_0_12 .concat8 [ 32 32 32 32], L_0x13f5d7460, L_0x13f5d82d0, L_0x13f5d9140, L_0x13f5da4a0;
L_0x13f5d9350 .concat8 [ 128 128 128 128], LS_0x13f5d9350_0_0, LS_0x13f5d9350_0_4, LS_0x13f5d9350_0_8, LS_0x13f5d9350_0_12;
L_0x13f5da6f0 .array/port v0x13f59bd80, L_0x13f5da790;
L_0x13f5da790 .arith/sum 64, L_0x130042728, L_0x130042410;
L_0x13f5da870 .array/port v0x13f59bd80, L_0x13f5da910;
L_0x13f5da910 .arith/sum 64, L_0x130042728, L_0x130042458;
L_0x13f5daac0 .array/port v0x13f59bd80, L_0x13f5dab60;
L_0x13f5dab60 .arith/sum 64, L_0x130042728, L_0x1300424a0;
L_0x13f5dace0 .array/port v0x13f59bd80, L_0x130042728;
L_0x13f5dae00 .concat [ 8 8 8 8], L_0x13f5dace0, L_0x13f5daac0, L_0x13f5da870, L_0x13f5da6f0;
L_0x13f5dafb0 .array/port v0x13f59bd80, L_0x13f5db050;
L_0x13f5db050 .arith/sum 64, L_0x13f5f5a90, L_0x1300424e8;
L_0x13f5db1f0 .array/port v0x13f59bd80, L_0x13f5db290;
L_0x13f5db290 .arith/sum 64, L_0x13f5f5a90, L_0x130042530;
L_0x13f5db400 .array/port v0x13f59bd80, L_0x13f5db4a0;
L_0x13f5db4a0 .arith/sum 64, L_0x13f5f5a90, L_0x130042578;
L_0x13f5db680 .array/port v0x13f59bd80, L_0x13f5db720;
L_0x13f5db720 .arith/sum 64, L_0x13f5f5a90, L_0x1300425c0;
L_0x13f5db850 .array/port v0x13f59bd80, L_0x13f5db8f0;
L_0x13f5db8f0 .arith/sum 64, L_0x13f5f5a90, L_0x130042608;
L_0x13f5dba30 .array/port v0x13f59bd80, L_0x13f5dbad0;
L_0x13f5dbad0 .arith/sum 64, L_0x13f5f5a90, L_0x130042650;
L_0x13f5db990 .array/port v0x13f59bd80, L_0x13f5dbc20;
L_0x13f5dbc20 .arith/sum 64, L_0x13f5f5a90, L_0x130042698;
L_0x13f5dbec0 .array/port v0x13f59bd80, L_0x13f5f5a90;
LS_0x13f5dbb70_0_0 .concat [ 8 8 8 8], L_0x13f5dbec0, L_0x13f5db990, L_0x13f5dba30, L_0x13f5db850;
LS_0x13f5dbb70_0_4 .concat [ 8 8 8 8], L_0x13f5db680, L_0x13f5db400, L_0x13f5db1f0, L_0x13f5dafb0;
L_0x13f5dbb70 .concat [ 32 32 0 0], LS_0x13f5dbb70_0_0, LS_0x13f5dbb70_0_4;
S_0x13f589390 .scope generate, "fetch_gen[0]" "fetch_gen[0]" 9 29, 9 29 0, S_0x13f5838b0;
 .timescale 0 0;
P_0x13f589570 .param/l "gi" 1 9 29, +C4<00>;
v0x13f589610_0 .net *"_ivl_0", 7 0, L_0x13f5cba00;  1 drivers
v0x13f5896c0_0 .net *"_ivl_10", 7 0, L_0x13f5cbd90;  1 drivers
v0x13f589770_0 .net *"_ivl_12", 65 0, L_0x13f5cbe30;  1 drivers
L_0x1300400a0 .functor BUFT 1, C4<00>, C4<0>, C4<0>, C4<0>;
v0x13f589830_0 .net *"_ivl_15", 1 0, L_0x1300400a0;  1 drivers
L_0x1300400e8 .functor BUFT 1, C4<000000000000000000000000000000000000000000000000000000000000000010>, C4<0>, C4<0>, C4<0>;
v0x13f5898e0_0 .net/2u *"_ivl_16", 65 0, L_0x1300400e8;  1 drivers
v0x13f5899d0_0 .net *"_ivl_18", 65 0, L_0x13f5cbfd0;  1 drivers
v0x13f589a80_0 .net *"_ivl_2", 65 0, L_0x13f5cbaa0;  1 drivers
v0x13f589b30_0 .net *"_ivl_20", 7 0, L_0x13f5cc150;  1 drivers
v0x13f589be0_0 .net *"_ivl_22", 65 0, L_0x13f5cc1f0;  1 drivers
L_0x130040130 .functor BUFT 1, C4<00>, C4<0>, C4<0>, C4<0>;
v0x13f589cf0_0 .net *"_ivl_25", 1 0, L_0x130040130;  1 drivers
L_0x130040178 .functor BUFT 1, C4<000000000000000000000000000000000000000000000000000000000000000001>, C4<0>, C4<0>, C4<0>;
v0x13f589da0_0 .net/2u *"_ivl_26", 65 0, L_0x130040178;  1 drivers
v0x13f589e50_0 .net *"_ivl_28", 65 0, L_0x13f5cc330;  1 drivers
v0x13f589f00_0 .net *"_ivl_30", 7 0, L_0x13f5cc500;  1 drivers
v0x13f589fb0_0 .net *"_ivl_32", 64 0, L_0x13f5cc5a0;  1 drivers
L_0x1300401c0 .functor BUFT 1, C4<0>, C4<0>, C4<0>, C4<0>;
v0x13f58a060_0 .net *"_ivl_35", 0 0, L_0x1300401c0;  1 drivers
L_0x130040208 .functor BUFT 1, C4<00000000000000000000000000000000000000000000000000000000000000000>, C4<0>, C4<0>, C4<0>;
v0x13f58a110_0 .net/2u *"_ivl_36", 64 0, L_0x130040208;  1 drivers
v0x13f58a1c0_0 .net *"_ivl_38", 64 0, L_0x13f5cc6a0;  1 drivers
v0x13f58a350_0 .net *"_ivl_40", 31 0, L_0x13f5cc7e0;  1 drivers
L_0x130040010 .functor BUFT 1, C4<00>, C4<0>, C4<0>, C4<0>;
v0x13f58a3e0_0 .net *"_ivl_5", 1 0, L_0x130040010;  1 drivers
L_0x130040058 .functor BUFT 1, C4<000000000000000000000000000000000000000000000000000000000000000011>, C4<0>, C4<0>, C4<0>;
v0x13f58a490_0 .net/2u *"_ivl_6", 65 0, L_0x130040058;  1 drivers
v0x13f58a540_0 .net *"_ivl_8", 65 0, L_0x13f5cbc10;  1 drivers
L_0x13f5cba00 .array/port v0x13f59bd80, L_0x13f5cbc10;
L_0x13f5cbaa0 .concat [ 64 2 0 0], L_0x13f5df2d0, L_0x130040010;
L_0x13f5cbc10 .arith/sum 66, L_0x13f5cbaa0, L_0x130040058;
L_0x13f5cbd90 .array/port v0x13f59bd80, L_0x13f5cbfd0;
L_0x13f5cbe30 .concat [ 64 2 0 0], L_0x13f5df2d0, L_0x1300400a0;
L_0x13f5cbfd0 .arith/sum 66, L_0x13f5cbe30, L_0x1300400e8;
L_0x13f5cc150 .array/port v0x13f59bd80, L_0x13f5cc330;
L_0x13f5cc1f0 .concat [ 64 2 0 0], L_0x13f5df2d0, L_0x130040130;
L_0x13f5cc330 .arith/sum 66, L_0x13f5cc1f0, L_0x130040178;
L_0x13f5cc500 .array/port v0x13f59bd80, L_0x13f5cc6a0;
L_0x13f5cc5a0 .concat [ 64 1 0 0], L_0x13f5df2d0, L_0x1300401c0;
L_0x13f5cc6a0 .arith/sum 65, L_0x13f5cc5a0, L_0x130040208;
L_0x13f5cc7e0 .concat [ 8 8 8 8], L_0x13f5cc500, L_0x13f5cc150, L_0x13f5cbd90, L_0x13f5cba00;
S_0x13f58a5f0 .scope generate, "fetch_gen[1]" "fetch_gen[1]" 9 29, 9 29 0, S_0x13f5838b0;
 .timescale 0 0;
P_0x13f589c70 .param/l "gi" 1 9 29, +C4<01>;
v0x13f58a7e0_0 .net *"_ivl_0", 7 0, L_0x13f5cca20;  1 drivers
v0x13f58a890_0 .net *"_ivl_10", 7 0, L_0x13f5ccd20;  1 drivers
v0x13f58a940_0 .net *"_ivl_12", 65 0, L_0x13f5ccdc0;  1 drivers
L_0x1300402e0 .functor BUFT 1, C4<00>, C4<0>, C4<0>, C4<0>;
v0x13f58aa00_0 .net *"_ivl_15", 1 0, L_0x1300402e0;  1 drivers
L_0x130040328 .functor BUFT 1, C4<000000000000000000000000000000000000000000000000000000000000000110>, C4<0>, C4<0>, C4<0>;
v0x13f58aab0_0 .net/2u *"_ivl_16", 65 0, L_0x130040328;  1 drivers
v0x13f58aba0_0 .net *"_ivl_18", 65 0, L_0x13f5ccf60;  1 drivers
v0x13f58ac50_0 .net *"_ivl_2", 65 0, L_0x13f5ccac0;  1 drivers
v0x13f58ad00_0 .net *"_ivl_20", 7 0, L_0x13f5cd0e0;  1 drivers
v0x13f58adb0_0 .net *"_ivl_22", 65 0, L_0x13f5cd1c0;  1 drivers
L_0x130040370 .functor BUFT 1, C4<00>, C4<0>, C4<0>, C4<0>;
v0x13f58aec0_0 .net *"_ivl_25", 1 0, L_0x130040370;  1 drivers
L_0x1300403b8 .functor BUFT 1, C4<000000000000000000000000000000000000000000000000000000000000000101>, C4<0>, C4<0>, C4<0>;
v0x13f58af70_0 .net/2u *"_ivl_26", 65 0, L_0x1300403b8;  1 drivers
v0x13f58b020_0 .net *"_ivl_28", 65 0, L_0x13f5cd2a0;  1 drivers
v0x13f58b0d0_0 .net *"_ivl_30", 7 0, L_0x13f5cd470;  1 drivers
v0x13f58b180_0 .net *"_ivl_32", 64 0, L_0x13f5cd510;  1 drivers
L_0x130040400 .functor BUFT 1, C4<0>, C4<0>, C4<0>, C4<0>;
v0x13f58b230_0 .net *"_ivl_35", 0 0, L_0x130040400;  1 drivers
L_0x130040448 .functor BUFT 1, C4<00000000000000000000000000000000000000000000000000000000000000100>, C4<0>, C4<0>, C4<0>;
v0x13f58b2e0_0 .net/2u *"_ivl_36", 64 0, L_0x130040448;  1 drivers
v0x13f58b390_0 .net *"_ivl_38", 64 0, L_0x13f5cd610;  1 drivers
v0x13f58b520_0 .net *"_ivl_40", 31 0, L_0x13f5cd750;  1 drivers
L_0x130040250 .functor BUFT 1, C4<00>, C4<0>, C4<0>, C4<0>;
v0x13f58b5b0_0 .net *"_ivl_5", 1 0, L_0x130040250;  1 drivers
L_0x130040298 .functor BUFT 1, C4<000000000000000000000000000000000000000000000000000000000000000111>, C4<0>, C4<0>, C4<0>;
v0x13f58b660_0 .net/2u *"_ivl_6", 65 0, L_0x130040298;  1 drivers
v0x13f58b710_0 .net *"_ivl_8", 65 0, L_0x13f5ccbe0;  1 drivers
L_0x13f5cca20 .array/port v0x13f59bd80, L_0x13f5ccbe0;
L_0x13f5ccac0 .concat [ 64 2 0 0], L_0x13f5df2d0, L_0x130040250;
L_0x13f5ccbe0 .arith/sum 66, L_0x13f5ccac0, L_0x130040298;
L_0x13f5ccd20 .array/port v0x13f59bd80, L_0x13f5ccf60;
L_0x13f5ccdc0 .concat [ 64 2 0 0], L_0x13f5df2d0, L_0x1300402e0;
L_0x13f5ccf60 .arith/sum 66, L_0x13f5ccdc0, L_0x130040328;
L_0x13f5cd0e0 .array/port v0x13f59bd80, L_0x13f5cd2a0;
L_0x13f5cd1c0 .concat [ 64 2 0 0], L_0x13f5df2d0, L_0x130040370;
L_0x13f5cd2a0 .arith/sum 66, L_0x13f5cd1c0, L_0x1300403b8;
L_0x13f5cd470 .array/port v0x13f59bd80, L_0x13f5cd610;
L_0x13f5cd510 .concat [ 64 1 0 0], L_0x13f5df2d0, L_0x130040400;
L_0x13f5cd610 .arith/sum 65, L_0x13f5cd510, L_0x130040448;
L_0x13f5cd750 .concat [ 8 8 8 8], L_0x13f5cd470, L_0x13f5cd0e0, L_0x13f5ccd20, L_0x13f5cca20;
S_0x13f58b7c0 .scope generate, "fetch_gen[2]" "fetch_gen[2]" 9 29, 9 29 0, S_0x13f5838b0;
 .timescale 0 0;
P_0x13f58ae40 .param/l "gi" 1 9 29, +C4<010>;
v0x13f58b9c0_0 .net *"_ivl_0", 7 0, L_0x13f5cd960;  1 drivers
v0x13f58ba70_0 .net *"_ivl_10", 7 0, L_0x13f5cdc80;  1 drivers
v0x13f58bb20_0 .net *"_ivl_12", 65 0, L_0x13f5cdd20;  1 drivers
L_0x130040520 .functor BUFT 1, C4<00>, C4<0>, C4<0>, C4<0>;
v0x13f58bbe0_0 .net *"_ivl_15", 1 0, L_0x130040520;  1 drivers
L_0x130040568 .functor BUFT 1, C4<000000000000000000000000000000000000000000000000000000000000001010>, C4<0>, C4<0>, C4<0>;
v0x13f58bc90_0 .net/2u *"_ivl_16", 65 0, L_0x130040568;  1 drivers
v0x13f58bd80_0 .net *"_ivl_18", 65 0, L_0x13f5cde00;  1 drivers
v0x13f58be30_0 .net *"_ivl_2", 65 0, L_0x13f5cda00;  1 drivers
v0x13f58bee0_0 .net *"_ivl_20", 7 0, L_0x13f5cdf80;  1 drivers
v0x13f58bf90_0 .net *"_ivl_22", 65 0, L_0x13f5ce060;  1 drivers
L_0x1300405b0 .functor BUFT 1, C4<00>, C4<0>, C4<0>, C4<0>;
v0x13f58c0a0_0 .net *"_ivl_25", 1 0, L_0x1300405b0;  1 drivers
L_0x1300405f8 .functor BUFT 1, C4<000000000000000000000000000000000000000000000000000000000000001001>, C4<0>, C4<0>, C4<0>;
v0x13f58c150_0 .net/2u *"_ivl_26", 65 0, L_0x1300405f8;  1 drivers
v0x13f58c200_0 .net *"_ivl_28", 65 0, L_0x13f5ce140;  1 drivers
v0x13f58c2b0_0 .net *"_ivl_30", 7 0, L_0x13f5ce310;  1 drivers
v0x13f58c360_0 .net *"_ivl_32", 64 0, L_0x13f5ce3b0;  1 drivers
L_0x130040640 .functor BUFT 1, C4<0>, C4<0>, C4<0>, C4<0>;
v0x13f58c410_0 .net *"_ivl_35", 0 0, L_0x130040640;  1 drivers
L_0x130040688 .functor BUFT 1, C4<00000000000000000000000000000000000000000000000000000000000001000>, C4<0>, C4<0>, C4<0>;
v0x13f58c4c0_0 .net/2u *"_ivl_36", 64 0, L_0x130040688;  1 drivers
v0x13f58c570_0 .net *"_ivl_38", 64 0, L_0x13f5ce4b0;  1 drivers
v0x13f58c700_0 .net *"_ivl_40", 31 0, L_0x13f5ce5f0;  1 drivers
L_0x130040490 .functor BUFT 1, C4<00>, C4<0>, C4<0>, C4<0>;
v0x13f58c790_0 .net *"_ivl_5", 1 0, L_0x130040490;  1 drivers
L_0x1300404d8 .functor BUFT 1, C4<000000000000000000000000000000000000000000000000000000000000001011>, C4<0>, C4<0>, C4<0>;
v0x13f58c840_0 .net/2u *"_ivl_6", 65 0, L_0x1300404d8;  1 drivers
v0x13f58c8f0_0 .net *"_ivl_8", 65 0, L_0x13f5cdba0;  1 drivers
L_0x13f5cd960 .array/port v0x13f59bd80, L_0x13f5cdba0;
L_0x13f5cda00 .concat [ 64 2 0 0], L_0x13f5df2d0, L_0x130040490;
L_0x13f5cdba0 .arith/sum 66, L_0x13f5cda00, L_0x1300404d8;
L_0x13f5cdc80 .array/port v0x13f59bd80, L_0x13f5cde00;
L_0x13f5cdd20 .concat [ 64 2 0 0], L_0x13f5df2d0, L_0x130040520;
L_0x13f5cde00 .arith/sum 66, L_0x13f5cdd20, L_0x130040568;
L_0x13f5cdf80 .array/port v0x13f59bd80, L_0x13f5ce140;
L_0x13f5ce060 .concat [ 64 2 0 0], L_0x13f5df2d0, L_0x1300405b0;
L_0x13f5ce140 .arith/sum 66, L_0x13f5ce060, L_0x1300405f8;
L_0x13f5ce310 .array/port v0x13f59bd80, L_0x13f5ce4b0;
L_0x13f5ce3b0 .concat [ 64 1 0 0], L_0x13f5df2d0, L_0x130040640;
L_0x13f5ce4b0 .arith/sum 65, L_0x13f5ce3b0, L_0x130040688;
L_0x13f5ce5f0 .concat [ 8 8 8 8], L_0x13f5ce310, L_0x13f5cdf80, L_0x13f5cdc80, L_0x13f5cd960;
S_0x13f58c9a0 .scope generate, "fetch_gen[3]" "fetch_gen[3]" 9 29, 9 29 0, S_0x13f5838b0;
 .timescale 0 0;
P_0x13f58cb70 .param/l "gi" 1 9 29, +C4<011>;
v0x13f58cc10_0 .net *"_ivl_0", 7 0, L_0x13f5ce800;  1 drivers
v0x13f58cca0_0 .net *"_ivl_10", 7 0, L_0x13f5ceac0;  1 drivers
v0x13f58cd30_0 .net *"_ivl_12", 65 0, L_0x13f5ceb60;  1 drivers
L_0x130040760 .functor BUFT 1, C4<00>, C4<0>, C4<0>, C4<0>;
v0x13f58cdc0_0 .net *"_ivl_15", 1 0, L_0x130040760;  1 drivers
L_0x1300407a8 .functor BUFT 1, C4<000000000000000000000000000000000000000000000000000000000000001110>, C4<0>, C4<0>, C4<0>;
v0x13f58ce60_0 .net/2u *"_ivl_16", 65 0, L_0x1300407a8;  1 drivers
v0x13f58cf50_0 .net *"_ivl_18", 65 0, L_0x13f5cee00;  1 drivers
v0x13f58d000_0 .net *"_ivl_2", 65 0, L_0x13f5ce8a0;  1 drivers
v0x13f58d0b0_0 .net *"_ivl_20", 7 0, L_0x13f5ceee0;  1 drivers
v0x13f58d160_0 .net *"_ivl_22", 65 0, L_0x13f5cefc0;  1 drivers
L_0x1300407f0 .functor BUFT 1, C4<00>, C4<0>, C4<0>, C4<0>;
v0x13f58d270_0 .net *"_ivl_25", 1 0, L_0x1300407f0;  1 drivers
L_0x130040838 .functor BUFT 1, C4<000000000000000000000000000000000000000000000000000000000000001101>, C4<0>, C4<0>, C4<0>;
v0x13f58d320_0 .net/2u *"_ivl_26", 65 0, L_0x130040838;  1 drivers
v0x13f58d3d0_0 .net *"_ivl_28", 65 0, L_0x13f5cf0a0;  1 drivers
v0x13f58d480_0 .net *"_ivl_30", 7 0, L_0x13f5cf270;  1 drivers
v0x13f58d530_0 .net *"_ivl_32", 64 0, L_0x13f5cf310;  1 drivers
L_0x130040880 .functor BUFT 1, C4<0>, C4<0>, C4<0>, C4<0>;
v0x13f58d5e0_0 .net *"_ivl_35", 0 0, L_0x130040880;  1 drivers
L_0x1300408c8 .functor BUFT 1, C4<00000000000000000000000000000000000000000000000000000000000001100>, C4<0>, C4<0>, C4<0>;
v0x13f58d690_0 .net/2u *"_ivl_36", 64 0, L_0x1300408c8;  1 drivers
v0x13f58d740_0 .net *"_ivl_38", 64 0, L_0x13f5cf410;  1 drivers
v0x13f58d8d0_0 .net *"_ivl_40", 31 0, L_0x13f5cf550;  1 drivers
L_0x1300406d0 .functor BUFT 1, C4<00>, C4<0>, C4<0>, C4<0>;
v0x13f58d960_0 .net *"_ivl_5", 1 0, L_0x1300406d0;  1 drivers
L_0x130040718 .functor BUFT 1, C4<000000000000000000000000000000000000000000000000000000000000001111>, C4<0>, C4<0>, C4<0>;
v0x13f58da10_0 .net/2u *"_ivl_6", 65 0, L_0x130040718;  1 drivers
v0x13f58dac0_0 .net *"_ivl_8", 65 0, L_0x13f5ce940;  1 drivers
L_0x13f5ce800 .array/port v0x13f59bd80, L_0x13f5ce940;
L_0x13f5ce8a0 .concat [ 64 2 0 0], L_0x13f5df2d0, L_0x1300406d0;
L_0x13f5ce940 .arith/sum 66, L_0x13f5ce8a0, L_0x130040718;
L_0x13f5ceac0 .array/port v0x13f59bd80, L_0x13f5cee00;
L_0x13f5ceb60 .concat [ 64 2 0 0], L_0x13f5df2d0, L_0x130040760;
L_0x13f5cee00 .arith/sum 66, L_0x13f5ceb60, L_0x1300407a8;
L_0x13f5ceee0 .array/port v0x13f59bd80, L_0x13f5cf0a0;
L_0x13f5cefc0 .concat [ 64 2 0 0], L_0x13f5df2d0, L_0x1300407f0;
L_0x13f5cf0a0 .arith/sum 66, L_0x13f5cefc0, L_0x130040838;
L_0x13f5cf270 .array/port v0x13f59bd80, L_0x13f5cf410;
L_0x13f5cf310 .concat [ 64 1 0 0], L_0x13f5df2d0, L_0x130040880;
L_0x13f5cf410 .arith/sum 65, L_0x13f5cf310, L_0x1300408c8;
L_0x13f5cf550 .concat [ 8 8 8 8], L_0x13f5cf270, L_0x13f5ceee0, L_0x13f5ceac0, L_0x13f5ce800;
S_0x13f58db70 .scope generate, "fetch_gen[4]" "fetch_gen[4]" 9 29, 9 29 0, S_0x13f5838b0;
 .timescale 0 0;
P_0x13f58d1f0 .param/l "gi" 1 9 29, +C4<0100>;
v0x13f58dda0_0 .net *"_ivl_0", 7 0, L_0x13f5cf760;  1 drivers
v0x13f58de30_0 .net *"_ivl_10", 7 0, L_0x13f5cfb20;  1 drivers
v0x13f58dee0_0 .net *"_ivl_12", 65 0, L_0x13f5cfbc0;  1 drivers
L_0x1300409a0 .functor BUFT 1, C4<00>, C4<0>, C4<0>, C4<0>;
v0x13f58dfa0_0 .net *"_ivl_15", 1 0, L_0x1300409a0;  1 drivers
L_0x1300409e8 .functor BUFT 1, C4<000000000000000000000000000000000000000000000000000000000000010010>, C4<0>, C4<0>, C4<0>;
v0x13f58e050_0 .net/2u *"_ivl_16", 65 0, L_0x1300409e8;  1 drivers
v0x13f58e140_0 .net *"_ivl_18", 65 0, L_0x13f5cfcd0;  1 drivers
v0x13f58e1f0_0 .net *"_ivl_2", 65 0, L_0x13f5cf800;  1 drivers
v0x13f58e2a0_0 .net *"_ivl_20", 7 0, L_0x13f5cfe50;  1 drivers
v0x13f58e350_0 .net *"_ivl_22", 65 0, L_0x13f5cff30;  1 drivers
L_0x130040a30 .functor BUFT 1, C4<00>, C4<0>, C4<0>, C4<0>;
v0x13f58e460_0 .net *"_ivl_25", 1 0, L_0x130040a30;  1 drivers
L_0x130040a78 .functor BUFT 1, C4<000000000000000000000000000000000000000000000000000000000000010001>, C4<0>, C4<0>, C4<0>;
v0x13f58e510_0 .net/2u *"_ivl_26", 65 0, L_0x130040a78;  1 drivers
v0x13f58e5c0_0 .net *"_ivl_28", 65 0, L_0x13f5d0010;  1 drivers
v0x13f58e670_0 .net *"_ivl_30", 7 0, L_0x13f5d01e0;  1 drivers
v0x13f58e720_0 .net *"_ivl_32", 64 0, L_0x13f5d0280;  1 drivers
L_0x130040ac0 .functor BUFT 1, C4<0>, C4<0>, C4<0>, C4<0>;
v0x13f58e7d0_0 .net *"_ivl_35", 0 0, L_0x130040ac0;  1 drivers
L_0x130040b08 .functor BUFT 1, C4<00000000000000000000000000000000000000000000000000000000000010000>, C4<0>, C4<0>, C4<0>;
v0x13f58e880_0 .net/2u *"_ivl_36", 64 0, L_0x130040b08;  1 drivers
v0x13f58e930_0 .net *"_ivl_38", 64 0, L_0x13f5d0380;  1 drivers
v0x13f58eac0_0 .net *"_ivl_40", 31 0, L_0x13f5d04c0;  1 drivers
L_0x130040910 .functor BUFT 1, C4<00>, C4<0>, C4<0>, C4<0>;
v0x13f58eb50_0 .net *"_ivl_5", 1 0, L_0x130040910;  1 drivers
L_0x130040958 .functor BUFT 1, C4<000000000000000000000000000000000000000000000000000000000000010011>, C4<0>, C4<0>, C4<0>;
v0x13f58ec00_0 .net/2u *"_ivl_6", 65 0, L_0x130040958;  1 drivers
v0x13f58ecb0_0 .net *"_ivl_8", 65 0, L_0x13f5cdaa0;  1 drivers
L_0x13f5cf760 .array/port v0x13f59bd80, L_0x13f5cdaa0;
L_0x13f5cf800 .concat [ 64 2 0 0], L_0x13f5df2d0, L_0x130040910;
L_0x13f5cdaa0 .arith/sum 66, L_0x13f5cf800, L_0x130040958;
L_0x13f5cfb20 .array/port v0x13f59bd80, L_0x13f5cfcd0;
L_0x13f5cfbc0 .concat [ 64 2 0 0], L_0x13f5df2d0, L_0x1300409a0;
L_0x13f5cfcd0 .arith/sum 66, L_0x13f5cfbc0, L_0x1300409e8;
L_0x13f5cfe50 .array/port v0x13f59bd80, L_0x13f5d0010;
L_0x13f5cff30 .concat [ 64 2 0 0], L_0x13f5df2d0, L_0x130040a30;
L_0x13f5d0010 .arith/sum 66, L_0x13f5cff30, L_0x130040a78;
L_0x13f5d01e0 .array/port v0x13f59bd80, L_0x13f5d0380;
L_0x13f5d0280 .concat [ 64 1 0 0], L_0x13f5df2d0, L_0x130040ac0;
L_0x13f5d0380 .arith/sum 65, L_0x13f5d0280, L_0x130040b08;
L_0x13f5d04c0 .concat [ 8 8 8 8], L_0x13f5d01e0, L_0x13f5cfe50, L_0x13f5cfb20, L_0x13f5cf760;
S_0x13f58ed60 .scope generate, "fetch_gen[5]" "fetch_gen[5]" 9 29, 9 29 0, S_0x13f5838b0;
 .timescale 0 0;
P_0x13f58ef30 .param/l "gi" 1 9 29, +C4<0101>;
v0x13f58efd0_0 .net *"_ivl_0", 7 0, L_0x13f5d06d0;  1 drivers
v0x13f58f060_0 .net *"_ivl_10", 7 0, L_0x13f5d0990;  1 drivers
v0x13f58f0f0_0 .net *"_ivl_12", 65 0, L_0x13f5d0a30;  1 drivers
L_0x130040be0 .functor BUFT 1, C4<00>, C4<0>, C4<0>, C4<0>;
v0x13f58f180_0 .net *"_ivl_15", 1 0, L_0x130040be0;  1 drivers
L_0x130040c28 .functor BUFT 1, C4<000000000000000000000000000000000000000000000000000000000000010110>, C4<0>, C4<0>, C4<0>;
v0x13f58f220_0 .net/2u *"_ivl_16", 65 0, L_0x130040c28;  1 drivers
v0x13f58f310_0 .net *"_ivl_18", 65 0, L_0x13f5d0b40;  1 drivers
v0x13f58f3c0_0 .net *"_ivl_2", 65 0, L_0x13f5d0770;  1 drivers
v0x13f58f470_0 .net *"_ivl_20", 7 0, L_0x13f5d0cc0;  1 drivers
v0x13f58f520_0 .net *"_ivl_22", 65 0, L_0x13f5d0da0;  1 drivers
L_0x130040c70 .functor BUFT 1, C4<00>, C4<0>, C4<0>, C4<0>;
v0x13f58f630_0 .net *"_ivl_25", 1 0, L_0x130040c70;  1 drivers
L_0x130040cb8 .functor BUFT 1, C4<000000000000000000000000000000000000000000000000000000000000010101>, C4<0>, C4<0>, C4<0>;
v0x13f58f6e0_0 .net/2u *"_ivl_26", 65 0, L_0x130040cb8;  1 drivers
v0x13f58f790_0 .net *"_ivl_28", 65 0, L_0x13f5d0e80;  1 drivers
v0x13f58f840_0 .net *"_ivl_30", 7 0, L_0x13f5d1050;  1 drivers
v0x13f58f8f0_0 .net *"_ivl_32", 64 0, L_0x13f5d10f0;  1 drivers
L_0x130040d00 .functor BUFT 1, C4<0>, C4<0>, C4<0>, C4<0>;
v0x13f58f9a0_0 .net *"_ivl_35", 0 0, L_0x130040d00;  1 drivers
L_0x130040d48 .functor BUFT 1, C4<00000000000000000000000000000000000000000000000000000000000010100>, C4<0>, C4<0>, C4<0>;
v0x13f58fa50_0 .net/2u *"_ivl_36", 64 0, L_0x130040d48;  1 drivers
v0x13f58fb00_0 .net *"_ivl_38", 64 0, L_0x13f5d11f0;  1 drivers
v0x13f58fc90_0 .net *"_ivl_40", 31 0, L_0x13f5d1330;  1 drivers
L_0x130040b50 .functor BUFT 1, C4<00>, C4<0>, C4<0>, C4<0>;
v0x13f58fd20_0 .net *"_ivl_5", 1 0, L_0x130040b50;  1 drivers
L_0x130040b98 .functor BUFT 1, C4<000000000000000000000000000000000000000000000000000000000000010111>, C4<0>, C4<0>, C4<0>;
v0x13f58fdd0_0 .net/2u *"_ivl_6", 65 0, L_0x130040b98;  1 drivers
v0x13f58fe80_0 .net *"_ivl_8", 65 0, L_0x13f5d0810;  1 drivers
L_0x13f5d06d0 .array/port v0x13f59bd80, L_0x13f5d0810;
L_0x13f5d0770 .concat [ 64 2 0 0], L_0x13f5df2d0, L_0x130040b50;
L_0x13f5d0810 .arith/sum 66, L_0x13f5d0770, L_0x130040b98;
L_0x13f5d0990 .array/port v0x13f59bd80, L_0x13f5d0b40;
L_0x13f5d0a30 .concat [ 64 2 0 0], L_0x13f5df2d0, L_0x130040be0;
L_0x13f5d0b40 .arith/sum 66, L_0x13f5d0a30, L_0x130040c28;
L_0x13f5d0cc0 .array/port v0x13f59bd80, L_0x13f5d0e80;
L_0x13f5d0da0 .concat [ 64 2 0 0], L_0x13f5df2d0, L_0x130040c70;
L_0x13f5d0e80 .arith/sum 66, L_0x13f5d0da0, L_0x130040cb8;
L_0x13f5d1050 .array/port v0x13f59bd80, L_0x13f5d11f0;
L_0x13f5d10f0 .concat [ 64 1 0 0], L_0x13f5df2d0, L_0x130040d00;
L_0x13f5d11f0 .arith/sum 65, L_0x13f5d10f0, L_0x130040d48;
L_0x13f5d1330 .concat [ 8 8 8 8], L_0x13f5d1050, L_0x13f5d0cc0, L_0x13f5d0990, L_0x13f5d06d0;
S_0x13f58ff30 .scope generate, "fetch_gen[6]" "fetch_gen[6]" 9 29, 9 29 0, S_0x13f5838b0;
 .timescale 0 0;
P_0x13f590100 .param/l "gi" 1 9 29, +C4<0110>;
v0x13f5901a0_0 .net *"_ivl_0", 7 0, L_0x13f5d1540;  1 drivers
v0x13f590230_0 .net *"_ivl_10", 7 0, L_0x13f5d1800;  1 drivers
v0x13f5902c0_0 .net *"_ivl_12", 65 0, L_0x13f5d18a0;  1 drivers
L_0x130040e20 .functor BUFT 1, C4<00>, C4<0>, C4<0>, C4<0>;
v0x13f590350_0 .net *"_ivl_15", 1 0, L_0x130040e20;  1 drivers
L_0x130040e68 .functor BUFT 1, C4<000000000000000000000000000000000000000000000000000000000000011010>, C4<0>, C4<0>, C4<0>;
v0x13f5903f0_0 .net/2u *"_ivl_16", 65 0, L_0x130040e68;  1 drivers
v0x13f5904e0_0 .net *"_ivl_18", 65 0, L_0x13f5d19b0;  1 drivers
v0x13f590590_0 .net *"_ivl_2", 65 0, L_0x13f5d15e0;  1 drivers
v0x13f590640_0 .net *"_ivl_20", 7 0, L_0x13f5d1b30;  1 drivers
v0x13f5906f0_0 .net *"_ivl_22", 65 0, L_0x13f5d1c10;  1 drivers
L_0x130040eb0 .functor BUFT 1, C4<00>, C4<0>, C4<0>, C4<0>;
v0x13f590800_0 .net *"_ivl_25", 1 0, L_0x130040eb0;  1 drivers
L_0x130040ef8 .functor BUFT 1, C4<000000000000000000000000000000000000000000000000000000000000011001>, C4<0>, C4<0>, C4<0>;
v0x13f5908b0_0 .net/2u *"_ivl_26", 65 0, L_0x130040ef8;  1 drivers
v0x13f590960_0 .net *"_ivl_28", 65 0, L_0x13f5d1cf0;  1 drivers
v0x13f590a10_0 .net *"_ivl_30", 7 0, L_0x13f5d1ec0;  1 drivers
v0x13f590ac0_0 .net *"_ivl_32", 64 0, L_0x13f5d1f60;  1 drivers
L_0x130040f40 .functor BUFT 1, C4<0>, C4<0>, C4<0>, C4<0>;
v0x13f590b70_0 .net *"_ivl_35", 0 0, L_0x130040f40;  1 drivers
L_0x130040f88 .functor BUFT 1, C4<00000000000000000000000000000000000000000000000000000000000011000>, C4<0>, C4<0>, C4<0>;
v0x13f590c20_0 .net/2u *"_ivl_36", 64 0, L_0x130040f88;  1 drivers
v0x13f590cd0_0 .net *"_ivl_38", 64 0, L_0x13f5d2060;  1 drivers
v0x13f590e60_0 .net *"_ivl_40", 31 0, L_0x13f5d21a0;  1 drivers
L_0x130040d90 .functor BUFT 1, C4<00>, C4<0>, C4<0>, C4<0>;
v0x13f590ef0_0 .net *"_ivl_5", 1 0, L_0x130040d90;  1 drivers
L_0x130040dd8 .functor BUFT 1, C4<000000000000000000000000000000000000000000000000000000000000011011>, C4<0>, C4<0>, C4<0>;
v0x13f590fa0_0 .net/2u *"_ivl_6", 65 0, L_0x130040dd8;  1 drivers
v0x13f591050_0 .net *"_ivl_8", 65 0, L_0x13f5d1680;  1 drivers
L_0x13f5d1540 .array/port v0x13f59bd80, L_0x13f5d1680;
L_0x13f5d15e0 .concat [ 64 2 0 0], L_0x13f5df2d0, L_0x130040d90;
L_0x13f5d1680 .arith/sum 66, L_0x13f5d15e0, L_0x130040dd8;
L_0x13f5d1800 .array/port v0x13f59bd80, L_0x13f5d19b0;
L_0x13f5d18a0 .concat [ 64 2 0 0], L_0x13f5df2d0, L_0x130040e20;
L_0x13f5d19b0 .arith/sum 66, L_0x13f5d18a0, L_0x130040e68;
L_0x13f5d1b30 .array/port v0x13f59bd80, L_0x13f5d1cf0;
L_0x13f5d1c10 .concat [ 64 2 0 0], L_0x13f5df2d0, L_0x130040eb0;
L_0x13f5d1cf0 .arith/sum 66, L_0x13f5d1c10, L_0x130040ef8;
L_0x13f5d1ec0 .array/port v0x13f59bd80, L_0x13f5d2060;
L_0x13f5d1f60 .concat [ 64 1 0 0], L_0x13f5df2d0, L_0x130040f40;
L_0x13f5d2060 .arith/sum 65, L_0x13f5d1f60, L_0x130040f88;
L_0x13f5d21a0 .concat [ 8 8 8 8], L_0x13f5d1ec0, L_0x13f5d1b30, L_0x13f5d1800, L_0x13f5d1540;
S_0x13f591100 .scope generate, "fetch_gen[7]" "fetch_gen[7]" 9 29, 9 29 0, S_0x13f5838b0;
 .timescale 0 0;
P_0x13f5912d0 .param/l "gi" 1 9 29, +C4<0111>;
v0x13f591370_0 .net *"_ivl_0", 7 0, L_0x13f5d23b0;  1 drivers
v0x13f591400_0 .net *"_ivl_10", 7 0, L_0x13f5d2670;  1 drivers
v0x13f591490_0 .net *"_ivl_12", 65 0, L_0x13f5d2710;  1 drivers
L_0x130041060 .functor BUFT 1, C4<00>, C4<0>, C4<0>, C4<0>;
v0x13f591520_0 .net *"_ivl_15", 1 0, L_0x130041060;  1 drivers
L_0x1300410a8 .functor BUFT 1, C4<000000000000000000000000000000000000000000000000000000000000011110>, C4<0>, C4<0>, C4<0>;
v0x13f5915c0_0 .net/2u *"_ivl_16", 65 0, L_0x1300410a8;  1 drivers
v0x13f5916b0_0 .net *"_ivl_18", 65 0, L_0x13f5cec70;  1 drivers
v0x13f591760_0 .net *"_ivl_2", 65 0, L_0x13f5d2450;  1 drivers
v0x13f591810_0 .net *"_ivl_20", 7 0, L_0x13f5d27b0;  1 drivers
v0x13f5918c0_0 .net *"_ivl_22", 65 0, L_0x13f5d2890;  1 drivers
L_0x1300410f0 .functor BUFT 1, C4<00>, C4<0>, C4<0>, C4<0>;
v0x13f5919d0_0 .net *"_ivl_25", 1 0, L_0x1300410f0;  1 drivers
L_0x130041138 .functor BUFT 1, C4<000000000000000000000000000000000000000000000000000000000000011101>, C4<0>, C4<0>, C4<0>;
v0x13f591a80_0 .net/2u *"_ivl_26", 65 0, L_0x130041138;  1 drivers
v0x13f591b30_0 .net *"_ivl_28", 65 0, L_0x13f5d2970;  1 drivers
v0x13f591be0_0 .net *"_ivl_30", 7 0, L_0x13f5d2b40;  1 drivers
v0x13f591c90_0 .net *"_ivl_32", 64 0, L_0x13f5d2be0;  1 drivers
L_0x130041180 .functor BUFT 1, C4<0>, C4<0>, C4<0>, C4<0>;
v0x13f591d40_0 .net *"_ivl_35", 0 0, L_0x130041180;  1 drivers
L_0x1300411c8 .functor BUFT 1, C4<00000000000000000000000000000000000000000000000000000000000011100>, C4<0>, C4<0>, C4<0>;
v0x13f591df0_0 .net/2u *"_ivl_36", 64 0, L_0x1300411c8;  1 drivers
v0x13f591ea0_0 .net *"_ivl_38", 64 0, L_0x13f5d2ce0;  1 drivers
v0x13f592030_0 .net *"_ivl_40", 31 0, L_0x13f5d2e20;  1 drivers
L_0x130040fd0 .functor BUFT 1, C4<00>, C4<0>, C4<0>, C4<0>;
v0x13f5920c0_0 .net *"_ivl_5", 1 0, L_0x130040fd0;  1 drivers
L_0x130041018 .functor BUFT 1, C4<000000000000000000000000000000000000000000000000000000000000011111>, C4<0>, C4<0>, C4<0>;
v0x13f592170_0 .net/2u *"_ivl_6", 65 0, L_0x130041018;  1 drivers
v0x13f592220_0 .net *"_ivl_8", 65 0, L_0x13f5d24f0;  1 drivers
L_0x13f5d23b0 .array/port v0x13f59bd80, L_0x13f5d24f0;
L_0x13f5d2450 .concat [ 64 2 0 0], L_0x13f5df2d0, L_0x130040fd0;
L_0x13f5d24f0 .arith/sum 66, L_0x13f5d2450, L_0x130041018;
L_0x13f5d2670 .array/port v0x13f59bd80, L_0x13f5cec70;
L_0x13f5d2710 .concat [ 64 2 0 0], L_0x13f5df2d0, L_0x130041060;
L_0x13f5cec70 .arith/sum 66, L_0x13f5d2710, L_0x1300410a8;
L_0x13f5d27b0 .array/port v0x13f59bd80, L_0x13f5d2970;
L_0x13f5d2890 .concat [ 64 2 0 0], L_0x13f5df2d0, L_0x1300410f0;
L_0x13f5d2970 .arith/sum 66, L_0x13f5d2890, L_0x130041138;
L_0x13f5d2b40 .array/port v0x13f59bd80, L_0x13f5d2ce0;
L_0x13f5d2be0 .concat [ 64 1 0 0], L_0x13f5df2d0, L_0x130041180;
L_0x13f5d2ce0 .arith/sum 65, L_0x13f5d2be0, L_0x1300411c8;
L_0x13f5d2e20 .concat [ 8 8 8 8], L_0x13f5d2b40, L_0x13f5d27b0, L_0x13f5d2670, L_0x13f5d23b0;
S_0x13f5922d0 .scope generate, "fetch_gen[8]" "fetch_gen[8]" 9 29, 9 29 0, S_0x13f5838b0;
 .timescale 0 0;
P_0x13f58dd40 .param/l "gi" 1 9 29, +C4<01000>;
v0x13f592510_0 .net *"_ivl_0", 7 0, L_0x13f5d3030;  1 drivers
v0x13f5925d0_0 .net *"_ivl_10", 7 0, L_0x13f5d3170;  1 drivers
v0x13f592670_0 .net *"_ivl_12", 65 0, L_0x13f5d3210;  1 drivers
L_0x1300412a0 .functor BUFT 1, C4<00>, C4<0>, C4<0>, C4<0>;
v0x13f592720_0 .net *"_ivl_15", 1 0, L_0x1300412a0;  1 drivers
L_0x1300412e8 .functor BUFT 1, C4<000000000000000000000000000000000000000000000000000000000000100010>, C4<0>, C4<0>, C4<0>;
v0x13f5927d0_0 .net/2u *"_ivl_16", 65 0, L_0x1300412e8;  1 drivers
v0x13f5928c0_0 .net *"_ivl_18", 65 0, L_0x13f5d32b0;  1 drivers
v0x13f592970_0 .net *"_ivl_2", 65 0, L_0x13f5d30d0;  1 drivers
v0x13f592a20_0 .net *"_ivl_20", 7 0, L_0x13f5d3430;  1 drivers
v0x13f592ad0_0 .net *"_ivl_22", 65 0, L_0x13f5d3510;  1 drivers
L_0x130041330 .functor BUFT 1, C4<00>, C4<0>, C4<0>, C4<0>;
v0x13f592be0_0 .net *"_ivl_25", 1 0, L_0x130041330;  1 drivers
L_0x130041378 .functor BUFT 1, C4<000000000000000000000000000000000000000000000000000000000000100001>, C4<0>, C4<0>, C4<0>;
v0x13f592c90_0 .net/2u *"_ivl_26", 65 0, L_0x130041378;  1 drivers
v0x13f592d40_0 .net *"_ivl_28", 65 0, L_0x13f5d35f0;  1 drivers
v0x13f592df0_0 .net *"_ivl_30", 7 0, L_0x13f5d37c0;  1 drivers
v0x13f592ea0_0 .net *"_ivl_32", 64 0, L_0x13f5d3860;  1 drivers
L_0x1300413c0 .functor BUFT 1, C4<0>, C4<0>, C4<0>, C4<0>;
v0x13f592f50_0 .net *"_ivl_35", 0 0, L_0x1300413c0;  1 drivers
L_0x130041408 .functor BUFT 1, C4<00000000000000000000000000000000000000000000000000000000000100000>, C4<0>, C4<0>, C4<0>;
v0x13f593000_0 .net/2u *"_ivl_36", 64 0, L_0x130041408;  1 drivers
v0x13f5930b0_0 .net *"_ivl_38", 64 0, L_0x13f5d3960;  1 drivers
v0x13f593240_0 .net *"_ivl_40", 31 0, L_0x13f5d3aa0;  1 drivers
L_0x130041210 .functor BUFT 1, C4<00>, C4<0>, C4<0>, C4<0>;
v0x13f5932d0_0 .net *"_ivl_5", 1 0, L_0x130041210;  1 drivers
L_0x130041258 .functor BUFT 1, C4<000000000000000000000000000000000000000000000000000000000000100011>, C4<0>, C4<0>, C4<0>;
v0x13f593380_0 .net/2u *"_ivl_6", 65 0, L_0x130041258;  1 drivers
v0x13f593430_0 .net *"_ivl_8", 65 0, L_0x13f5cf8a0;  1 drivers
L_0x13f5d3030 .array/port v0x13f59bd80, L_0x13f5cf8a0;
L_0x13f5d30d0 .concat [ 64 2 0 0], L_0x13f5df2d0, L_0x130041210;
L_0x13f5cf8a0 .arith/sum 66, L_0x13f5d30d0, L_0x130041258;
L_0x13f5d3170 .array/port v0x13f59bd80, L_0x13f5d32b0;
L_0x13f5d3210 .concat [ 64 2 0 0], L_0x13f5df2d0, L_0x1300412a0;
L_0x13f5d32b0 .arith/sum 66, L_0x13f5d3210, L_0x1300412e8;
L_0x13f5d3430 .array/port v0x13f59bd80, L_0x13f5d35f0;
L_0x13f5d3510 .concat [ 64 2 0 0], L_0x13f5df2d0, L_0x130041330;
L_0x13f5d35f0 .arith/sum 66, L_0x13f5d3510, L_0x130041378;
L_0x13f5d37c0 .array/port v0x13f59bd80, L_0x13f5d3960;
L_0x13f5d3860 .concat [ 64 1 0 0], L_0x13f5df2d0, L_0x1300413c0;
L_0x13f5d3960 .arith/sum 65, L_0x13f5d3860, L_0x130041408;
L_0x13f5d3aa0 .concat [ 8 8 8 8], L_0x13f5d37c0, L_0x13f5d3430, L_0x13f5d3170, L_0x13f5d3030;
S_0x13f5934e0 .scope generate, "fetch_gen[9]" "fetch_gen[9]" 9 29, 9 29 0, S_0x13f5838b0;
 .timescale 0 0;
P_0x13f5936b0 .param/l "gi" 1 9 29, +C4<01001>;
v0x13f593760_0 .net *"_ivl_0", 7 0, L_0x13f5d3cb0;  1 drivers
v0x13f5937f0_0 .net *"_ivl_10", 7 0, L_0x13f5d3f70;  1 drivers
v0x13f593880_0 .net *"_ivl_12", 65 0, L_0x13f5d4010;  1 drivers
L_0x1300414e0 .functor BUFT 1, C4<00>, C4<0>, C4<0>, C4<0>;
v0x13f593910_0 .net *"_ivl_15", 1 0, L_0x1300414e0;  1 drivers
L_0x130041528 .functor BUFT 1, C4<000000000000000000000000000000000000000000000000000000000000100110>, C4<0>, C4<0>, C4<0>;
v0x13f5939a0_0 .net/2u *"_ivl_16", 65 0, L_0x130041528;  1 drivers
v0x13f593a90_0 .net *"_ivl_18", 65 0, L_0x13f5d4120;  1 drivers
v0x13f593b40_0 .net *"_ivl_2", 65 0, L_0x13f5d3d50;  1 drivers
v0x13f593bf0_0 .net *"_ivl_20", 7 0, L_0x13f5d42a0;  1 drivers
v0x13f593ca0_0 .net *"_ivl_22", 65 0, L_0x13f5d4380;  1 drivers
L_0x130041570 .functor BUFT 1, C4<00>, C4<0>, C4<0>, C4<0>;
v0x13f593db0_0 .net *"_ivl_25", 1 0, L_0x130041570;  1 drivers
L_0x1300415b8 .functor BUFT 1, C4<000000000000000000000000000000000000000000000000000000000000100101>, C4<0>, C4<0>, C4<0>;
v0x13f593e60_0 .net/2u *"_ivl_26", 65 0, L_0x1300415b8;  1 drivers
v0x13f593f10_0 .net *"_ivl_28", 65 0, L_0x13f5d4460;  1 drivers
v0x13f593fc0_0 .net *"_ivl_30", 7 0, L_0x13f5d4630;  1 drivers
v0x13f594070_0 .net *"_ivl_32", 64 0, L_0x13f5d46d0;  1 drivers
L_0x130041600 .functor BUFT 1, C4<0>, C4<0>, C4<0>, C4<0>;
v0x13f594120_0 .net *"_ivl_35", 0 0, L_0x130041600;  1 drivers
L_0x130041648 .functor BUFT 1, C4<00000000000000000000000000000000000000000000000000000000000100100>, C4<0>, C4<0>, C4<0>;
v0x13f5941d0_0 .net/2u *"_ivl_36", 64 0, L_0x130041648;  1 drivers
v0x13f594280_0 .net *"_ivl_38", 64 0, L_0x13f5d47d0;  1 drivers
v0x13f594410_0 .net *"_ivl_40", 31 0, L_0x13f5d4910;  1 drivers
L_0x130041450 .functor BUFT 1, C4<00>, C4<0>, C4<0>, C4<0>;
v0x13f5944a0_0 .net *"_ivl_5", 1 0, L_0x130041450;  1 drivers
L_0x130041498 .functor BUFT 1, C4<000000000000000000000000000000000000000000000000000000000000100111>, C4<0>, C4<0>, C4<0>;
v0x13f594550_0 .net/2u *"_ivl_6", 65 0, L_0x130041498;  1 drivers
v0x13f594600_0 .net *"_ivl_8", 65 0, L_0x13f5d3df0;  1 drivers
L_0x13f5d3cb0 .array/port v0x13f59bd80, L_0x13f5d3df0;
L_0x13f5d3d50 .concat [ 64 2 0 0], L_0x13f5df2d0, L_0x130041450;
L_0x13f5d3df0 .arith/sum 66, L_0x13f5d3d50, L_0x130041498;
L_0x13f5d3f70 .array/port v0x13f59bd80, L_0x13f5d4120;
L_0x13f5d4010 .concat [ 64 2 0 0], L_0x13f5df2d0, L_0x1300414e0;
L_0x13f5d4120 .arith/sum 66, L_0x13f5d4010, L_0x130041528;
L_0x13f5d42a0 .array/port v0x13f59bd80, L_0x13f5d4460;
L_0x13f5d4380 .concat [ 64 2 0 0], L_0x13f5df2d0, L_0x130041570;
L_0x13f5d4460 .arith/sum 66, L_0x13f5d4380, L_0x1300415b8;
L_0x13f5d4630 .array/port v0x13f59bd80, L_0x13f5d47d0;
L_0x13f5d46d0 .concat [ 64 1 0 0], L_0x13f5df2d0, L_0x130041600;
L_0x13f5d47d0 .arith/sum 65, L_0x13f5d46d0, L_0x130041648;
L_0x13f5d4910 .concat [ 8 8 8 8], L_0x13f5d4630, L_0x13f5d42a0, L_0x13f5d3f70, L_0x13f5d3cb0;
S_0x13f5946b0 .scope generate, "fetch_gen[10]" "fetch_gen[10]" 9 29, 9 29 0, S_0x13f5838b0;
 .timescale 0 0;
P_0x13f594880 .param/l "gi" 1 9 29, +C4<01010>;
v0x13f594930_0 .net *"_ivl_0", 7 0, L_0x13f5d4b20;  1 drivers
v0x13f5949c0_0 .net *"_ivl_10", 7 0, L_0x13f5d4de0;  1 drivers
v0x13f594a50_0 .net *"_ivl_12", 65 0, L_0x13f5d4e80;  1 drivers
L_0x130041720 .functor BUFT 1, C4<00>, C4<0>, C4<0>, C4<0>;
v0x13f594ae0_0 .net *"_ivl_15", 1 0, L_0x130041720;  1 drivers
L_0x130041768 .functor BUFT 1, C4<000000000000000000000000000000000000000000000000000000000000101010>, C4<0>, C4<0>, C4<0>;
v0x13f594b70_0 .net/2u *"_ivl_16", 65 0, L_0x130041768;  1 drivers
v0x13f594c60_0 .net *"_ivl_18", 65 0, L_0x13f5d4f90;  1 drivers
v0x13f594d10_0 .net *"_ivl_2", 65 0, L_0x13f5d4bc0;  1 drivers
v0x13f594dc0_0 .net *"_ivl_20", 7 0, L_0x13f5d5110;  1 drivers
v0x13f594e70_0 .net *"_ivl_22", 65 0, L_0x13f5d51f0;  1 drivers
L_0x1300417b0 .functor BUFT 1, C4<00>, C4<0>, C4<0>, C4<0>;
v0x13f594f80_0 .net *"_ivl_25", 1 0, L_0x1300417b0;  1 drivers
L_0x1300417f8 .functor BUFT 1, C4<000000000000000000000000000000000000000000000000000000000000101001>, C4<0>, C4<0>, C4<0>;
v0x13f595030_0 .net/2u *"_ivl_26", 65 0, L_0x1300417f8;  1 drivers
v0x13f5950e0_0 .net *"_ivl_28", 65 0, L_0x13f5d52d0;  1 drivers
v0x13f595190_0 .net *"_ivl_30", 7 0, L_0x13f5d54a0;  1 drivers
v0x13f595240_0 .net *"_ivl_32", 64 0, L_0x13f5d5540;  1 drivers
L_0x130041840 .functor BUFT 1, C4<0>, C4<0>, C4<0>, C4<0>;
v0x13f5952f0_0 .net *"_ivl_35", 0 0, L_0x130041840;  1 drivers
L_0x130041888 .functor BUFT 1, C4<00000000000000000000000000000000000000000000000000000000000101000>, C4<0>, C4<0>, C4<0>;
v0x13f5953a0_0 .net/2u *"_ivl_36", 64 0, L_0x130041888;  1 drivers
v0x13f595450_0 .net *"_ivl_38", 64 0, L_0x13f5d5640;  1 drivers
v0x13f5955e0_0 .net *"_ivl_40", 31 0, L_0x13f5d5780;  1 drivers
L_0x130041690 .functor BUFT 1, C4<00>, C4<0>, C4<0>, C4<0>;
v0x13f595670_0 .net *"_ivl_5", 1 0, L_0x130041690;  1 drivers
L_0x1300416d8 .functor BUFT 1, C4<000000000000000000000000000000000000000000000000000000000000101011>, C4<0>, C4<0>, C4<0>;
v0x13f595720_0 .net/2u *"_ivl_6", 65 0, L_0x1300416d8;  1 drivers
v0x13f5957d0_0 .net *"_ivl_8", 65 0, L_0x13f5d4c60;  1 drivers
L_0x13f5d4b20 .array/port v0x13f59bd80, L_0x13f5d4c60;
L_0x13f5d4bc0 .concat [ 64 2 0 0], L_0x13f5df2d0, L_0x130041690;
L_0x13f5d4c60 .arith/sum 66, L_0x13f5d4bc0, L_0x1300416d8;
L_0x13f5d4de0 .array/port v0x13f59bd80, L_0x13f5d4f90;
L_0x13f5d4e80 .concat [ 64 2 0 0], L_0x13f5df2d0, L_0x130041720;
L_0x13f5d4f90 .arith/sum 66, L_0x13f5d4e80, L_0x130041768;
L_0x13f5d5110 .array/port v0x13f59bd80, L_0x13f5d52d0;
L_0x13f5d51f0 .concat [ 64 2 0 0], L_0x13f5df2d0, L_0x1300417b0;
L_0x13f5d52d0 .arith/sum 66, L_0x13f5d51f0, L_0x1300417f8;
L_0x13f5d54a0 .array/port v0x13f59bd80, L_0x13f5d5640;
L_0x13f5d5540 .concat [ 64 1 0 0], L_0x13f5df2d0, L_0x130041840;
L_0x13f5d5640 .arith/sum 65, L_0x13f5d5540, L_0x130041888;
L_0x13f5d5780 .concat [ 8 8 8 8], L_0x13f5d54a0, L_0x13f5d5110, L_0x13f5d4de0, L_0x13f5d4b20;
S_0x13f595880 .scope generate, "fetch_gen[11]" "fetch_gen[11]" 9 29, 9 29 0, S_0x13f5838b0;
 .timescale 0 0;
P_0x13f595a50 .param/l "gi" 1 9 29, +C4<01011>;
v0x13f595b00_0 .net *"_ivl_0", 7 0, L_0x13f5d5990;  1 drivers
v0x13f595b90_0 .net *"_ivl_10", 7 0, L_0x13f5d5c50;  1 drivers
v0x13f595c20_0 .net *"_ivl_12", 65 0, L_0x13f5d5cf0;  1 drivers
L_0x130041960 .functor BUFT 1, C4<00>, C4<0>, C4<0>, C4<0>;
v0x13f595cb0_0 .net *"_ivl_15", 1 0, L_0x130041960;  1 drivers
L_0x1300419a8 .functor BUFT 1, C4<000000000000000000000000000000000000000000000000000000000000101110>, C4<0>, C4<0>, C4<0>;
v0x13f595d40_0 .net/2u *"_ivl_16", 65 0, L_0x1300419a8;  1 drivers
v0x13f595e30_0 .net *"_ivl_18", 65 0, L_0x13f5d5e00;  1 drivers
v0x13f595ee0_0 .net *"_ivl_2", 65 0, L_0x13f5d5a30;  1 drivers
v0x13f595f90_0 .net *"_ivl_20", 7 0, L_0x13f5d5f80;  1 drivers
v0x13f596040_0 .net *"_ivl_22", 65 0, L_0x13f5d6060;  1 drivers
L_0x1300419f0 .functor BUFT 1, C4<00>, C4<0>, C4<0>, C4<0>;
v0x13f596150_0 .net *"_ivl_25", 1 0, L_0x1300419f0;  1 drivers
L_0x130041a38 .functor BUFT 1, C4<000000000000000000000000000000000000000000000000000000000000101101>, C4<0>, C4<0>, C4<0>;
v0x13f596200_0 .net/2u *"_ivl_26", 65 0, L_0x130041a38;  1 drivers
v0x13f5962b0_0 .net *"_ivl_28", 65 0, L_0x13f5d6140;  1 drivers
v0x13f596360_0 .net *"_ivl_30", 7 0, L_0x13f5d6310;  1 drivers
v0x13f596410_0 .net *"_ivl_32", 64 0, L_0x13f5d63b0;  1 drivers
L_0x130041a80 .functor BUFT 1, C4<0>, C4<0>, C4<0>, C4<0>;
v0x13f5964c0_0 .net *"_ivl_35", 0 0, L_0x130041a80;  1 drivers
L_0x130041ac8 .functor BUFT 1, C4<00000000000000000000000000000000000000000000000000000000000101100>, C4<0>, C4<0>, C4<0>;
v0x13f596570_0 .net/2u *"_ivl_36", 64 0, L_0x130041ac8;  1 drivers
v0x13f596620_0 .net *"_ivl_38", 64 0, L_0x13f5d64b0;  1 drivers
v0x13f5967b0_0 .net *"_ivl_40", 31 0, L_0x13f5d65f0;  1 drivers
L_0x1300418d0 .functor BUFT 1, C4<00>, C4<0>, C4<0>, C4<0>;
v0x13f596840_0 .net *"_ivl_5", 1 0, L_0x1300418d0;  1 drivers
L_0x130041918 .functor BUFT 1, C4<000000000000000000000000000000000000000000000000000000000000101111>, C4<0>, C4<0>, C4<0>;
v0x13f5968f0_0 .net/2u *"_ivl_6", 65 0, L_0x130041918;  1 drivers
v0x13f5969a0_0 .net *"_ivl_8", 65 0, L_0x13f5d5ad0;  1 drivers
L_0x13f5d5990 .array/port v0x13f59bd80, L_0x13f5d5ad0;
L_0x13f5d5a30 .concat [ 64 2 0 0], L_0x13f5df2d0, L_0x1300418d0;
L_0x13f5d5ad0 .arith/sum 66, L_0x13f5d5a30, L_0x130041918;
L_0x13f5d5c50 .array/port v0x13f59bd80, L_0x13f5d5e00;
L_0x13f5d5cf0 .concat [ 64 2 0 0], L_0x13f5df2d0, L_0x130041960;
L_0x13f5d5e00 .arith/sum 66, L_0x13f5d5cf0, L_0x1300419a8;
L_0x13f5d5f80 .array/port v0x13f59bd80, L_0x13f5d6140;
L_0x13f5d6060 .concat [ 64 2 0 0], L_0x13f5df2d0, L_0x1300419f0;
L_0x13f5d6140 .arith/sum 66, L_0x13f5d6060, L_0x130041a38;
L_0x13f5d6310 .array/port v0x13f59bd80, L_0x13f5d64b0;
L_0x13f5d63b0 .concat [ 64 1 0 0], L_0x13f5df2d0, L_0x130041a80;
L_0x13f5d64b0 .arith/sum 65, L_0x13f5d63b0, L_0x130041ac8;
L_0x13f5d65f0 .concat [ 8 8 8 8], L_0x13f5d6310, L_0x13f5d5f80, L_0x13f5d5c50, L_0x13f5d5990;
S_0x13f596a50 .scope generate, "fetch_gen[12]" "fetch_gen[12]" 9 29, 9 29 0, S_0x13f5838b0;
 .timescale 0 0;
P_0x13f596c20 .param/l "gi" 1 9 29, +C4<01100>;
v0x13f596cd0_0 .net *"_ivl_0", 7 0, L_0x13f5d6800;  1 drivers
v0x13f596d60_0 .net *"_ivl_10", 7 0, L_0x13f5d6ac0;  1 drivers
v0x13f596df0_0 .net *"_ivl_12", 65 0, L_0x13f5d6b60;  1 drivers
L_0x130041ba0 .functor BUFT 1, C4<00>, C4<0>, C4<0>, C4<0>;
v0x13f596e80_0 .net *"_ivl_15", 1 0, L_0x130041ba0;  1 drivers
L_0x130041be8 .functor BUFT 1, C4<000000000000000000000000000000000000000000000000000000000000110010>, C4<0>, C4<0>, C4<0>;
v0x13f596f10_0 .net/2u *"_ivl_16", 65 0, L_0x130041be8;  1 drivers
v0x13f597000_0 .net *"_ivl_18", 65 0, L_0x13f5d6c70;  1 drivers
v0x13f5970b0_0 .net *"_ivl_2", 65 0, L_0x13f5d68a0;  1 drivers
v0x13f597160_0 .net *"_ivl_20", 7 0, L_0x13f5d6df0;  1 drivers
v0x13f597210_0 .net *"_ivl_22", 65 0, L_0x13f5d6ed0;  1 drivers
L_0x130041c30 .functor BUFT 1, C4<00>, C4<0>, C4<0>, C4<0>;
v0x13f597320_0 .net *"_ivl_25", 1 0, L_0x130041c30;  1 drivers
L_0x130041c78 .functor BUFT 1, C4<000000000000000000000000000000000000000000000000000000000000110001>, C4<0>, C4<0>, C4<0>;
v0x13f5973d0_0 .net/2u *"_ivl_26", 65 0, L_0x130041c78;  1 drivers
v0x13f597480_0 .net *"_ivl_28", 65 0, L_0x13f5d6fb0;  1 drivers
v0x13f597530_0 .net *"_ivl_30", 7 0, L_0x13f5d7180;  1 drivers
v0x13f5975e0_0 .net *"_ivl_32", 64 0, L_0x13f5d7220;  1 drivers
L_0x130041cc0 .functor BUFT 1, C4<0>, C4<0>, C4<0>, C4<0>;
v0x13f597690_0 .net *"_ivl_35", 0 0, L_0x130041cc0;  1 drivers
L_0x130041d08 .functor BUFT 1, C4<00000000000000000000000000000000000000000000000000000000000110000>, C4<0>, C4<0>, C4<0>;
v0x13f597740_0 .net/2u *"_ivl_36", 64 0, L_0x130041d08;  1 drivers
v0x13f5977f0_0 .net *"_ivl_38", 64 0, L_0x13f5d7320;  1 drivers
v0x13f597980_0 .net *"_ivl_40", 31 0, L_0x13f5d7460;  1 drivers
L_0x130041b10 .functor BUFT 1, C4<00>, C4<0>, C4<0>, C4<0>;
v0x13f597a10_0 .net *"_ivl_5", 1 0, L_0x130041b10;  1 drivers
L_0x130041b58 .functor BUFT 1, C4<000000000000000000000000000000000000000000000000000000000000110011>, C4<0>, C4<0>, C4<0>;
v0x13f597ac0_0 .net/2u *"_ivl_6", 65 0, L_0x130041b58;  1 drivers
v0x13f597b70_0 .net *"_ivl_8", 65 0, L_0x13f5d6940;  1 drivers
L_0x13f5d6800 .array/port v0x13f59bd80, L_0x13f5d6940;
L_0x13f5d68a0 .concat [ 64 2 0 0], L_0x13f5df2d0, L_0x130041b10;
L_0x13f5d6940 .arith/sum 66, L_0x13f5d68a0, L_0x130041b58;
L_0x13f5d6ac0 .array/port v0x13f59bd80, L_0x13f5d6c70;
L_0x13f5d6b60 .concat [ 64 2 0 0], L_0x13f5df2d0, L_0x130041ba0;
L_0x13f5d6c70 .arith/sum 66, L_0x13f5d6b60, L_0x130041be8;
L_0x13f5d6df0 .array/port v0x13f59bd80, L_0x13f5d6fb0;
L_0x13f5d6ed0 .concat [ 64 2 0 0], L_0x13f5df2d0, L_0x130041c30;
L_0x13f5d6fb0 .arith/sum 66, L_0x13f5d6ed0, L_0x130041c78;
L_0x13f5d7180 .array/port v0x13f59bd80, L_0x13f5d7320;
L_0x13f5d7220 .concat [ 64 1 0 0], L_0x13f5df2d0, L_0x130041cc0;
L_0x13f5d7320 .arith/sum 65, L_0x13f5d7220, L_0x130041d08;
L_0x13f5d7460 .concat [ 8 8 8 8], L_0x13f5d7180, L_0x13f5d6df0, L_0x13f5d6ac0, L_0x13f5d6800;
S_0x13f597c20 .scope generate, "fetch_gen[13]" "fetch_gen[13]" 9 29, 9 29 0, S_0x13f5838b0;
 .timescale 0 0;
P_0x13f597df0 .param/l "gi" 1 9 29, +C4<01101>;
v0x13f597ea0_0 .net *"_ivl_0", 7 0, L_0x13f5d7670;  1 drivers
v0x13f597f30_0 .net *"_ivl_10", 7 0, L_0x13f5d7930;  1 drivers
v0x13f597fc0_0 .net *"_ivl_12", 65 0, L_0x13f5d79d0;  1 drivers
L_0x130041de0 .functor BUFT 1, C4<00>, C4<0>, C4<0>, C4<0>;
v0x13f598050_0 .net *"_ivl_15", 1 0, L_0x130041de0;  1 drivers
L_0x130041e28 .functor BUFT 1, C4<000000000000000000000000000000000000000000000000000000000000110110>, C4<0>, C4<0>, C4<0>;
v0x13f5980e0_0 .net/2u *"_ivl_16", 65 0, L_0x130041e28;  1 drivers
v0x13f5981d0_0 .net *"_ivl_18", 65 0, L_0x13f5d7ae0;  1 drivers
v0x13f598280_0 .net *"_ivl_2", 65 0, L_0x13f5d7710;  1 drivers
v0x13f598330_0 .net *"_ivl_20", 7 0, L_0x13f5d7c60;  1 drivers
v0x13f5983e0_0 .net *"_ivl_22", 65 0, L_0x13f5d7d40;  1 drivers
L_0x130041e70 .functor BUFT 1, C4<00>, C4<0>, C4<0>, C4<0>;
v0x13f5984f0_0 .net *"_ivl_25", 1 0, L_0x130041e70;  1 drivers
L_0x130041eb8 .functor BUFT 1, C4<000000000000000000000000000000000000000000000000000000000000110101>, C4<0>, C4<0>, C4<0>;
v0x13f5985a0_0 .net/2u *"_ivl_26", 65 0, L_0x130041eb8;  1 drivers
v0x13f598650_0 .net *"_ivl_28", 65 0, L_0x13f5d7e20;  1 drivers
v0x13f598700_0 .net *"_ivl_30", 7 0, L_0x13f5d7ff0;  1 drivers
v0x13f5987b0_0 .net *"_ivl_32", 64 0, L_0x13f5d8090;  1 drivers
L_0x130041f00 .functor BUFT 1, C4<0>, C4<0>, C4<0>, C4<0>;
v0x13f598860_0 .net *"_ivl_35", 0 0, L_0x130041f00;  1 drivers
L_0x130041f48 .functor BUFT 1, C4<00000000000000000000000000000000000000000000000000000000000110100>, C4<0>, C4<0>, C4<0>;
v0x13f598910_0 .net/2u *"_ivl_36", 64 0, L_0x130041f48;  1 drivers
v0x13f5989c0_0 .net *"_ivl_38", 64 0, L_0x13f5d8190;  1 drivers
v0x13f598b50_0 .net *"_ivl_40", 31 0, L_0x13f5d82d0;  1 drivers
L_0x130041d50 .functor BUFT 1, C4<00>, C4<0>, C4<0>, C4<0>;
v0x13f598be0_0 .net *"_ivl_5", 1 0, L_0x130041d50;  1 drivers
L_0x130041d98 .functor BUFT 1, C4<000000000000000000000000000000000000000000000000000000000000110111>, C4<0>, C4<0>, C4<0>;
v0x13f598c90_0 .net/2u *"_ivl_6", 65 0, L_0x130041d98;  1 drivers
v0x13f598d40_0 .net *"_ivl_8", 65 0, L_0x13f5d77b0;  1 drivers
L_0x13f5d7670 .array/port v0x13f59bd80, L_0x13f5d77b0;
L_0x13f5d7710 .concat [ 64 2 0 0], L_0x13f5df2d0, L_0x130041d50;
L_0x13f5d77b0 .arith/sum 66, L_0x13f5d7710, L_0x130041d98;
L_0x13f5d7930 .array/port v0x13f59bd80, L_0x13f5d7ae0;
L_0x13f5d79d0 .concat [ 64 2 0 0], L_0x13f5df2d0, L_0x130041de0;
L_0x13f5d7ae0 .arith/sum 66, L_0x13f5d79d0, L_0x130041e28;
L_0x13f5d7c60 .array/port v0x13f59bd80, L_0x13f5d7e20;
L_0x13f5d7d40 .concat [ 64 2 0 0], L_0x13f5df2d0, L_0x130041e70;
L_0x13f5d7e20 .arith/sum 66, L_0x13f5d7d40, L_0x130041eb8;
L_0x13f5d7ff0 .array/port v0x13f59bd80, L_0x13f5d8190;
L_0x13f5d8090 .concat [ 64 1 0 0], L_0x13f5df2d0, L_0x130041f00;
L_0x13f5d8190 .arith/sum 65, L_0x13f5d8090, L_0x130041f48;
L_0x13f5d82d0 .concat [ 8 8 8 8], L_0x13f5d7ff0, L_0x13f5d7c60, L_0x13f5d7930, L_0x13f5d7670;
S_0x13f598df0 .scope generate, "fetch_gen[14]" "fetch_gen[14]" 9 29, 9 29 0, S_0x13f5838b0;
 .timescale 0 0;
P_0x13f598fc0 .param/l "gi" 1 9 29, +C4<01110>;
v0x13f599070_0 .net *"_ivl_0", 7 0, L_0x13f5d84e0;  1 drivers
v0x13f599100_0 .net *"_ivl_10", 7 0, L_0x13f5d87a0;  1 drivers
v0x13f599190_0 .net *"_ivl_12", 65 0, L_0x13f5d8840;  1 drivers
L_0x130042020 .functor BUFT 1, C4<00>, C4<0>, C4<0>, C4<0>;
v0x13f599220_0 .net *"_ivl_15", 1 0, L_0x130042020;  1 drivers
L_0x130042068 .functor BUFT 1, C4<000000000000000000000000000000000000000000000000000000000000111010>, C4<0>, C4<0>, C4<0>;
v0x13f5992b0_0 .net/2u *"_ivl_16", 65 0, L_0x130042068;  1 drivers
v0x13f5993a0_0 .net *"_ivl_18", 65 0, L_0x13f5d8950;  1 drivers
v0x13f599450_0 .net *"_ivl_2", 65 0, L_0x13f5d8580;  1 drivers
v0x13f599500_0 .net *"_ivl_20", 7 0, L_0x13f5d8ad0;  1 drivers
v0x13f5995b0_0 .net *"_ivl_22", 65 0, L_0x13f5d8bb0;  1 drivers
L_0x1300420b0 .functor BUFT 1, C4<00>, C4<0>, C4<0>, C4<0>;
v0x13f5996c0_0 .net *"_ivl_25", 1 0, L_0x1300420b0;  1 drivers
L_0x1300420f8 .functor BUFT 1, C4<000000000000000000000000000000000000000000000000000000000000111001>, C4<0>, C4<0>, C4<0>;
v0x13f599770_0 .net/2u *"_ivl_26", 65 0, L_0x1300420f8;  1 drivers
v0x13f599820_0 .net *"_ivl_28", 65 0, L_0x13f5d8c90;  1 drivers
v0x13f5998d0_0 .net *"_ivl_30", 7 0, L_0x13f5d8e60;  1 drivers
v0x13f599980_0 .net *"_ivl_32", 64 0, L_0x13f5d8f00;  1 drivers
L_0x130042140 .functor BUFT 1, C4<0>, C4<0>, C4<0>, C4<0>;
v0x13f599a30_0 .net *"_ivl_35", 0 0, L_0x130042140;  1 drivers
L_0x130042188 .functor BUFT 1, C4<00000000000000000000000000000000000000000000000000000000000111000>, C4<0>, C4<0>, C4<0>;
v0x13f599ae0_0 .net/2u *"_ivl_36", 64 0, L_0x130042188;  1 drivers
v0x13f599b90_0 .net *"_ivl_38", 64 0, L_0x13f5d9000;  1 drivers
v0x13f599d20_0 .net *"_ivl_40", 31 0, L_0x13f5d9140;  1 drivers
L_0x130041f90 .functor BUFT 1, C4<00>, C4<0>, C4<0>, C4<0>;
v0x13f599db0_0 .net *"_ivl_5", 1 0, L_0x130041f90;  1 drivers
L_0x130041fd8 .functor BUFT 1, C4<000000000000000000000000000000000000000000000000000000000000111011>, C4<0>, C4<0>, C4<0>;
v0x13f599e60_0 .net/2u *"_ivl_6", 65 0, L_0x130041fd8;  1 drivers
v0x13f599f10_0 .net *"_ivl_8", 65 0, L_0x13f5d8620;  1 drivers
L_0x13f5d84e0 .array/port v0x13f59bd80, L_0x13f5d8620;
L_0x13f5d8580 .concat [ 64 2 0 0], L_0x13f5df2d0, L_0x130041f90;
L_0x13f5d8620 .arith/sum 66, L_0x13f5d8580, L_0x130041fd8;
L_0x13f5d87a0 .array/port v0x13f59bd80, L_0x13f5d8950;
L_0x13f5d8840 .concat [ 64 2 0 0], L_0x13f5df2d0, L_0x130042020;
L_0x13f5d8950 .arith/sum 66, L_0x13f5d8840, L_0x130042068;
L_0x13f5d8ad0 .array/port v0x13f59bd80, L_0x13f5d8c90;
L_0x13f5d8bb0 .concat [ 64 2 0 0], L_0x13f5df2d0, L_0x1300420b0;
L_0x13f5d8c90 .arith/sum 66, L_0x13f5d8bb0, L_0x1300420f8;
L_0x13f5d8e60 .array/port v0x13f59bd80, L_0x13f5d9000;
L_0x13f5d8f00 .concat [ 64 1 0 0], L_0x13f5df2d0, L_0x130042140;
L_0x13f5d9000 .arith/sum 65, L_0x13f5d8f00, L_0x130042188;
L_0x13f5d9140 .concat [ 8 8 8 8], L_0x13f5d8e60, L_0x13f5d8ad0, L_0x13f5d87a0, L_0x13f5d84e0;
S_0x13f599fc0 .scope generate, "fetch_gen[15]" "fetch_gen[15]" 9 29, 9 29 0, S_0x13f5838b0;
 .timescale 0 0;
P_0x13f59a190 .param/l "gi" 1 9 29, +C4<01111>;
v0x13f59a240_0 .net *"_ivl_0", 7 0, L_0x13f5d9800;  1 drivers
v0x13f59a2d0_0 .net *"_ivl_10", 7 0, L_0x13f5d9b00;  1 drivers
v0x13f59a360_0 .net *"_ivl_12", 65 0, L_0x13f5d9ba0;  1 drivers
L_0x130042260 .functor BUFT 1, C4<00>, C4<0>, C4<0>, C4<0>;
v0x13f59a3f0_0 .net *"_ivl_15", 1 0, L_0x130042260;  1 drivers
L_0x1300422a8 .functor BUFT 1, C4<000000000000000000000000000000000000000000000000000000000000111110>, C4<0>, C4<0>, C4<0>;
v0x13f59a480_0 .net/2u *"_ivl_16", 65 0, L_0x1300422a8;  1 drivers
v0x13f59a570_0 .net *"_ivl_18", 65 0, L_0x13f5d9cb0;  1 drivers
v0x13f59a620_0 .net *"_ivl_2", 65 0, L_0x13f5d98a0;  1 drivers
v0x13f59a6d0_0 .net *"_ivl_20", 7 0, L_0x13f5d9e30;  1 drivers
v0x13f59a780_0 .net *"_ivl_22", 65 0, L_0x13f5d9f10;  1 drivers
L_0x1300422f0 .functor BUFT 1, C4<00>, C4<0>, C4<0>, C4<0>;
v0x13f59a890_0 .net *"_ivl_25", 1 0, L_0x1300422f0;  1 drivers
L_0x130042338 .functor BUFT 1, C4<000000000000000000000000000000000000000000000000000000000000111101>, C4<0>, C4<0>, C4<0>;
v0x13f59a940_0 .net/2u *"_ivl_26", 65 0, L_0x130042338;  1 drivers
v0x13f59a9f0_0 .net *"_ivl_28", 65 0, L_0x13f5d9ff0;  1 drivers
v0x13f59aaa0_0 .net *"_ivl_30", 7 0, L_0x13f5da1c0;  1 drivers
v0x13f59ab50_0 .net *"_ivl_32", 64 0, L_0x13f5da260;  1 drivers
L_0x130042380 .functor BUFT 1, C4<0>, C4<0>, C4<0>, C4<0>;
v0x13f59ac00_0 .net *"_ivl_35", 0 0, L_0x130042380;  1 drivers
L_0x1300423c8 .functor BUFT 1, C4<00000000000000000000000000000000000000000000000000000000000111100>, C4<0>, C4<0>, C4<0>;
v0x13f59acb0_0 .net/2u *"_ivl_36", 64 0, L_0x1300423c8;  1 drivers
v0x13f59ad60_0 .net *"_ivl_38", 64 0, L_0x13f5da360;  1 drivers
v0x13f59aef0_0 .net *"_ivl_40", 31 0, L_0x13f5da4a0;  1 drivers
L_0x1300421d0 .functor BUFT 1, C4<00>, C4<0>, C4<0>, C4<0>;
v0x13f59af80_0 .net *"_ivl_5", 1 0, L_0x1300421d0;  1 drivers
L_0x130042218 .functor BUFT 1, C4<000000000000000000000000000000000000000000000000000000000000111111>, C4<0>, C4<0>, C4<0>;
v0x13f59b030_0 .net/2u *"_ivl_6", 65 0, L_0x130042218;  1 drivers
v0x13f59b0e0_0 .net *"_ivl_8", 65 0, L_0x13f5d9980;  1 drivers
L_0x13f5d9800 .array/port v0x13f59bd80, L_0x13f5d9980;
L_0x13f5d98a0 .concat [ 64 2 0 0], L_0x13f5df2d0, L_0x1300421d0;
L_0x13f5d9980 .arith/sum 66, L_0x13f5d98a0, L_0x130042218;
L_0x13f5d9b00 .array/port v0x13f59bd80, L_0x13f5d9cb0;
L_0x13f5d9ba0 .concat [ 64 2 0 0], L_0x13f5df2d0, L_0x130042260;
L_0x13f5d9cb0 .arith/sum 66, L_0x13f5d9ba0, L_0x1300422a8;
L_0x13f5d9e30 .array/port v0x13f59bd80, L_0x13f5d9ff0;
L_0x13f5d9f10 .concat [ 64 2 0 0], L_0x13f5df2d0, L_0x1300422f0;
L_0x13f5d9ff0 .arith/sum 66, L_0x13f5d9f10, L_0x130042338;
L_0x13f5da1c0 .array/port v0x13f59bd80, L_0x13f5da360;
L_0x13f5da260 .concat [ 64 1 0 0], L_0x13f5df2d0, L_0x130042380;
L_0x13f5da360 .arith/sum 65, L_0x13f5da260, L_0x1300423c8;
L_0x13f5da4a0 .concat [ 8 8 8 8], L_0x13f5da1c0, L_0x13f5d9e30, L_0x13f5d9b00, L_0x13f5d9800;
S_0x13f59d2b0 .scope module, "u_prf" "phys_reg_file" 6 80, 15 4 0, S_0x13f3b7400;
 .timescale 0 0;
    .port_info 0 /INPUT 1 "clk";
    .port_info 1 /INPUT 1 "reset";
    .port_info 2 /INPUT 7 "read_addr0";
    .port_info 3 /OUTPUT 64 "read_data0";
    .port_info 4 /OUTPUT 1 "read_ready0";
    .port_info 5 /INPUT 7 "read_addr1";
    .port_info 6 /OUTPUT 64 "read_data1";
    .port_info 7 /OUTPUT 1 "read_ready1";
    .port_info 8 /INPUT 7 "read_addr2";
    .port_info 9 /OUTPUT 64 "read_data2";
    .port_info 10 /OUTPUT 1 "read_ready2";
    .port_info 11 /INPUT 7 "read_addr3";
    .port_info 12 /OUTPUT 64 "read_data3";
    .port_info 13 /OUTPUT 1 "read_ready3";
    .port_info 14 /INPUT 1 "write_en0";
    .port_info 15 /INPUT 7 "write_addr0";
    .port_info 16 /INPUT 64 "write_data0";
    .port_info 17 /INPUT 1 "write_en1";
    .port_info 18 /INPUT 7 "write_addr1";
    .port_info 19 /INPUT 64 "write_data1";
    .port_info 20 /INPUT 1 "clear_ready_en0";
    .port_info 21 /INPUT 7 "clear_ready_addr0";
    .port_info 22 /INPUT 1 "clear_ready_en1";
    .port_info 23 /INPUT 7 "clear_ready_addr1";
L_0x13f5dc940 .functor BUFZ 64, L_0x13f5dc780, C4<0000000000000000000000000000000000000000000000000000000000000000>, C4<0000000000000000000000000000000000000000000000000000000000000000>, C4<0000000000000000000000000000000000000000000000000000000000000000>;
L_0x13f5dcbf0 .functor BUFZ 1, L_0x13f5dc9f0, C4<0>, C4<0>, C4<0>;
L_0x13f5dce90 .functor BUFZ 64, L_0x13f5dcca0, C4<0000000000000000000000000000000000000000000000000000000000000000>, C4<0000000000000000000000000000000000000000000000000000000000000000>, C4<0000000000000000000000000000000000000000000000000000000000000000>;
L_0x13f5dd180 .functor BUFZ 1, L_0x13f5dcf40, C4<0>, C4<0>, C4<0>;
L_0x13f5dd400 .functor BUFZ 64, L_0x13f5dd230, C4<0000000000000000000000000000000000000000000000000000000000000000>, C4<0000000000000000000000000000000000000000000000000000000000000000>, C4<0000000000000000000000000000000000000000000000000000000000000000>;
L_0x13f5dd6d0 .functor BUFZ 1, L_0x13f5dd4b0, C4<0>, C4<0>, C4<0>;
L_0x13f5dd970 .functor BUFZ 64, L_0x13f5dd780, C4<0000000000000000000000000000000000000000000000000000000000000000>, C4<0000000000000000000000000000000000000000000000000000000000000000>, C4<0000000000000000000000000000000000000000000000000000000000000000>;
L_0x13f5ddca0 .functor BUFZ 1, L_0x13f5dda60, C4<0>, C4<0>, C4<0>;
v0x13f59d830_0 .net *"_ivl_0", 63 0, L_0x13f5dc780;  1 drivers
v0x13f59d8f0_0 .net *"_ivl_10", 8 0, L_0x13f5dca90;  1 drivers
L_0x1300428d8 .functor BUFT 1, C4<00>, C4<0>, C4<0>, C4<0>;
v0x13f59d990_0 .net *"_ivl_13", 1 0, L_0x1300428d8;  1 drivers
v0x13f59da20_0 .net *"_ivl_16", 63 0, L_0x13f5dcca0;  1 drivers
v0x13f59dab0_0 .net *"_ivl_18", 8 0, L_0x13f5dcd70;  1 drivers
v0x13f59dba0_0 .net *"_ivl_2", 8 0, L_0x13f5dc820;  1 drivers
L_0x130042920 .functor BUFT 1, C4<00>, C4<0>, C4<0>, C4<0>;
v0x13f59dc50_0 .net *"_ivl_21", 1 0, L_0x130042920;  1 drivers
v0x13f59dd00_0 .net *"_ivl_24", 0 0, L_0x13f5dcf40;  1 drivers
v0x13f59ddb0_0 .net *"_ivl_26", 8 0, L_0x13f5dd020;  1 drivers
L_0x130042968 .functor BUFT 1, C4<00>, C4<0>, C4<0>, C4<0>;
v0x13f59dec0_0 .net *"_ivl_29", 1 0, L_0x130042968;  1 drivers
v0x13f59df70_0 .net *"_ivl_32", 63 0, L_0x13f5dd230;  1 drivers
v0x13f59e020_0 .net *"_ivl_34", 8 0, L_0x13f5dd320;  1 drivers
L_0x1300429b0 .functor BUFT 1, C4<00>, C4<0>, C4<0>, C4<0>;
v0x13f59e0d0_0 .net *"_ivl_37", 1 0, L_0x1300429b0;  1 drivers
v0x13f59e180_0 .net *"_ivl_40", 0 0, L_0x13f5dd4b0;  1 drivers
v0x13f59e230_0 .net *"_ivl_42", 8 0, L_0x13f5dd5b0;  1 drivers
L_0x1300429f8 .functor BUFT 1, C4<00>, C4<0>, C4<0>, C4<0>;
v0x13f59e2e0_0 .net *"_ivl_45", 1 0, L_0x1300429f8;  1 drivers
v0x13f59e390_0 .net *"_ivl_48", 63 0, L_0x13f5dd780;  1 drivers
L_0x130042890 .functor BUFT 1, C4<00>, C4<0>, C4<0>, C4<0>;
v0x13f59e520_0 .net *"_ivl_5", 1 0, L_0x130042890;  1 drivers
v0x13f59e5b0_0 .net *"_ivl_50", 8 0, L_0x13f5dd890;  1 drivers
L_0x130042a40 .functor BUFT 1, C4<00>, C4<0>, C4<0>, C4<0>;
v0x13f59e660_0 .net *"_ivl_53", 1 0, L_0x130042a40;  1 drivers
v0x13f59e710_0 .net *"_ivl_56", 0 0, L_0x13f5dda60;  1 drivers
v0x13f59e7c0_0 .net *"_ivl_58", 8 0, L_0x13f5ddb80;  1 drivers
L_0x130042a88 .functor BUFT 1, C4<00>, C4<0>, C4<0>, C4<0>;
v0x13f59e870_0 .net *"_ivl_61", 1 0, L_0x130042a88;  1 drivers
v0x13f59e920_0 .net *"_ivl_8", 0 0, L_0x13f5dc9f0;  1 drivers
v0x13f59e9d0_0 .net "clear_ready_addr0", 6 0, v0x13f5676f0_0;  alias, 1 drivers
v0x13f59ea90_0 .net "clear_ready_addr1", 6 0, v0x13f568b80_0;  alias, 1 drivers
v0x13f59eb20_0 .net "clear_ready_en0", 0 0, v0x13f568c30_0;  alias, 1 drivers
v0x13f59ebb0_0 .net "clear_ready_en1", 0 0, v0x13f568cd0_0;  alias, 1 drivers
v0x13f59ec40_0 .net "clk", 0 0, v0x13f5c4760_0;  alias, 1 drivers
v0x13f59ecd0 .array "data", 127 0, 63 0;
v0x13f59ed60_0 .var/i "i", 31 0;
v0x13f59edf0_0 .net "read_addr0", 6 0, v0x13f569030_0;  alias, 1 drivers
v0x13f59eea0_0 .net "read_addr1", 6 0, v0x13f5690e0_0;  alias, 1 drivers
v0x13f59e440_0 .net "read_addr2", 6 0, v0x13f569190_0;  alias, 1 drivers
v0x13f59f130_0 .net "read_addr3", 6 0, v0x13f569240_0;  alias, 1 drivers
v0x13f59f1c0_0 .net "read_data0", 63 0, L_0x13f5dc940;  alias, 1 drivers
v0x13f59f270_0 .net "read_data1", 63 0, L_0x13f5dce90;  alias, 1 drivers
v0x13f59f320_0 .net "read_data2", 63 0, L_0x13f5dd400;  alias, 1 drivers
v0x13f59f3d0_0 .net "read_data3", 63 0, L_0x13f5dd970;  alias, 1 drivers
v0x13f59f480_0 .net "read_ready0", 0 0, L_0x13f5dcbf0;  alias, 1 drivers
v0x13f59f530_0 .net "read_ready1", 0 0, L_0x13f5dd180;  alias, 1 drivers
v0x13f59f5e0_0 .net "read_ready2", 0 0, L_0x13f5dd6d0;  alias, 1 drivers
v0x13f59f690_0 .net "read_ready3", 0 0, L_0x13f5ddca0;  alias, 1 drivers
v0x13f59f740 .array "ready", 127 0, 0 0;
v0x13f59f7d0_0 .net "reset", 0 0, v0x13f5c4ba0_0;  alias, 1 drivers
v0x13f59f860_0 .net "write_addr0", 6 0, L_0x13f5f89b0;  alias, 1 drivers
v0x13f59f8f0_0 .net "write_addr1", 6 0, L_0x13f5f90b0;  alias, 1 drivers
v0x13f59f980_0 .net "write_data0", 63 0, L_0x13f5f8f00;  alias, 1 drivers
v0x13f59fa10_0 .net "write_data1", 63 0, L_0x13f5f8e10;  alias, 1 drivers
v0x13f59fab0_0 .net "write_en0", 0 0, L_0x13f5f6dd0;  alias, 1 drivers
v0x13f59fb50_0 .net "write_en1", 0 0, L_0x13f5f5b00;  alias, 1 drivers
L_0x13f5dc780 .array/port v0x13f59ecd0, L_0x13f5dc820;
L_0x13f5dc820 .concat [ 7 2 0 0], v0x13f569030_0, L_0x130042890;
L_0x13f5dc9f0 .array/port v0x13f59f740, L_0x13f5dca90;
L_0x13f5dca90 .concat [ 7 2 0 0], v0x13f569030_0, L_0x1300428d8;
L_0x13f5dcca0 .array/port v0x13f59ecd0, L_0x13f5dcd70;
L_0x13f5dcd70 .concat [ 7 2 0 0], v0x13f5690e0_0, L_0x130042920;
L_0x13f5dcf40 .array/port v0x13f59f740, L_0x13f5dd020;
L_0x13f5dd020 .concat [ 7 2 0 0], v0x13f5690e0_0, L_0x130042968;
L_0x13f5dd230 .array/port v0x13f59ecd0, L_0x13f5dd320;
L_0x13f5dd320 .concat [ 7 2 0 0], v0x13f569190_0, L_0x1300429b0;
L_0x13f5dd4b0 .array/port v0x13f59f740, L_0x13f5dd5b0;
L_0x13f5dd5b0 .concat [ 7 2 0 0], v0x13f569190_0, L_0x1300429f8;
L_0x13f5dd780 .array/port v0x13f59ecd0, L_0x13f5dd890;
L_0x13f5dd890 .concat [ 7 2 0 0], v0x13f569240_0, L_0x130042a40;
L_0x13f5dda60 .array/port v0x13f59f740, L_0x13f5ddb80;
L_0x13f5ddb80 .concat [ 7 2 0 0], v0x13f569240_0, L_0x130042a88;
S_0x13f59fe30 .scope module, "u_rat" "rat" 6 124, 16 6 0, S_0x13f3b7400;
 .timescale 0 0;
    .port_info 0 /INPUT 1 "clk";
    .port_info 1 /INPUT 1 "reset";
    .port_info 2 /INPUT 5 "lookup_arch0";
    .port_info 3 /OUTPUT 7 "lookup_phys0";
    .port_info 4 /INPUT 5 "lookup_arch1";
    .port_info 5 /OUTPUT 7 "lookup_phys1";
    .port_info 6 /INPUT 5 "lookup_arch2";
    .port_info 7 /OUTPUT 7 "lookup_phys2";
    .port_info 8 /INPUT 5 "lookup_arch3";
    .port_info 9 /OUTPUT 7 "lookup_phys3";
    .port_info 10 /INPUT 1 "rename_en_a";
    .port_info 11 /INPUT 5 "rename_arch_a";
    .port_info 12 /INPUT 7 "rename_phys_a";
    .port_info 13 /OUTPUT 7 "rename_old_a";
    .port_info 14 /INPUT 1 "rename_en_b";
    .port_info 15 /INPUT 5 "rename_arch_b";
    .port_info 16 /INPUT 7 "rename_phys_b";
    .port_info 17 /OUTPUT 7 "rename_old_b";
    .port_info 18 /INPUT 1 "checkpoint_en";
    .port_info 19 /INPUT 1 "restore_en";
L_0x13f5deca0 .functor BUFZ 7, L_0x13f5deae0, C4<0000000>, C4<0000000>, C4<0000000>;
L_0x13f5def10 .functor BUFZ 7, L_0x13f5ded50, C4<0000000>, C4<0000000>, C4<0000000>;
L_0x13f5df180 .functor BUFZ 7, L_0x13f5defc0, C4<0000000>, C4<0000000>, C4<0000000>;
v0x13f59d470_0 .net *"_ivl_0", 6 0, L_0x13f5deae0;  1 drivers
v0x13f5a0760_0 .net *"_ivl_10", 6 0, L_0x13f5dedf0;  1 drivers
L_0x130042d10 .functor BUFT 1, C4<00>, C4<0>, C4<0>, C4<0>;
v0x13f5a0800_0 .net *"_ivl_13", 1 0, L_0x130042d10;  1 drivers
v0x13f5a08c0_0 .net *"_ivl_16", 6 0, L_0x13f5defc0;  1 drivers
v0x13f5a0970_0 .net *"_ivl_18", 6 0, L_0x13f5df060;  1 drivers
v0x13f5a0a60_0 .net *"_ivl_2", 6 0, L_0x13f5deb80;  1 drivers
L_0x130042d58 .functor BUFT 1, C4<00>, C4<0>, C4<0>, C4<0>;
v0x13f5a0b10_0 .net *"_ivl_21", 1 0, L_0x130042d58;  1 drivers
L_0x130042cc8 .functor BUFT 1, C4<00>, C4<0>, C4<0>, C4<0>;
v0x13f5a0bc0_0 .net *"_ivl_5", 1 0, L_0x130042cc8;  1 drivers
v0x13f5a0c70_0 .net *"_ivl_8", 6 0, L_0x13f5ded50;  1 drivers
v0x13f5a0d80_0 .net "checkpoint_en", 0 0, v0x13f569570_0;  alias, 1 drivers
v0x13f5a0e30 .array "checkpoint_r", 31 0, 6 0;
v0x13f5a0ec0_0 .net "clk", 0 0, v0x13f5c4760_0;  alias, 1 drivers
v0x13f5a0f50_0 .var/i "i", 31 0;
v0x13f5a0fe0_0 .net "lookup_arch0", 4 0, v0x13f569610_0;  alias, 1 drivers
v0x13f5a1090_0 .net "lookup_arch1", 4 0, v0x13f5696c0_0;  alias, 1 drivers
v0x13f5a1140_0 .net "lookup_arch2", 4 0, v0x13f569770_0;  alias, 1 drivers
v0x13f5a11f0_0 .net "lookup_arch3", 4 0, v0x13f569820_0;  alias, 1 drivers
v0x13f5a13a0_0 .net "lookup_phys0", 6 0, L_0x13f5deca0;  alias, 1 drivers
v0x13f5a1430_0 .net "lookup_phys1", 6 0, L_0x13f5def10;  alias, 1 drivers
v0x13f5a14c0_0 .var "lookup_phys2", 6 0;
v0x13f5a1550_0 .var "lookup_phys3", 6 0;
v0x13f5a15e0_0 .net "rename_arch_a", 4 0, v0x13f569cf0_0;  alias, 1 drivers
v0x13f5a1690_0 .net "rename_arch_b", 4 0, v0x13f569da0_0;  alias, 1 drivers
v0x13f5a1740_0 .net "rename_en_a", 0 0, v0x13f569e50_0;  alias, 1 drivers
v0x13f5a17f0_0 .net "rename_en_b", 0 0, v0x13f569ef0_0;  alias, 1 drivers
v0x13f5a18a0_0 .net "rename_old_a", 6 0, L_0x13f5df180;  alias, 1 drivers
v0x13f5a1950_0 .var "rename_old_b", 6 0;
v0x13f5a1a00_0 .net "rename_phys_a", 6 0, v0x13f569f90_0;  alias, 1 drivers
v0x13f5a1ab0_0 .net "rename_phys_b", 6 0, v0x13f56a040_0;  alias, 1 drivers
v0x13f5a1b60_0 .net "reset", 0 0, v0x13f5c4ba0_0;  alias, 1 drivers
v0x13f5a1bf0_0 .net "restore_en", 0 0, L_0x13f5f92f0;  alias, 1 drivers
v0x13f5a1c80 .array "table_r", 31 0, 6 0;
E_0x13f5a0310/0 .event anyedge, v0x13f569e50_0, v0x13f569da0_0, v0x13f569cf0_0, v0x13f569f90_0;
v0x13f5a1c80_0 .array/port v0x13f5a1c80, 0;
v0x13f5a1c80_1 .array/port v0x13f5a1c80, 1;
v0x13f5a1c80_2 .array/port v0x13f5a1c80, 2;
v0x13f5a1c80_3 .array/port v0x13f5a1c80, 3;
E_0x13f5a0310/1 .event anyedge, v0x13f5a1c80_0, v0x13f5a1c80_1, v0x13f5a1c80_2, v0x13f5a1c80_3;
v0x13f5a1c80_4 .array/port v0x13f5a1c80, 4;
v0x13f5a1c80_5 .array/port v0x13f5a1c80, 5;
v0x13f5a1c80_6 .array/port v0x13f5a1c80, 6;
v0x13f5a1c80_7 .array/port v0x13f5a1c80, 7;
E_0x13f5a0310/2 .event anyedge, v0x13f5a1c80_4, v0x13f5a1c80_5, v0x13f5a1c80_6, v0x13f5a1c80_7;
v0x13f5a1c80_8 .array/port v0x13f5a1c80, 8;
v0x13f5a1c80_9 .array/port v0x13f5a1c80, 9;
v0x13f5a1c80_10 .array/port v0x13f5a1c80, 10;
v0x13f5a1c80_11 .array/port v0x13f5a1c80, 11;
E_0x13f5a0310/3 .event anyedge, v0x13f5a1c80_8, v0x13f5a1c80_9, v0x13f5a1c80_10, v0x13f5a1c80_11;
v0x13f5a1c80_12 .array/port v0x13f5a1c80, 12;
v0x13f5a1c80_13 .array/port v0x13f5a1c80, 13;
v0x13f5a1c80_14 .array/port v0x13f5a1c80, 14;
v0x13f5a1c80_15 .array/port v0x13f5a1c80, 15;
E_0x13f5a0310/4 .event anyedge, v0x13f5a1c80_12, v0x13f5a1c80_13, v0x13f5a1c80_14, v0x13f5a1c80_15;
v0x13f5a1c80_16 .array/port v0x13f5a1c80, 16;
v0x13f5a1c80_17 .array/port v0x13f5a1c80, 17;
v0x13f5a1c80_18 .array/port v0x13f5a1c80, 18;
v0x13f5a1c80_19 .array/port v0x13f5a1c80, 19;
E_0x13f5a0310/5 .event anyedge, v0x13f5a1c80_16, v0x13f5a1c80_17, v0x13f5a1c80_18, v0x13f5a1c80_19;
v0x13f5a1c80_20 .array/port v0x13f5a1c80, 20;
v0x13f5a1c80_21 .array/port v0x13f5a1c80, 21;
v0x13f5a1c80_22 .array/port v0x13f5a1c80, 22;
v0x13f5a1c80_23 .array/port v0x13f5a1c80, 23;
E_0x13f5a0310/6 .event anyedge, v0x13f5a1c80_20, v0x13f5a1c80_21, v0x13f5a1c80_22, v0x13f5a1c80_23;
v0x13f5a1c80_24 .array/port v0x13f5a1c80, 24;
v0x13f5a1c80_25 .array/port v0x13f5a1c80, 25;
v0x13f5a1c80_26 .array/port v0x13f5a1c80, 26;
v0x13f5a1c80_27 .array/port v0x13f5a1c80, 27;
E_0x13f5a0310/7 .event anyedge, v0x13f5a1c80_24, v0x13f5a1c80_25, v0x13f5a1c80_26, v0x13f5a1c80_27;
v0x13f5a1c80_28 .array/port v0x13f5a1c80, 28;
v0x13f5a1c80_29 .array/port v0x13f5a1c80, 29;
v0x13f5a1c80_30 .array/port v0x13f5a1c80, 30;
v0x13f5a1c80_31 .array/port v0x13f5a1c80, 31;
E_0x13f5a0310/8 .event anyedge, v0x13f5a1c80_28, v0x13f5a1c80_29, v0x13f5a1c80_30, v0x13f5a1c80_31;
E_0x13f5a0310 .event/or E_0x13f5a0310/0, E_0x13f5a0310/1, E_0x13f5a0310/2, E_0x13f5a0310/3, E_0x13f5a0310/4, E_0x13f5a0310/5, E_0x13f5a0310/6, E_0x13f5a0310/7, E_0x13f5a0310/8;
E_0x13f5a0480/0 .event anyedge, v0x13f569e50_0, v0x13f569820_0, v0x13f569cf0_0, v0x13f569f90_0;
E_0x13f5a0480/1 .event anyedge, v0x13f5a1c80_0, v0x13f5a1c80_1, v0x13f5a1c80_2, v0x13f5a1c80_3;
E_0x13f5a0480/2 .event anyedge, v0x13f5a1c80_4, v0x13f5a1c80_5, v0x13f5a1c80_6, v0x13f5a1c80_7;
E_0x13f5a0480/3 .event anyedge, v0x13f5a1c80_8, v0x13f5a1c80_9, v0x13f5a1c80_10, v0x13f5a1c80_11;
E_0x13f5a0480/4 .event anyedge, v0x13f5a1c80_12, v0x13f5a1c80_13, v0x13f5a1c80_14, v0x13f5a1c80_15;
E_0x13f5a0480/5 .event anyedge, v0x13f5a1c80_16, v0x13f5a1c80_17, v0x13f5a1c80_18, v0x13f5a1c80_19;
E_0x13f5a0480/6 .event anyedge, v0x13f5a1c80_20, v0x13f5a1c80_21, v0x13f5a1c80_22, v0x13f5a1c80_23;
E_0x13f5a0480/7 .event anyedge, v0x13f5a1c80_24, v0x13f5a1c80_25, v0x13f5a1c80_26, v0x13f5a1c80_27;
E_0x13f5a0480/8 .event anyedge, v0x13f5a1c80_28, v0x13f5a1c80_29, v0x13f5a1c80_30, v0x13f5a1c80_31;
E_0x13f5a0480 .event/or E_0x13f5a0480/0, E_0x13f5a0480/1, E_0x13f5a0480/2, E_0x13f5a0480/3, E_0x13f5a0480/4, E_0x13f5a0480/5, E_0x13f5a0480/6, E_0x13f5a0480/7, E_0x13f5a0480/8;
E_0x13f5a05e0/0 .event anyedge, v0x13f569e50_0, v0x13f569770_0, v0x13f569cf0_0, v0x13f569f90_0;
E_0x13f5a05e0/1 .event anyedge, v0x13f5a1c80_0, v0x13f5a1c80_1, v0x13f5a1c80_2, v0x13f5a1c80_3;
E_0x13f5a05e0/2 .event anyedge, v0x13f5a1c80_4, v0x13f5a1c80_5, v0x13f5a1c80_6, v0x13f5a1c80_7;
E_0x13f5a05e0/3 .event anyedge, v0x13f5a1c80_8, v0x13f5a1c80_9, v0x13f5a1c80_10, v0x13f5a1c80_11;
E_0x13f5a05e0/4 .event anyedge, v0x13f5a1c80_12, v0x13f5a1c80_13, v0x13f5a1c80_14, v0x13f5a1c80_15;
E_0x13f5a05e0/5 .event anyedge, v0x13f5a1c80_16, v0x13f5a1c80_17, v0x13f5a1c80_18, v0x13f5a1c80_19;
E_0x13f5a05e0/6 .event anyedge, v0x13f5a1c80_20, v0x13f5a1c80_21, v0x13f5a1c80_22, v0x13f5a1c80_23;
E_0x13f5a05e0/7 .event anyedge, v0x13f5a1c80_24, v0x13f5a1c80_25, v0x13f5a1c80_26, v0x13f5a1c80_27;
E_0x13f5a05e0/8 .event anyedge, v0x13f5a1c80_28, v0x13f5a1c80_29, v0x13f5a1c80_30, v0x13f5a1c80_31;
E_0x13f5a05e0 .event/or E_0x13f5a05e0/0, E_0x13f5a05e0/1, E_0x13f5a05e0/2, E_0x13f5a05e0/3, E_0x13f5a05e0/4, E_0x13f5a05e0/5, E_0x13f5a05e0/6, E_0x13f5a05e0/7, E_0x13f5a05e0/8;
L_0x13f5deae0 .array/port v0x13f5a1c80, L_0x13f5deb80;
L_0x13f5deb80 .concat [ 5 2 0 0], v0x13f569610_0, L_0x130042cc8;
L_0x13f5ded50 .array/port v0x13f5a1c80, L_0x13f5dedf0;
L_0x13f5dedf0 .concat [ 5 2 0 0], v0x13f5696c0_0, L_0x130042d10;
L_0x13f5defc0 .array/port v0x13f5a1c80, L_0x13f5df060;
L_0x13f5df060 .concat [ 5 2 0 0], v0x13f569cf0_0, L_0x130042d58;
S_0x13f5a21c0 .scope module, "u_rob" "rob" 6 203, 17 5 0, S_0x13f3b7400;
 .timescale 0 0;
    .port_info 0 /INPUT 1 "clk";
    .port_info 1 /INPUT 1 "reset";
    .port_info 2 /INPUT 1 "alloc_en0";
    .port_info 3 /INPUT 3 "alloc_type0";
    .port_info 4 /INPUT 5 "alloc_arch_rd0";
    .port_info 5 /INPUT 7 "alloc_old_phys0";
    .port_info 6 /INPUT 7 "alloc_new_phys0";
    .port_info 7 /INPUT 1 "alloc_has_dest0";
    .port_info 8 /INPUT 1 "alloc_br_pred0";
    .port_info 9 /INPUT 64 "alloc_pc0";
    .port_info 10 /INPUT 1 "alloc_en1";
    .port_info 11 /INPUT 3 "alloc_type1";
    .port_info 12 /INPUT 5 "alloc_arch_rd1";
    .port_info 13 /INPUT 7 "alloc_old_phys1";
    .port_info 14 /INPUT 7 "alloc_new_phys1";
    .port_info 15 /INPUT 1 "alloc_has_dest1";
    .port_info 16 /INPUT 1 "alloc_br_pred1";
    .port_info 17 /INPUT 64 "alloc_pc1";
    .port_info 18 /OUTPUT 5 "alloc_idx0";
    .port_info 19 /OUTPUT 5 "alloc_idx1";
    .port_info 20 /OUTPUT 1 "full";
    .port_info 21 /INPUT 1 "cdb_valid0";
    .port_info 22 /INPUT 5 "cdb_rob_idx0";
    .port_info 23 /INPUT 64 "cdb_value0";
    .port_info 24 /INPUT 64 "cdb_store_addr0";
    .port_info 25 /INPUT 1 "cdb_br_actual0";
    .port_info 26 /INPUT 1 "cdb_mispredict0";
    .port_info 27 /INPUT 1 "cdb_valid1";
    .port_info 28 /INPUT 5 "cdb_rob_idx1";
    .port_info 29 /INPUT 64 "cdb_value1";
    .port_info 30 /INPUT 64 "cdb_store_addr1";
    .port_info 31 /INPUT 1 "cdb_br_actual1";
    .port_info 32 /INPUT 1 "cdb_mispredict1";
    .port_info 33 /OUTPUT 1 "commit_en0";
    .port_info 34 /OUTPUT 3 "commit_type0";
    .port_info 35 /OUTPUT 5 "commit_arch_rd0";
    .port_info 36 /OUTPUT 7 "commit_old_phys0";
    .port_info 37 /OUTPUT 7 "commit_new_phys0";
    .port_info 38 /OUTPUT 64 "commit_store_addr0";
    .port_info 39 /OUTPUT 64 "commit_store_data0";
    .port_info 40 /OUTPUT 1 "commit_en1";
    .port_info 41 /OUTPUT 3 "commit_type1";
    .port_info 42 /OUTPUT 5 "commit_arch_rd1";
    .port_info 43 /OUTPUT 7 "commit_old_phys1";
    .port_info 44 /OUTPUT 7 "commit_new_phys1";
    .port_info 45 /OUTPUT 64 "commit_store_addr1";
    .port_info 46 /OUTPUT 64 "commit_store_data1";
    .port_info 47 /OUTPUT 1 "hlt";
    .port_info 48 /INPUT 1 "flush_en";
    .port_info 49 /INPUT 5 "flush_rob_idx";
    .port_info 50 /OUTPUT 64 "flush_redirect_pc";
    .port_info 51 /OUTPUT 1 "flush_active";
    .port_info 52 /OUTPUT 1 "flush_free_en0";
    .port_info 53 /OUTPUT 7 "flush_free_reg0";
    .port_info 54 /OUTPUT 1 "flush_free_en1";
    .port_info 55 /OUTPUT 7 "flush_free_reg1";
    .port_info 56 /OUTPUT 1 "empty";
P_0x13f5a2380 .param/l "IDX_BITS" 1 17 83, +C4<00000000000000000000000000000101>;
P_0x13f5a23c0 .param/l "ROB_SIZE" 1 17 82, +C4<00000000000000000000000000100000>;
P_0x13f5a2400 .param/l "TYPE_ALU" 1 17 85, C4<000>;
P_0x13f5a2440 .param/l "TYPE_BRANCH" 1 17 89, C4<100>;
P_0x13f5a2480 .param/l "TYPE_FPU" 1 17 86, C4<001>;
P_0x13f5a24c0 .param/l "TYPE_HALT" 1 17 90, C4<101>;
P_0x13f5a2500 .param/l "TYPE_LOAD" 1 17 87, C4<010>;
P_0x13f5a2540 .param/l "TYPE_OTHER" 1 17 91, C4<110>;
P_0x13f5a2580 .param/l "TYPE_STORE" 1 17 88, C4<011>;
L_0x13f5dfb30 .functor BUFZ 5, L_0x13f5df490, C4<00000>, C4<00000>, C4<00000>;
L_0x13f5dfd20 .functor BUFZ 5, L_0x13f5df3f0, C4<00000>, C4<00000>, C4<00000>;
L_0x130042e30 .functor BUFT 1, C4<00000000000000000000000000011111>, C4<0>, C4<0>, C4<0>;
v0x13f5a2a30_0 .net/2u *"_ivl_10", 31 0, L_0x130042e30;  1 drivers
v0x13f5a2af0_0 .net *"_ivl_14", 31 0, L_0x13f5df8b0;  1 drivers
L_0x130042e78 .functor BUFT 1, C4<00000000000000000000000000>, C4<0>, C4<0>, C4<0>;
v0x13f5a2ba0_0 .net *"_ivl_17", 25 0, L_0x130042e78;  1 drivers
L_0x130042ec0 .functor BUFT 1, C4<00000000000000000000000000000000>, C4<0>, C4<0>, C4<0>;
v0x13f5a2c60_0 .net/2u *"_ivl_18", 31 0, L_0x130042ec0;  1 drivers
L_0x130042f08 .functor BUFT 1, C4<00001>, C4<0>, C4<0>, C4<0>;
v0x13f5a2d10_0 .net/2u *"_ivl_24", 4 0, L_0x130042f08;  1 drivers
L_0x130042f50 .functor BUFT 1, C4<00001>, C4<0>, C4<0>, C4<0>;
v0x13f5a2e00_0 .net/2u *"_ivl_30", 4 0, L_0x130042f50;  1 drivers
L_0x130042f98 .functor BUFT 1, C4<0>, C4<0>, C4<0>, C4<0>;
v0x13f5a2eb0_0 .net/2u *"_ivl_36", 0 0, L_0x130042f98;  1 drivers
v0x13f5a2f60_0 .net *"_ivl_38", 5 0, L_0x13f5e0060;  1 drivers
v0x13f5a3010_0 .net *"_ivl_40", 5 0, L_0x13f5e0100;  1 drivers
L_0x130042fe0 .functor BUFT 1, C4<000001>, C4<0>, C4<0>, C4<0>;
v0x13f5a3120_0 .net/2u *"_ivl_42", 5 0, L_0x130042fe0;  1 drivers
v0x13f5a31d0_0 .net *"_ivl_6", 31 0, L_0x13f5df670;  1 drivers
L_0x130042de8 .functor BUFT 1, C4<00000000000000000000000000>, C4<0>, C4<0>, C4<0>;
v0x13f5a3280_0 .net *"_ivl_9", 25 0, L_0x130042de8;  1 drivers
v0x13f5a3330_0 .net "alloc_arch_rd0", 4 0, v0x13f56a250_0;  alias, 1 drivers
v0x13f5a33f0_0 .net "alloc_arch_rd1", 4 0, v0x13f56a300_0;  alias, 1 drivers
v0x13f5a3480_0 .net "alloc_br_pred0", 0 0, v0x13f56a3b0_0;  alias, 1 drivers
v0x13f5a3510_0 .net "alloc_br_pred1", 0 0, v0x13f56a450_0;  alias, 1 drivers
v0x13f5a35c0_0 .net "alloc_en0", 0 0, v0x13f56a4f0_0;  alias, 1 drivers
v0x13f5a3770_0 .net "alloc_en1", 0 0, v0x13f56a590_0;  alias, 1 drivers
v0x13f5a3800_0 .net "alloc_has_dest0", 0 0, v0x13f56a630_0;  alias, 1 drivers
v0x13f5a3890_0 .net "alloc_has_dest1", 0 0, v0x13f56a6d0_0;  alias, 1 drivers
v0x13f5a3920_0 .net "alloc_idx0", 4 0, L_0x13f5dfb30;  alias, 1 drivers
v0x13f5a39b0_0 .net "alloc_idx1", 4 0, L_0x13f5dfbe0;  alias, 1 drivers
v0x13f5a3a60_0 .net "alloc_new_phys0", 6 0, v0x13f56a8d0_0;  alias, 1 drivers
v0x13f5a3b10_0 .net "alloc_new_phys1", 6 0, v0x13f56a980_0;  alias, 1 drivers
v0x13f5a3bc0_0 .net "alloc_old_phys0", 6 0, v0x13f56aa30_0;  alias, 1 drivers
v0x13f5a3c70_0 .net "alloc_old_phys1", 6 0, v0x13f56aae0_0;  alias, 1 drivers
v0x13f5a3d20_0 .net "alloc_pc0", 63 0, v0x13f56ab90_0;  alias, 1 drivers
v0x13f5a3dd0_0 .net "alloc_pc1", 63 0, v0x13f56ac40_0;  alias, 1 drivers
v0x13f5a3e80_0 .net "alloc_type0", 2 0, v0x13f56acf0_0;  alias, 1 drivers
v0x13f5a3f30_0 .net "alloc_type1", 2 0, v0x13f56ada0_0;  alias, 1 drivers
v0x13f5a3fe0 .array "arch_rd", 31 0, 4 0;
v0x13f5a4310 .array "br_actual", 31 0, 0 0;
v0x13f5a43a0 .array "br_pred", 31 0, 0 0;
v0x13f5a3650_0 .var "can_commit0", 0 0;
v0x13f5a4630_0 .var "can_commit1", 0 0;
v0x13f5a46c0_0 .net "cdb_br_actual0", 0 0, v0x13f5c1710_0;  1 drivers
v0x13f5a4750_0 .net "cdb_br_actual1", 0 0, v0x13f5c17a0_0;  1 drivers
v0x13f5a47e0_0 .net "cdb_mispredict0", 0 0, v0x13f5c1830_0;  1 drivers
v0x13f5a4870_0 .net "cdb_mispredict1", 0 0, v0x13f5c18c0_0;  1 drivers
v0x13f5a4900_0 .net "cdb_rob_idx0", 4 0, L_0x13f5f7b00;  alias, 1 drivers
v0x13f5a49b0_0 .net "cdb_rob_idx1", 4 0, L_0x13f5f7d70;  alias, 1 drivers
v0x13f5a4a60_0 .net "cdb_store_addr0", 63 0, v0x13f5c1950_0;  1 drivers
v0x13f5a4b00_0 .net "cdb_store_addr1", 63 0, v0x13f5c19e0_0;  1 drivers
v0x13f5a4bb0_0 .net "cdb_valid0", 0 0, L_0x13f5f78d0;  alias, 1 drivers
v0x13f5a4c80_0 .net "cdb_valid1", 0 0, L_0x13f5f7940;  alias, 1 drivers
v0x13f5a4d50_0 .net "cdb_value0", 63 0, v0x13f560e40_0;  alias, 1 drivers
v0x13f5a4e20_0 .net "cdb_value1", 63 0, v0x13f562320_0;  alias, 1 drivers
v0x13f5a4ef0_0 .net "cidx0", 4 0, L_0x13f5dfd20;  1 drivers
v0x13f5a4f80_0 .net "cidx1", 4 0, L_0x13f5dfd90;  1 drivers
v0x13f5a5010_0 .net "clk", 0 0, v0x13f5c4760_0;  alias, 1 drivers
v0x13f5a50a0_0 .var "commit_arch_rd0", 4 0;
v0x13f5a5150_0 .var "commit_arch_rd1", 4 0;
v0x13f5a5200_0 .var "commit_en0", 0 0;
v0x13f5a52a0_0 .var "commit_en1", 0 0;
v0x13f5a5340_0 .var "commit_new_phys0", 6 0;
v0x13f5a53f0_0 .var "commit_new_phys1", 6 0;
v0x13f5a54a0_0 .var "commit_old_phys0", 6 0;
v0x13f5a5550_0 .var "commit_old_phys1", 6 0;
v0x13f5a5600_0 .var "commit_store_addr0", 63 0;
v0x13f5a56b0_0 .var "commit_store_addr1", 63 0;
v0x13f5a5760_0 .var "commit_store_data0", 63 0;
v0x13f5a5810_0 .var "commit_store_data1", 63 0;
v0x13f5a58c0_0 .var "commit_type0", 2 0;
v0x13f5a5970_0 .var "commit_type1", 2 0;
v0x13f5a5a20 .array "completed", 31 0, 0 0;
v0x13f5a5bb0_0 .net "count", 5 0, L_0x13f5df530;  1 drivers
v0x13f5a5c60_0 .var "drain_end", 5 0;
v0x13f5a5d10_0 .var "drain_ptr", 5 0;
v0x13f5a5dc0_0 .net "empty", 0 0, L_0x13f5df990;  alias, 1 drivers
v0x13f5a5e60_0 .var "flush_active", 0 0;
v0x13f5a5f00_0 .net "flush_en", 0 0, L_0x13f5f92f0;  alias, 1 drivers
v0x13f5a5f90_0 .var "flush_free_en0", 0 0;
v0x13f5a6030_0 .var "flush_free_en1", 0 0;
v0x13f5a60d0_0 .var "flush_free_reg0", 6 0;
v0x13f5a6180_0 .var "flush_free_reg1", 6 0;
v0x13f5a6230_0 .net "flush_new_tail", 5 0, L_0x13f5e0200;  1 drivers
v0x13f5a62e0_0 .net "flush_offset", 4 0, L_0x13f5dfee0;  1 drivers
v0x13f5a6390_0 .var "flush_redirect_pc", 63 0;
v0x13f5a6440_0 .net "flush_rob_idx", 4 0, v0x13f5bea60_0;  alias, 1 drivers
v0x13f5a64e0_0 .net "full", 0 0, L_0x13f5df790;  alias, 1 drivers
v0x13f5a6590 .array "has_dest", 31 0, 0 0;
v0x13f5a6620_0 .var "head", 5 0;
v0x13f5a66b0_0 .net "head_idx", 4 0, L_0x13f5df3f0;  1 drivers
v0x13f5a6760_0 .var "hlt", 0 0;
v0x13f5a6800_0 .var/i "i", 31 0;
v0x13f5a68b0 .array "itype", 31 0, 2 0;
v0x13f5a6c50 .array "mispred", 31 0, 0 0;
v0x13f5a6ce0 .array "new_phys", 31 0, 6 0;
v0x13f5a7080 .array "old_phys", 31 0, 6 0;
v0x13f5a7420 .array "pc", 31 0, 63 0;
v0x13f5a74c0_0 .net "reset", 0 0, v0x13f5c4ba0_0;  alias, 1 drivers
v0x13f5a7550 .array "store_addr", 31 0, 63 0;
v0x13f5a78f0_0 .var "tail", 5 0;
v0x13f5a79a0_0 .net "tail_idx", 4 0, L_0x13f5df490;  1 drivers
v0x13f5a7a50 .array "valid", 31 0, 0 0;
v0x13f5a7de0 .array "value", 31 0, 63 0;
E_0x13f5a29f0/0 .event anyedge, v0x13f556760_0, v0x13f5a5e60_0, v0x13f5a5bb0_0, v0x13f5a4ef0_0;
v0x13f5a7a50_0 .array/port v0x13f5a7a50, 0;
v0x13f5a7a50_1 .array/port v0x13f5a7a50, 1;
v0x13f5a7a50_2 .array/port v0x13f5a7a50, 2;
v0x13f5a7a50_3 .array/port v0x13f5a7a50, 3;
E_0x13f5a29f0/1 .event anyedge, v0x13f5a7a50_0, v0x13f5a7a50_1, v0x13f5a7a50_2, v0x13f5a7a50_3;
v0x13f5a7a50_4 .array/port v0x13f5a7a50, 4;
v0x13f5a7a50_5 .array/port v0x13f5a7a50, 5;
v0x13f5a7a50_6 .array/port v0x13f5a7a50, 6;
v0x13f5a7a50_7 .array/port v0x13f5a7a50, 7;
E_0x13f5a29f0/2 .event anyedge, v0x13f5a7a50_4, v0x13f5a7a50_5, v0x13f5a7a50_6, v0x13f5a7a50_7;
v0x13f5a7a50_8 .array/port v0x13f5a7a50, 8;
v0x13f5a7a50_9 .array/port v0x13f5a7a50, 9;
v0x13f5a7a50_10 .array/port v0x13f5a7a50, 10;
v0x13f5a7a50_11 .array/port v0x13f5a7a50, 11;
E_0x13f5a29f0/3 .event anyedge, v0x13f5a7a50_8, v0x13f5a7a50_9, v0x13f5a7a50_10, v0x13f5a7a50_11;
v0x13f5a7a50_12 .array/port v0x13f5a7a50, 12;
v0x13f5a7a50_13 .array/port v0x13f5a7a50, 13;
v0x13f5a7a50_14 .array/port v0x13f5a7a50, 14;
v0x13f5a7a50_15 .array/port v0x13f5a7a50, 15;
E_0x13f5a29f0/4 .event anyedge, v0x13f5a7a50_12, v0x13f5a7a50_13, v0x13f5a7a50_14, v0x13f5a7a50_15;
v0x13f5a7a50_16 .array/port v0x13f5a7a50, 16;
v0x13f5a7a50_17 .array/port v0x13f5a7a50, 17;
v0x13f5a7a50_18 .array/port v0x13f5a7a50, 18;
v0x13f5a7a50_19 .array/port v0x13f5a7a50, 19;
E_0x13f5a29f0/5 .event anyedge, v0x13f5a7a50_16, v0x13f5a7a50_17, v0x13f5a7a50_18, v0x13f5a7a50_19;
v0x13f5a7a50_20 .array/port v0x13f5a7a50, 20;
v0x13f5a7a50_21 .array/port v0x13f5a7a50, 21;
v0x13f5a7a50_22 .array/port v0x13f5a7a50, 22;
v0x13f5a7a50_23 .array/port v0x13f5a7a50, 23;
E_0x13f5a29f0/6 .event anyedge, v0x13f5a7a50_20, v0x13f5a7a50_21, v0x13f5a7a50_22, v0x13f5a7a50_23;
v0x13f5a7a50_24 .array/port v0x13f5a7a50, 24;
v0x13f5a7a50_25 .array/port v0x13f5a7a50, 25;
v0x13f5a7a50_26 .array/port v0x13f5a7a50, 26;
v0x13f5a7a50_27 .array/port v0x13f5a7a50, 27;
E_0x13f5a29f0/7 .event anyedge, v0x13f5a7a50_24, v0x13f5a7a50_25, v0x13f5a7a50_26, v0x13f5a7a50_27;
v0x13f5a7a50_28 .array/port v0x13f5a7a50, 28;
v0x13f5a7a50_29 .array/port v0x13f5a7a50, 29;
v0x13f5a7a50_30 .array/port v0x13f5a7a50, 30;
v0x13f5a7a50_31 .array/port v0x13f5a7a50, 31;
E_0x13f5a29f0/8 .event anyedge, v0x13f5a7a50_28, v0x13f5a7a50_29, v0x13f5a7a50_30, v0x13f5a7a50_31;
v0x13f5a5a20_0 .array/port v0x13f5a5a20, 0;
v0x13f5a5a20_1 .array/port v0x13f5a5a20, 1;
v0x13f5a5a20_2 .array/port v0x13f5a5a20, 2;
v0x13f5a5a20_3 .array/port v0x13f5a5a20, 3;
E_0x13f5a29f0/9 .event anyedge, v0x13f5a5a20_0, v0x13f5a5a20_1, v0x13f5a5a20_2, v0x13f5a5a20_3;
v0x13f5a5a20_4 .array/port v0x13f5a5a20, 4;
v0x13f5a5a20_5 .array/port v0x13f5a5a20, 5;
v0x13f5a5a20_6 .array/port v0x13f5a5a20, 6;
v0x13f5a5a20_7 .array/port v0x13f5a5a20, 7;
E_0x13f5a29f0/10 .event anyedge, v0x13f5a5a20_4, v0x13f5a5a20_5, v0x13f5a5a20_6, v0x13f5a5a20_7;
v0x13f5a5a20_8 .array/port v0x13f5a5a20, 8;
v0x13f5a5a20_9 .array/port v0x13f5a5a20, 9;
v0x13f5a5a20_10 .array/port v0x13f5a5a20, 10;
v0x13f5a5a20_11 .array/port v0x13f5a5a20, 11;
E_0x13f5a29f0/11 .event anyedge, v0x13f5a5a20_8, v0x13f5a5a20_9, v0x13f5a5a20_10, v0x13f5a5a20_11;
v0x13f5a5a20_12 .array/port v0x13f5a5a20, 12;
v0x13f5a5a20_13 .array/port v0x13f5a5a20, 13;
v0x13f5a5a20_14 .array/port v0x13f5a5a20, 14;
v0x13f5a5a20_15 .array/port v0x13f5a5a20, 15;
E_0x13f5a29f0/12 .event anyedge, v0x13f5a5a20_12, v0x13f5a5a20_13, v0x13f5a5a20_14, v0x13f5a5a20_15;
v0x13f5a5a20_16 .array/port v0x13f5a5a20, 16;
v0x13f5a5a20_17 .array/port v0x13f5a5a20, 17;
v0x13f5a5a20_18 .array/port v0x13f5a5a20, 18;
v0x13f5a5a20_19 .array/port v0x13f5a5a20, 19;
E_0x13f5a29f0/13 .event anyedge, v0x13f5a5a20_16, v0x13f5a5a20_17, v0x13f5a5a20_18, v0x13f5a5a20_19;
v0x13f5a5a20_20 .array/port v0x13f5a5a20, 20;
v0x13f5a5a20_21 .array/port v0x13f5a5a20, 21;
v0x13f5a5a20_22 .array/port v0x13f5a5a20, 22;
v0x13f5a5a20_23 .array/port v0x13f5a5a20, 23;
E_0x13f5a29f0/14 .event anyedge, v0x13f5a5a20_20, v0x13f5a5a20_21, v0x13f5a5a20_22, v0x13f5a5a20_23;
v0x13f5a5a20_24 .array/port v0x13f5a5a20, 24;
v0x13f5a5a20_25 .array/port v0x13f5a5a20, 25;
v0x13f5a5a20_26 .array/port v0x13f5a5a20, 26;
v0x13f5a5a20_27 .array/port v0x13f5a5a20, 27;
E_0x13f5a29f0/15 .event anyedge, v0x13f5a5a20_24, v0x13f5a5a20_25, v0x13f5a5a20_26, v0x13f5a5a20_27;
v0x13f5a5a20_28 .array/port v0x13f5a5a20, 28;
v0x13f5a5a20_29 .array/port v0x13f5a5a20, 29;
v0x13f5a5a20_30 .array/port v0x13f5a5a20, 30;
v0x13f5a5a20_31 .array/port v0x13f5a5a20, 31;
E_0x13f5a29f0/16 .event anyedge, v0x13f5a5a20_28, v0x13f5a5a20_29, v0x13f5a5a20_30, v0x13f5a5a20_31;
v0x13f5a68b0_0 .array/port v0x13f5a68b0, 0;
v0x13f5a68b0_1 .array/port v0x13f5a68b0, 1;
v0x13f5a68b0_2 .array/port v0x13f5a68b0, 2;
v0x13f5a68b0_3 .array/port v0x13f5a68b0, 3;
E_0x13f5a29f0/17 .event anyedge, v0x13f5a68b0_0, v0x13f5a68b0_1, v0x13f5a68b0_2, v0x13f5a68b0_3;
v0x13f5a68b0_4 .array/port v0x13f5a68b0, 4;
v0x13f5a68b0_5 .array/port v0x13f5a68b0, 5;
v0x13f5a68b0_6 .array/port v0x13f5a68b0, 6;
v0x13f5a68b0_7 .array/port v0x13f5a68b0, 7;
E_0x13f5a29f0/18 .event anyedge, v0x13f5a68b0_4, v0x13f5a68b0_5, v0x13f5a68b0_6, v0x13f5a68b0_7;
v0x13f5a68b0_8 .array/port v0x13f5a68b0, 8;
v0x13f5a68b0_9 .array/port v0x13f5a68b0, 9;
v0x13f5a68b0_10 .array/port v0x13f5a68b0, 10;
v0x13f5a68b0_11 .array/port v0x13f5a68b0, 11;
E_0x13f5a29f0/19 .event anyedge, v0x13f5a68b0_8, v0x13f5a68b0_9, v0x13f5a68b0_10, v0x13f5a68b0_11;
v0x13f5a68b0_12 .array/port v0x13f5a68b0, 12;
v0x13f5a68b0_13 .array/port v0x13f5a68b0, 13;
v0x13f5a68b0_14 .array/port v0x13f5a68b0, 14;
v0x13f5a68b0_15 .array/port v0x13f5a68b0, 15;
E_0x13f5a29f0/20 .event anyedge, v0x13f5a68b0_12, v0x13f5a68b0_13, v0x13f5a68b0_14, v0x13f5a68b0_15;
v0x13f5a68b0_16 .array/port v0x13f5a68b0, 16;
v0x13f5a68b0_17 .array/port v0x13f5a68b0, 17;
v0x13f5a68b0_18 .array/port v0x13f5a68b0, 18;
v0x13f5a68b0_19 .array/port v0x13f5a68b0, 19;
E_0x13f5a29f0/21 .event anyedge, v0x13f5a68b0_16, v0x13f5a68b0_17, v0x13f5a68b0_18, v0x13f5a68b0_19;
v0x13f5a68b0_20 .array/port v0x13f5a68b0, 20;
v0x13f5a68b0_21 .array/port v0x13f5a68b0, 21;
v0x13f5a68b0_22 .array/port v0x13f5a68b0, 22;
v0x13f5a68b0_23 .array/port v0x13f5a68b0, 23;
E_0x13f5a29f0/22 .event anyedge, v0x13f5a68b0_20, v0x13f5a68b0_21, v0x13f5a68b0_22, v0x13f5a68b0_23;
v0x13f5a68b0_24 .array/port v0x13f5a68b0, 24;
v0x13f5a68b0_25 .array/port v0x13f5a68b0, 25;
v0x13f5a68b0_26 .array/port v0x13f5a68b0, 26;
v0x13f5a68b0_27 .array/port v0x13f5a68b0, 27;
E_0x13f5a29f0/23 .event anyedge, v0x13f5a68b0_24, v0x13f5a68b0_25, v0x13f5a68b0_26, v0x13f5a68b0_27;
v0x13f5a68b0_28 .array/port v0x13f5a68b0, 28;
v0x13f5a68b0_29 .array/port v0x13f5a68b0, 29;
v0x13f5a68b0_30 .array/port v0x13f5a68b0, 30;
v0x13f5a68b0_31 .array/port v0x13f5a68b0, 31;
E_0x13f5a29f0/24 .event anyedge, v0x13f5a68b0_28, v0x13f5a68b0_29, v0x13f5a68b0_30, v0x13f5a68b0_31;
v0x13f5a3fe0_0 .array/port v0x13f5a3fe0, 0;
v0x13f5a3fe0_1 .array/port v0x13f5a3fe0, 1;
v0x13f5a3fe0_2 .array/port v0x13f5a3fe0, 2;
v0x13f5a3fe0_3 .array/port v0x13f5a3fe0, 3;
E_0x13f5a29f0/25 .event anyedge, v0x13f5a3fe0_0, v0x13f5a3fe0_1, v0x13f5a3fe0_2, v0x13f5a3fe0_3;
v0x13f5a3fe0_4 .array/port v0x13f5a3fe0, 4;
v0x13f5a3fe0_5 .array/port v0x13f5a3fe0, 5;
v0x13f5a3fe0_6 .array/port v0x13f5a3fe0, 6;
v0x13f5a3fe0_7 .array/port v0x13f5a3fe0, 7;
E_0x13f5a29f0/26 .event anyedge, v0x13f5a3fe0_4, v0x13f5a3fe0_5, v0x13f5a3fe0_6, v0x13f5a3fe0_7;
v0x13f5a3fe0_8 .array/port v0x13f5a3fe0, 8;
v0x13f5a3fe0_9 .array/port v0x13f5a3fe0, 9;
v0x13f5a3fe0_10 .array/port v0x13f5a3fe0, 10;
v0x13f5a3fe0_11 .array/port v0x13f5a3fe0, 11;
E_0x13f5a29f0/27 .event anyedge, v0x13f5a3fe0_8, v0x13f5a3fe0_9, v0x13f5a3fe0_10, v0x13f5a3fe0_11;
v0x13f5a3fe0_12 .array/port v0x13f5a3fe0, 12;
v0x13f5a3fe0_13 .array/port v0x13f5a3fe0, 13;
v0x13f5a3fe0_14 .array/port v0x13f5a3fe0, 14;
v0x13f5a3fe0_15 .array/port v0x13f5a3fe0, 15;
E_0x13f5a29f0/28 .event anyedge, v0x13f5a3fe0_12, v0x13f5a3fe0_13, v0x13f5a3fe0_14, v0x13f5a3fe0_15;
v0x13f5a3fe0_16 .array/port v0x13f5a3fe0, 16;
v0x13f5a3fe0_17 .array/port v0x13f5a3fe0, 17;
v0x13f5a3fe0_18 .array/port v0x13f5a3fe0, 18;
v0x13f5a3fe0_19 .array/port v0x13f5a3fe0, 19;
E_0x13f5a29f0/29 .event anyedge, v0x13f5a3fe0_16, v0x13f5a3fe0_17, v0x13f5a3fe0_18, v0x13f5a3fe0_19;
v0x13f5a3fe0_20 .array/port v0x13f5a3fe0, 20;
v0x13f5a3fe0_21 .array/port v0x13f5a3fe0, 21;
v0x13f5a3fe0_22 .array/port v0x13f5a3fe0, 22;
v0x13f5a3fe0_23 .array/port v0x13f5a3fe0, 23;
E_0x13f5a29f0/30 .event anyedge, v0x13f5a3fe0_20, v0x13f5a3fe0_21, v0x13f5a3fe0_22, v0x13f5a3fe0_23;
v0x13f5a3fe0_24 .array/port v0x13f5a3fe0, 24;
v0x13f5a3fe0_25 .array/port v0x13f5a3fe0, 25;
v0x13f5a3fe0_26 .array/port v0x13f5a3fe0, 26;
v0x13f5a3fe0_27 .array/port v0x13f5a3fe0, 27;
E_0x13f5a29f0/31 .event anyedge, v0x13f5a3fe0_24, v0x13f5a3fe0_25, v0x13f5a3fe0_26, v0x13f5a3fe0_27;
v0x13f5a3fe0_28 .array/port v0x13f5a3fe0, 28;
v0x13f5a3fe0_29 .array/port v0x13f5a3fe0, 29;
v0x13f5a3fe0_30 .array/port v0x13f5a3fe0, 30;
v0x13f5a3fe0_31 .array/port v0x13f5a3fe0, 31;
E_0x13f5a29f0/32 .event anyedge, v0x13f5a3fe0_28, v0x13f5a3fe0_29, v0x13f5a3fe0_30, v0x13f5a3fe0_31;
v0x13f5a7080_0 .array/port v0x13f5a7080, 0;
v0x13f5a7080_1 .array/port v0x13f5a7080, 1;
v0x13f5a7080_2 .array/port v0x13f5a7080, 2;
v0x13f5a7080_3 .array/port v0x13f5a7080, 3;
E_0x13f5a29f0/33 .event anyedge, v0x13f5a7080_0, v0x13f5a7080_1, v0x13f5a7080_2, v0x13f5a7080_3;
v0x13f5a7080_4 .array/port v0x13f5a7080, 4;
v0x13f5a7080_5 .array/port v0x13f5a7080, 5;
v0x13f5a7080_6 .array/port v0x13f5a7080, 6;
v0x13f5a7080_7 .array/port v0x13f5a7080, 7;
E_0x13f5a29f0/34 .event anyedge, v0x13f5a7080_4, v0x13f5a7080_5, v0x13f5a7080_6, v0x13f5a7080_7;
v0x13f5a7080_8 .array/port v0x13f5a7080, 8;
v0x13f5a7080_9 .array/port v0x13f5a7080, 9;
v0x13f5a7080_10 .array/port v0x13f5a7080, 10;
v0x13f5a7080_11 .array/port v0x13f5a7080, 11;
E_0x13f5a29f0/35 .event anyedge, v0x13f5a7080_8, v0x13f5a7080_9, v0x13f5a7080_10, v0x13f5a7080_11;
v0x13f5a7080_12 .array/port v0x13f5a7080, 12;
v0x13f5a7080_13 .array/port v0x13f5a7080, 13;
v0x13f5a7080_14 .array/port v0x13f5a7080, 14;
v0x13f5a7080_15 .array/port v0x13f5a7080, 15;
E_0x13f5a29f0/36 .event anyedge, v0x13f5a7080_12, v0x13f5a7080_13, v0x13f5a7080_14, v0x13f5a7080_15;
v0x13f5a7080_16 .array/port v0x13f5a7080, 16;
v0x13f5a7080_17 .array/port v0x13f5a7080, 17;
v0x13f5a7080_18 .array/port v0x13f5a7080, 18;
v0x13f5a7080_19 .array/port v0x13f5a7080, 19;
E_0x13f5a29f0/37 .event anyedge, v0x13f5a7080_16, v0x13f5a7080_17, v0x13f5a7080_18, v0x13f5a7080_19;
v0x13f5a7080_20 .array/port v0x13f5a7080, 20;
v0x13f5a7080_21 .array/port v0x13f5a7080, 21;
v0x13f5a7080_22 .array/port v0x13f5a7080, 22;
v0x13f5a7080_23 .array/port v0x13f5a7080, 23;
E_0x13f5a29f0/38 .event anyedge, v0x13f5a7080_20, v0x13f5a7080_21, v0x13f5a7080_22, v0x13f5a7080_23;
v0x13f5a7080_24 .array/port v0x13f5a7080, 24;
v0x13f5a7080_25 .array/port v0x13f5a7080, 25;
v0x13f5a7080_26 .array/port v0x13f5a7080, 26;
v0x13f5a7080_27 .array/port v0x13f5a7080, 27;
E_0x13f5a29f0/39 .event anyedge, v0x13f5a7080_24, v0x13f5a7080_25, v0x13f5a7080_26, v0x13f5a7080_27;
v0x13f5a7080_28 .array/port v0x13f5a7080, 28;
v0x13f5a7080_29 .array/port v0x13f5a7080, 29;
v0x13f5a7080_30 .array/port v0x13f5a7080, 30;
v0x13f5a7080_31 .array/port v0x13f5a7080, 31;
E_0x13f5a29f0/40 .event anyedge, v0x13f5a7080_28, v0x13f5a7080_29, v0x13f5a7080_30, v0x13f5a7080_31;
v0x13f5a6ce0_0 .array/port v0x13f5a6ce0, 0;
v0x13f5a6ce0_1 .array/port v0x13f5a6ce0, 1;
v0x13f5a6ce0_2 .array/port v0x13f5a6ce0, 2;
v0x13f5a6ce0_3 .array/port v0x13f5a6ce0, 3;
E_0x13f5a29f0/41 .event anyedge, v0x13f5a6ce0_0, v0x13f5a6ce0_1, v0x13f5a6ce0_2, v0x13f5a6ce0_3;
v0x13f5a6ce0_4 .array/port v0x13f5a6ce0, 4;
v0x13f5a6ce0_5 .array/port v0x13f5a6ce0, 5;
v0x13f5a6ce0_6 .array/port v0x13f5a6ce0, 6;
v0x13f5a6ce0_7 .array/port v0x13f5a6ce0, 7;
E_0x13f5a29f0/42 .event anyedge, v0x13f5a6ce0_4, v0x13f5a6ce0_5, v0x13f5a6ce0_6, v0x13f5a6ce0_7;
v0x13f5a6ce0_8 .array/port v0x13f5a6ce0, 8;
v0x13f5a6ce0_9 .array/port v0x13f5a6ce0, 9;
v0x13f5a6ce0_10 .array/port v0x13f5a6ce0, 10;
v0x13f5a6ce0_11 .array/port v0x13f5a6ce0, 11;
E_0x13f5a29f0/43 .event anyedge, v0x13f5a6ce0_8, v0x13f5a6ce0_9, v0x13f5a6ce0_10, v0x13f5a6ce0_11;
v0x13f5a6ce0_12 .array/port v0x13f5a6ce0, 12;
v0x13f5a6ce0_13 .array/port v0x13f5a6ce0, 13;
v0x13f5a6ce0_14 .array/port v0x13f5a6ce0, 14;
v0x13f5a6ce0_15 .array/port v0x13f5a6ce0, 15;
E_0x13f5a29f0/44 .event anyedge, v0x13f5a6ce0_12, v0x13f5a6ce0_13, v0x13f5a6ce0_14, v0x13f5a6ce0_15;
v0x13f5a6ce0_16 .array/port v0x13f5a6ce0, 16;
v0x13f5a6ce0_17 .array/port v0x13f5a6ce0, 17;
v0x13f5a6ce0_18 .array/port v0x13f5a6ce0, 18;
v0x13f5a6ce0_19 .array/port v0x13f5a6ce0, 19;
E_0x13f5a29f0/45 .event anyedge, v0x13f5a6ce0_16, v0x13f5a6ce0_17, v0x13f5a6ce0_18, v0x13f5a6ce0_19;
v0x13f5a6ce0_20 .array/port v0x13f5a6ce0, 20;
v0x13f5a6ce0_21 .array/port v0x13f5a6ce0, 21;
v0x13f5a6ce0_22 .array/port v0x13f5a6ce0, 22;
v0x13f5a6ce0_23 .array/port v0x13f5a6ce0, 23;
E_0x13f5a29f0/46 .event anyedge, v0x13f5a6ce0_20, v0x13f5a6ce0_21, v0x13f5a6ce0_22, v0x13f5a6ce0_23;
v0x13f5a6ce0_24 .array/port v0x13f5a6ce0, 24;
v0x13f5a6ce0_25 .array/port v0x13f5a6ce0, 25;
v0x13f5a6ce0_26 .array/port v0x13f5a6ce0, 26;
v0x13f5a6ce0_27 .array/port v0x13f5a6ce0, 27;
E_0x13f5a29f0/47 .event anyedge, v0x13f5a6ce0_24, v0x13f5a6ce0_25, v0x13f5a6ce0_26, v0x13f5a6ce0_27;
v0x13f5a6ce0_28 .array/port v0x13f5a6ce0, 28;
v0x13f5a6ce0_29 .array/port v0x13f5a6ce0, 29;
v0x13f5a6ce0_30 .array/port v0x13f5a6ce0, 30;
v0x13f5a6ce0_31 .array/port v0x13f5a6ce0, 31;
E_0x13f5a29f0/48 .event anyedge, v0x13f5a6ce0_28, v0x13f5a6ce0_29, v0x13f5a6ce0_30, v0x13f5a6ce0_31;
v0x13f5a7550_0 .array/port v0x13f5a7550, 0;
v0x13f5a7550_1 .array/port v0x13f5a7550, 1;
v0x13f5a7550_2 .array/port v0x13f5a7550, 2;
v0x13f5a7550_3 .array/port v0x13f5a7550, 3;
E_0x13f5a29f0/49 .event anyedge, v0x13f5a7550_0, v0x13f5a7550_1, v0x13f5a7550_2, v0x13f5a7550_3;
v0x13f5a7550_4 .array/port v0x13f5a7550, 4;
v0x13f5a7550_5 .array/port v0x13f5a7550, 5;
v0x13f5a7550_6 .array/port v0x13f5a7550, 6;
v0x13f5a7550_7 .array/port v0x13f5a7550, 7;
E_0x13f5a29f0/50 .event anyedge, v0x13f5a7550_4, v0x13f5a7550_5, v0x13f5a7550_6, v0x13f5a7550_7;
v0x13f5a7550_8 .array/port v0x13f5a7550, 8;
v0x13f5a7550_9 .array/port v0x13f5a7550, 9;
v0x13f5a7550_10 .array/port v0x13f5a7550, 10;
v0x13f5a7550_11 .array/port v0x13f5a7550, 11;
E_0x13f5a29f0/51 .event anyedge, v0x13f5a7550_8, v0x13f5a7550_9, v0x13f5a7550_10, v0x13f5a7550_11;
v0x13f5a7550_12 .array/port v0x13f5a7550, 12;
v0x13f5a7550_13 .array/port v0x13f5a7550, 13;
v0x13f5a7550_14 .array/port v0x13f5a7550, 14;
v0x13f5a7550_15 .array/port v0x13f5a7550, 15;
E_0x13f5a29f0/52 .event anyedge, v0x13f5a7550_12, v0x13f5a7550_13, v0x13f5a7550_14, v0x13f5a7550_15;
v0x13f5a7550_16 .array/port v0x13f5a7550, 16;
v0x13f5a7550_17 .array/port v0x13f5a7550, 17;
v0x13f5a7550_18 .array/port v0x13f5a7550, 18;
v0x13f5a7550_19 .array/port v0x13f5a7550, 19;
E_0x13f5a29f0/53 .event anyedge, v0x13f5a7550_16, v0x13f5a7550_17, v0x13f5a7550_18, v0x13f5a7550_19;
v0x13f5a7550_20 .array/port v0x13f5a7550, 20;
v0x13f5a7550_21 .array/port v0x13f5a7550, 21;
v0x13f5a7550_22 .array/port v0x13f5a7550, 22;
v0x13f5a7550_23 .array/port v0x13f5a7550, 23;
E_0x13f5a29f0/54 .event anyedge, v0x13f5a7550_20, v0x13f5a7550_21, v0x13f5a7550_22, v0x13f5a7550_23;
v0x13f5a7550_24 .array/port v0x13f5a7550, 24;
v0x13f5a7550_25 .array/port v0x13f5a7550, 25;
v0x13f5a7550_26 .array/port v0x13f5a7550, 26;
v0x13f5a7550_27 .array/port v0x13f5a7550, 27;
E_0x13f5a29f0/55 .event anyedge, v0x13f5a7550_24, v0x13f5a7550_25, v0x13f5a7550_26, v0x13f5a7550_27;
v0x13f5a7550_28 .array/port v0x13f5a7550, 28;
v0x13f5a7550_29 .array/port v0x13f5a7550, 29;
v0x13f5a7550_30 .array/port v0x13f5a7550, 30;
v0x13f5a7550_31 .array/port v0x13f5a7550, 31;
E_0x13f5a29f0/56 .event anyedge, v0x13f5a7550_28, v0x13f5a7550_29, v0x13f5a7550_30, v0x13f5a7550_31;
v0x13f5a7de0_0 .array/port v0x13f5a7de0, 0;
v0x13f5a7de0_1 .array/port v0x13f5a7de0, 1;
v0x13f5a7de0_2 .array/port v0x13f5a7de0, 2;
v0x13f5a7de0_3 .array/port v0x13f5a7de0, 3;
E_0x13f5a29f0/57 .event anyedge, v0x13f5a7de0_0, v0x13f5a7de0_1, v0x13f5a7de0_2, v0x13f5a7de0_3;
v0x13f5a7de0_4 .array/port v0x13f5a7de0, 4;
v0x13f5a7de0_5 .array/port v0x13f5a7de0, 5;
v0x13f5a7de0_6 .array/port v0x13f5a7de0, 6;
v0x13f5a7de0_7 .array/port v0x13f5a7de0, 7;
E_0x13f5a29f0/58 .event anyedge, v0x13f5a7de0_4, v0x13f5a7de0_5, v0x13f5a7de0_6, v0x13f5a7de0_7;
v0x13f5a7de0_8 .array/port v0x13f5a7de0, 8;
v0x13f5a7de0_9 .array/port v0x13f5a7de0, 9;
v0x13f5a7de0_10 .array/port v0x13f5a7de0, 10;
v0x13f5a7de0_11 .array/port v0x13f5a7de0, 11;
E_0x13f5a29f0/59 .event anyedge, v0x13f5a7de0_8, v0x13f5a7de0_9, v0x13f5a7de0_10, v0x13f5a7de0_11;
v0x13f5a7de0_12 .array/port v0x13f5a7de0, 12;
v0x13f5a7de0_13 .array/port v0x13f5a7de0, 13;
v0x13f5a7de0_14 .array/port v0x13f5a7de0, 14;
v0x13f5a7de0_15 .array/port v0x13f5a7de0, 15;
E_0x13f5a29f0/60 .event anyedge, v0x13f5a7de0_12, v0x13f5a7de0_13, v0x13f5a7de0_14, v0x13f5a7de0_15;
v0x13f5a7de0_16 .array/port v0x13f5a7de0, 16;
v0x13f5a7de0_17 .array/port v0x13f5a7de0, 17;
v0x13f5a7de0_18 .array/port v0x13f5a7de0, 18;
v0x13f5a7de0_19 .array/port v0x13f5a7de0, 19;
E_0x13f5a29f0/61 .event anyedge, v0x13f5a7de0_16, v0x13f5a7de0_17, v0x13f5a7de0_18, v0x13f5a7de0_19;
v0x13f5a7de0_20 .array/port v0x13f5a7de0, 20;
v0x13f5a7de0_21 .array/port v0x13f5a7de0, 21;
v0x13f5a7de0_22 .array/port v0x13f5a7de0, 22;
v0x13f5a7de0_23 .array/port v0x13f5a7de0, 23;
E_0x13f5a29f0/62 .event anyedge, v0x13f5a7de0_20, v0x13f5a7de0_21, v0x13f5a7de0_22, v0x13f5a7de0_23;
v0x13f5a7de0_24 .array/port v0x13f5a7de0, 24;
v0x13f5a7de0_25 .array/port v0x13f5a7de0, 25;
v0x13f5a7de0_26 .array/port v0x13f5a7de0, 26;
v0x13f5a7de0_27 .array/port v0x13f5a7de0, 27;
E_0x13f5a29f0/63 .event anyedge, v0x13f5a7de0_24, v0x13f5a7de0_25, v0x13f5a7de0_26, v0x13f5a7de0_27;
v0x13f5a7de0_28 .array/port v0x13f5a7de0, 28;
v0x13f5a7de0_29 .array/port v0x13f5a7de0, 29;
v0x13f5a7de0_30 .array/port v0x13f5a7de0, 30;
v0x13f5a7de0_31 .array/port v0x13f5a7de0, 31;
E_0x13f5a29f0/64 .event anyedge, v0x13f5a7de0_28, v0x13f5a7de0_29, v0x13f5a7de0_30, v0x13f5a7de0_31;
E_0x13f5a29f0/65 .event anyedge, v0x13f5a4f80_0;
E_0x13f5a29f0 .event/or E_0x13f5a29f0/0, E_0x13f5a29f0/1, E_0x13f5a29f0/2, E_0x13f5a29f0/3, E_0x13f5a29f0/4, E_0x13f5a29f0/5, E_0x13f5a29f0/6, E_0x13f5a29f0/7, E_0x13f5a29f0/8, E_0x13f5a29f0/9, E_0x13f5a29f0/10, E_0x13f5a29f0/11, E_0x13f5a29f0/12, E_0x13f5a29f0/13, E_0x13f5a29f0/14, E_0x13f5a29f0/15, E_0x13f5a29f0/16, E_0x13f5a29f0/17, E_0x13f5a29f0/18, E_0x13f5a29f0/19, E_0x13f5a29f0/20, E_0x13f5a29f0/21, E_0x13f5a29f0/22, E_0x13f5a29f0/23, E_0x13f5a29f0/24, E_0x13f5a29f0/25, E_0x13f5a29f0/26, E_0x13f5a29f0/27, E_0x13f5a29f0/28, E_0x13f5a29f0/29, E_0x13f5a29f0/30, E_0x13f5a29f0/31, E_0x13f5a29f0/32, E_0x13f5a29f0/33, E_0x13f5a29f0/34, E_0x13f5a29f0/35, E_0x13f5a29f0/36, E_0x13f5a29f0/37, E_0x13f5a29f0/38, E_0x13f5a29f0/39, E_0x13f5a29f0/40, E_0x13f5a29f0/41, E_0x13f5a29f0/42, E_0x13f5a29f0/43, E_0x13f5a29f0/44, E_0x13f5a29f0/45, E_0x13f5a29f0/46, E_0x13f5a29f0/47, E_0x13f5a29f0/48, E_0x13f5a29f0/49, E_0x13f5a29f0/50, E_0x13f5a29f0/51, E_0x13f5a29f0/52, E_0x13f5a29f0/53, E_0x13f5a29f0/54, E_0x13f5a29f0/55, E_0x13f5a29f0/56, E_0x13f5a29f0/57, E_0x13f5a29f0/58, E_0x13f5a29f0/59, E_0x13f5a29f0/60, E_0x13f5a29f0/61, E_0x13f5a29f0/62, E_0x13f5a29f0/63, E_0x13f5a29f0/64, E_0x13f5a29f0/65;
L_0x13f5df3f0 .part v0x13f5a6620_0, 0, 5;
L_0x13f5df490 .part v0x13f5a78f0_0, 0, 5;
L_0x13f5df530 .arith/sub 6, v0x13f5a78f0_0, v0x13f5a6620_0;
L_0x13f5df670 .concat [ 6 26 0 0], L_0x13f5df530, L_0x130042de8;
L_0x13f5df790 .cmp/ge 32, L_0x13f5df670, L_0x130042e30;
L_0x13f5df8b0 .concat [ 6 26 0 0], L_0x13f5df530, L_0x130042e78;
L_0x13f5df990 .cmp/eq 32, L_0x13f5df8b0, L_0x130042ec0;
L_0x13f5dfbe0 .arith/sum 5, L_0x13f5df490, L_0x130042f08;
L_0x13f5dfd90 .arith/sum 5, L_0x13f5df3f0, L_0x130042f50;
L_0x13f5dfee0 .arith/sub 5, v0x13f5bea60_0, L_0x13f5df3f0;
L_0x13f5e0060 .concat [ 5 1 0 0], L_0x13f5dfee0, L_0x130042f98;
L_0x13f5e0100 .arith/sum 6, v0x13f5a6620_0, L_0x13f5e0060;
L_0x13f5e0200 .arith/sum 6, L_0x13f5e0100, L_0x130042fe0;
S_0x13f5a2820 .scope module, "u_rs_alu" "reservation_station" 6 360, 18 8 0, S_0x13f3b7400;
 .timescale 0 0;
    .port_info 0 /INPUT 1 "clk";
    .port_info 1 /INPUT 1 "reset";
    .port_info 2 /INPUT 1 "dispatch_en0";
    .port_info 3 /INPUT 5 "dispatch_opcode0";
    .port_info 4 /INPUT 64 "dispatch_src1_value0";
    .port_info 5 /INPUT 7 "dispatch_src1_tag0";
    .port_info 6 /INPUT 1 "dispatch_src1_ready0";
    .port_info 7 /INPUT 64 "dispatch_src2_value0";
    .port_info 8 /INPUT 7 "dispatch_src2_tag0";
    .port_info 9 /INPUT 1 "dispatch_src2_ready0";
    .port_info 10 /INPUT 7 "dispatch_dest_tag0";
    .port_info 11 /INPUT 5 "dispatch_rob_idx0";
    .port_info 12 /INPUT 64 "dispatch_imm0";
    .port_info 13 /INPUT 64 "dispatch_pc0";
    .port_info 14 /INPUT 1 "dispatch_br_pred0";
    .port_info 15 /INPUT 1 "dispatch_en1";
    .port_info 16 /INPUT 5 "dispatch_opcode1";
    .port_info 17 /INPUT 64 "dispatch_src1_value1";
    .port_info 18 /INPUT 7 "dispatch_src1_tag1";
    .port_info 19 /INPUT 1 "dispatch_src1_ready1";
    .port_info 20 /INPUT 64 "dispatch_src2_value1";
    .port_info 21 /INPUT 7 "dispatch_src2_tag1";
    .port_info 22 /INPUT 1 "dispatch_src2_ready1";
    .port_info 23 /INPUT 7 "dispatch_dest_tag1";
    .port_info 24 /INPUT 5 "dispatch_rob_idx1";
    .port_info 25 /INPUT 64 "dispatch_imm1";
    .port_info 26 /INPUT 64 "dispatch_pc1";
    .port_info 27 /INPUT 1 "dispatch_br_pred1";
    .port_info 28 /OUTPUT 1 "full";
    .port_info 29 /OUTPUT 1 "almost_full";
    .port_info 30 /INPUT 1 "cdb_valid0";
    .port_info 31 /INPUT 7 "cdb_tag0";
    .port_info 32 /INPUT 64 "cdb_value0";
    .port_info 33 /INPUT 1 "cdb_valid1";
    .port_info 34 /INPUT 7 "cdb_tag1";
    .port_info 35 /INPUT 64 "cdb_value1";
    .port_info 36 /OUTPUT 1 "issue_valid0";
    .port_info 37 /OUTPUT 5 "issue_opcode0";
    .port_info 38 /OUTPUT 64 "issue_src1_value0";
    .port_info 39 /OUTPUT 64 "issue_src2_value0";
    .port_info 40 /OUTPUT 7 "issue_dest_tag0";
    .port_info 41 /OUTPUT 5 "issue_rob_idx0";
    .port_info 42 /OUTPUT 64 "issue_imm0";
    .port_info 43 /OUTPUT 64 "issue_pc0";
    .port_info 44 /OUTPUT 1 "issue_br_pred0";
    .port_info 45 /INPUT 1 "issue_grant0";
    .port_info 46 /OUTPUT 1 "issue_valid1";
    .port_info 47 /OUTPUT 5 "issue_opcode1";
    .port_info 48 /OUTPUT 64 "issue_src1_value1";
    .port_info 49 /OUTPUT 64 "issue_src2_value1";
    .port_info 50 /OUTPUT 7 "issue_dest_tag1";
    .port_info 51 /OUTPUT 5 "issue_rob_idx1";
    .port_info 52 /OUTPUT 64 "issue_imm1";
    .port_info 53 /OUTPUT 64 "issue_pc1";
    .port_info 54 /OUTPUT 1 "issue_br_pred1";
    .port_info 55 /INPUT 1 "issue_grant1";
    .port_info 56 /INPUT 1 "flush_en";
    .port_info 57 /INPUT 5 "flush_rob_idx";
    .port_info 58 /INPUT 5 "rob_head_idx";
P_0x13f5a86e0 .param/l "NUM_ENTRIES" 0 18 9, +C4<00000000000000000000000000001000>;
L_0x13f5e3190 .functor AND 1, v0x13f5ab980_0, L_0x13f5e30d0, C4<1>, C4<1>;
v0x13f5a8ca0_0 .net *"_ivl_3", 0 0, L_0x13f5e30d0;  1 drivers
v0x13f5a8d50_0 .net "almost_full", 0 0, L_0x13f5e3190;  alias, 1 drivers
v0x13f5a8df0_0 .var "best0", 4 0;
v0x13f5a8e80_0 .var "best1", 4 0;
v0x13f5a8f10_0 .net "cdb_tag0", 6 0, v0x13f562290_0;  alias, 1 drivers
v0x13f5a9020_0 .net "cdb_tag1", 6 0, v0x13f560d90_0;  alias, 1 drivers
v0x13f5a90f0_0 .net "cdb_valid0", 0 0, L_0x13f5f78d0;  alias, 1 drivers
v0x13f5a9180_0 .net "cdb_valid1", 0 0, L_0x13f5f7940;  alias, 1 drivers
v0x13f5a9210_0 .net "cdb_value0", 63 0, v0x13f560e40_0;  alias, 1 drivers
v0x13f5a9320_0 .net "cdb_value1", 63 0, v0x13f562320_0;  alias, 1 drivers
v0x13f5a93b0_0 .net "clk", 0 0, v0x13f5c4760_0;  alias, 1 drivers
v0x13f5a9440_0 .net "dispatch_br_pred0", 0 0, v0x13f56b040_0;  alias, 1 drivers
v0x13f5a94d0_0 .net "dispatch_br_pred1", 0 0, v0x13f56b0e0_0;  alias, 1 drivers
v0x13f5a9560_0 .net "dispatch_dest_tag0", 6 0, v0x13f56b180_0;  alias, 1 drivers
v0x13f5a95f0_0 .net "dispatch_dest_tag1", 6 0, v0x13f56b230_0;  alias, 1 drivers
v0x13f5a9680_0 .net "dispatch_en0", 0 0, v0x13f56b2e0_0;  alias, 1 drivers
v0x13f5a9730_0 .net "dispatch_en1", 0 0, v0x13f56b380_0;  alias, 1 drivers
v0x13f5a98e0_0 .net "dispatch_imm0", 63 0, v0x13f56b420_0;  alias, 1 drivers
v0x13f5a9970_0 .net "dispatch_imm1", 63 0, v0x13f56b4d0_0;  alias, 1 drivers
v0x13f5a9a00_0 .net "dispatch_opcode0", 4 0, v0x13f56b580_0;  alias, 1 drivers
v0x13f5a9a90_0 .net "dispatch_opcode1", 4 0, v0x13f56b630_0;  alias, 1 drivers
v0x13f5a9b20_0 .net "dispatch_pc0", 63 0, v0x13f56b6e0_0;  alias, 1 drivers
v0x13f5a9bd0_0 .net "dispatch_pc1", 63 0, v0x13f56b790_0;  alias, 1 drivers
v0x13f5a9c80_0 .net "dispatch_rob_idx0", 4 0, v0x13f56b840_0;  alias, 1 drivers
v0x13f5a9d30_0 .net "dispatch_rob_idx1", 4 0, v0x13f56b8f0_0;  alias, 1 drivers
v0x13f5a9de0_0 .net "dispatch_src1_ready0", 0 0, v0x13f56b9a0_0;  alias, 1 drivers
v0x13f5a9e90_0 .net "dispatch_src1_ready1", 0 0, v0x13f56ba40_0;  alias, 1 drivers
v0x13f5a9f40_0 .net "dispatch_src1_tag0", 6 0, v0x13f56bae0_0;  alias, 1 drivers
v0x13f5a9ff0_0 .net "dispatch_src1_tag1", 6 0, v0x13f56bb90_0;  alias, 1 drivers
v0x13f5aa0a0_0 .net "dispatch_src1_value0", 63 0, v0x13f56bc40_0;  alias, 1 drivers
v0x13f5aa150_0 .net "dispatch_src1_value1", 63 0, v0x13f56bcf0_0;  alias, 1 drivers
v0x13f5aa200_0 .net "dispatch_src2_ready0", 0 0, v0x13f56bda0_0;  alias, 1 drivers
v0x13f5aa2b0_0 .net "dispatch_src2_ready1", 0 0, v0x13f56be40_0;  alias, 1 drivers
v0x13f5a97e0_0 .net "dispatch_src2_tag0", 6 0, v0x13f56bee0_0;  alias, 1 drivers
v0x13f5aa540_0 .net "dispatch_src2_tag1", 6 0, v0x13f56bf90_0;  alias, 1 drivers
v0x13f5aa5d0_0 .net "dispatch_src2_value0", 63 0, v0x13f56c040_0;  alias, 1 drivers
v0x13f5aa680_0 .net "dispatch_src2_value1", 63 0, v0x13f56c0f0_0;  alias, 1 drivers
v0x13f5aa730_0 .var "entry_br_pred", 7 0;
v0x13f5aa7c0 .array "entry_dest_tag", 7 0, 6 0;
v0x13f5aa8a0 .array "entry_imm", 7 0, 63 0;
v0x13f5aaa00 .array "entry_opcode", 7 0, 4 0;
v0x13f5aab60 .array "entry_pc", 7 0, 63 0;
v0x13f5aacc0 .array "entry_rob_idx", 7 0, 4 0;
v0x13f5aae20_0 .var "entry_src1_rdy", 7 0;
v0x13f5aaed0 .array "entry_src1_tag", 7 0, 6 0;
v0x13f5aaf70 .array "entry_src1_val", 7 0, 63 0;
v0x13f5ab0d0_0 .var "entry_src2_rdy", 7 0;
v0x13f5ab180 .array "entry_src2_tag", 7 0, 6 0;
v0x13f5ab220 .array "entry_src2_val", 7 0, 63 0;
v0x13f5ab380_0 .var "entry_valid", 7 0;
v0x13f5ab430_0 .var/i "fi", 31 0;
v0x13f5ab4e0_0 .net "flush_en", 0 0, L_0x13f5f92f0;  alias, 1 drivers
v0x13f5ab570_0 .net "flush_rob_idx", 4 0, v0x13f5bea60_0;  alias, 1 drivers
v0x13f5ab650_0 .var "found0", 0 0;
v0x13f5ab6f0_0 .var "found1", 0 0;
v0x13f5ab790_0 .var "free_slot0", 3 0;
v0x13f5ab840_0 .var "free_slot1", 3 0;
v0x13f5ab8f0_0 .net "full", 0 0, L_0x13f5e3030;  alias, 1 drivers
v0x13f5ab980_0 .var "has_free0", 0 0;
v0x13f5aba10_0 .var "has_free1", 0 0;
v0x13f5abab0_0 .var/i "ii", 31 0;
v0x13f5abb60_0 .var "issue_br_pred0", 0 0;
v0x13f5abc10_0 .var "issue_br_pred1", 0 0;
v0x13f5abcc0_0 .var "issue_dest_tag0", 6 0;
v0x13f5abd70_0 .var "issue_dest_tag1", 6 0;
v0x13f5aa360_0 .net "issue_grant0", 0 0, L_0x13f5e5b20;  alias, 1 drivers
v0x13f5aa3f0_0 .net "issue_grant1", 0 0, L_0x13f5e4e30;  alias, 1 drivers
v0x13f5aa480_0 .var "issue_imm0", 63 0;
v0x13f5abe00_0 .var "issue_imm1", 63 0;
v0x13f5abeb0_0 .var "issue_opcode0", 4 0;
v0x13f5abf60_0 .var "issue_opcode1", 4 0;
v0x13f5ac010_0 .var "issue_pc0", 63 0;
v0x13f5ac0c0_0 .var "issue_pc1", 63 0;
v0x13f5ac170_0 .var "issue_rob_idx0", 4 0;
v0x13f5ac220_0 .var "issue_rob_idx1", 4 0;
v0x13f5ac2d0_0 .var "issue_src1_value0", 63 0;
v0x13f5ac380_0 .var "issue_src1_value1", 63 0;
v0x13f5ac430_0 .var "issue_src2_value0", 63 0;
v0x13f5ac4e0_0 .var "issue_src2_value1", 63 0;
v0x13f5ac590_0 .var "issue_valid0", 0 0;
v0x13f5ac620_0 .var "issue_valid1", 0 0;
v0x13f5ac6c0_0 .net "reset", 0 0, v0x13f5c4ba0_0;  alias, 1 drivers
v0x13f5ac750_0 .net "rob_head_idx", 4 0, L_0x13f5e0350;  alias, 1 drivers
v0x13f5ac810_0 .var "sel0", 3 0;
v0x13f5ac8b0_0 .var "sel1", 3 0;
v0x13f5ac960_0 .var/i "si", 31 0;
v0x13f5aacc0_0 .array/port v0x13f5aacc0, 0;
E_0x13f5a89e0/0 .event anyedge, v0x13f5ab380_0, v0x13f5aae20_0, v0x13f5ab0d0_0, v0x13f5aacc0_0;
v0x13f5aacc0_1 .array/port v0x13f5aacc0, 1;
v0x13f5aacc0_2 .array/port v0x13f5aacc0, 2;
v0x13f5aacc0_3 .array/port v0x13f5aacc0, 3;
v0x13f5aacc0_4 .array/port v0x13f5aacc0, 4;
E_0x13f5a89e0/1 .event anyedge, v0x13f5aacc0_1, v0x13f5aacc0_2, v0x13f5aacc0_3, v0x13f5aacc0_4;
v0x13f5aacc0_5 .array/port v0x13f5aacc0, 5;
v0x13f5aacc0_6 .array/port v0x13f5aacc0, 6;
v0x13f5aacc0_7 .array/port v0x13f5aacc0, 7;
E_0x13f5a89e0/2 .event anyedge, v0x13f5aacc0_5, v0x13f5aacc0_6, v0x13f5aacc0_7, v0x13f586c30_0;
E_0x13f5a89e0/3 .event anyedge, v0x13f5a8df0_0, v0x13f5ab650_0, v0x13f5ac810_0, v0x13f5a8e80_0;
v0x13f5aaa00_0 .array/port v0x13f5aaa00, 0;
v0x13f5aaa00_1 .array/port v0x13f5aaa00, 1;
v0x13f5aaa00_2 .array/port v0x13f5aaa00, 2;
E_0x13f5a89e0/4 .event anyedge, v0x13f5ab6f0_0, v0x13f5aaa00_0, v0x13f5aaa00_1, v0x13f5aaa00_2;
v0x13f5aaa00_3 .array/port v0x13f5aaa00, 3;
v0x13f5aaa00_4 .array/port v0x13f5aaa00, 4;
v0x13f5aaa00_5 .array/port v0x13f5aaa00, 5;
v0x13f5aaa00_6 .array/port v0x13f5aaa00, 6;
E_0x13f5a89e0/5 .event anyedge, v0x13f5aaa00_3, v0x13f5aaa00_4, v0x13f5aaa00_5, v0x13f5aaa00_6;
v0x13f5aaa00_7 .array/port v0x13f5aaa00, 7;
v0x13f5aaf70_0 .array/port v0x13f5aaf70, 0;
v0x13f5aaf70_1 .array/port v0x13f5aaf70, 1;
v0x13f5aaf70_2 .array/port v0x13f5aaf70, 2;
E_0x13f5a89e0/6 .event anyedge, v0x13f5aaa00_7, v0x13f5aaf70_0, v0x13f5aaf70_1, v0x13f5aaf70_2;
v0x13f5aaf70_3 .array/port v0x13f5aaf70, 3;
v0x13f5aaf70_4 .array/port v0x13f5aaf70, 4;
v0x13f5aaf70_5 .array/port v0x13f5aaf70, 5;
v0x13f5aaf70_6 .array/port v0x13f5aaf70, 6;
E_0x13f5a89e0/7 .event anyedge, v0x13f5aaf70_3, v0x13f5aaf70_4, v0x13f5aaf70_5, v0x13f5aaf70_6;
v0x13f5aaf70_7 .array/port v0x13f5aaf70, 7;
v0x13f5ab220_0 .array/port v0x13f5ab220, 0;
v0x13f5ab220_1 .array/port v0x13f5ab220, 1;
v0x13f5ab220_2 .array/port v0x13f5ab220, 2;
E_0x13f5a89e0/8 .event anyedge, v0x13f5aaf70_7, v0x13f5ab220_0, v0x13f5ab220_1, v0x13f5ab220_2;
v0x13f5ab220_3 .array/port v0x13f5ab220, 3;
v0x13f5ab220_4 .array/port v0x13f5ab220, 4;
v0x13f5ab220_5 .array/port v0x13f5ab220, 5;
v0x13f5ab220_6 .array/port v0x13f5ab220, 6;
E_0x13f5a89e0/9 .event anyedge, v0x13f5ab220_3, v0x13f5ab220_4, v0x13f5ab220_5, v0x13f5ab220_6;
v0x13f5ab220_7 .array/port v0x13f5ab220, 7;
v0x13f5aa7c0_0 .array/port v0x13f5aa7c0, 0;
v0x13f5aa7c0_1 .array/port v0x13f5aa7c0, 1;
v0x13f5aa7c0_2 .array/port v0x13f5aa7c0, 2;
E_0x13f5a89e0/10 .event anyedge, v0x13f5ab220_7, v0x13f5aa7c0_0, v0x13f5aa7c0_1, v0x13f5aa7c0_2;
v0x13f5aa7c0_3 .array/port v0x13f5aa7c0, 3;
v0x13f5aa7c0_4 .array/port v0x13f5aa7c0, 4;
v0x13f5aa7c0_5 .array/port v0x13f5aa7c0, 5;
v0x13f5aa7c0_6 .array/port v0x13f5aa7c0, 6;
E_0x13f5a89e0/11 .event anyedge, v0x13f5aa7c0_3, v0x13f5aa7c0_4, v0x13f5aa7c0_5, v0x13f5aa7c0_6;
v0x13f5aa7c0_7 .array/port v0x13f5aa7c0, 7;
v0x13f5aa8a0_0 .array/port v0x13f5aa8a0, 0;
v0x13f5aa8a0_1 .array/port v0x13f5aa8a0, 1;
v0x13f5aa8a0_2 .array/port v0x13f5aa8a0, 2;
E_0x13f5a89e0/12 .event anyedge, v0x13f5aa7c0_7, v0x13f5aa8a0_0, v0x13f5aa8a0_1, v0x13f5aa8a0_2;
v0x13f5aa8a0_3 .array/port v0x13f5aa8a0, 3;
v0x13f5aa8a0_4 .array/port v0x13f5aa8a0, 4;
v0x13f5aa8a0_5 .array/port v0x13f5aa8a0, 5;
v0x13f5aa8a0_6 .array/port v0x13f5aa8a0, 6;
E_0x13f5a89e0/13 .event anyedge, v0x13f5aa8a0_3, v0x13f5aa8a0_4, v0x13f5aa8a0_5, v0x13f5aa8a0_6;
v0x13f5aa8a0_7 .array/port v0x13f5aa8a0, 7;
v0x13f5aab60_0 .array/port v0x13f5aab60, 0;
v0x13f5aab60_1 .array/port v0x13f5aab60, 1;
v0x13f5aab60_2 .array/port v0x13f5aab60, 2;
E_0x13f5a89e0/14 .event anyedge, v0x13f5aa8a0_7, v0x13f5aab60_0, v0x13f5aab60_1, v0x13f5aab60_2;
v0x13f5aab60_3 .array/port v0x13f5aab60, 3;
v0x13f5aab60_4 .array/port v0x13f5aab60, 4;
v0x13f5aab60_5 .array/port v0x13f5aab60, 5;
v0x13f5aab60_6 .array/port v0x13f5aab60, 6;
E_0x13f5a89e0/15 .event anyedge, v0x13f5aab60_3, v0x13f5aab60_4, v0x13f5aab60_5, v0x13f5aab60_6;
v0x13f5aab60_7 .array/port v0x13f5aab60, 7;
E_0x13f5a89e0/16 .event anyedge, v0x13f5aab60_7, v0x13f5aa730_0, v0x13f5ac8b0_0;
E_0x13f5a89e0 .event/or E_0x13f5a89e0/0, E_0x13f5a89e0/1, E_0x13f5a89e0/2, E_0x13f5a89e0/3, E_0x13f5a89e0/4, E_0x13f5a89e0/5, E_0x13f5a89e0/6, E_0x13f5a89e0/7, E_0x13f5a89e0/8, E_0x13f5a89e0/9, E_0x13f5a89e0/10, E_0x13f5a89e0/11, E_0x13f5a89e0/12, E_0x13f5a89e0/13, E_0x13f5a89e0/14, E_0x13f5a89e0/15, E_0x13f5a89e0/16;
E_0x13f5a8c40 .event anyedge, v0x13f5ab380_0, v0x13f5ab980_0, v0x13f5aba10_0;
L_0x13f5e3030 .reduce/nor v0x13f5ab980_0;
L_0x13f5e30d0 .reduce/nor v0x13f5aba10_0;
S_0x13f5a8800 .scope module, "u_rs_fpu" "reservation_station" 6 400, 18 8 0, S_0x13f3b7400;
 .timescale 0 0;
    .port_info 0 /INPUT 1 "clk";
    .port_info 1 /INPUT 1 "reset";
    .port_info 2 /INPUT 1 "dispatch_en0";
    .port_info 3 /INPUT 5 "dispatch_opcode0";
    .port_info 4 /INPUT 64 "dispatch_src1_value0";
    .port_info 5 /INPUT 7 "dispatch_src1_tag0";
    .port_info 6 /INPUT 1 "dispatch_src1_ready0";
    .port_info 7 /INPUT 64 "dispatch_src2_value0";
    .port_info 8 /INPUT 7 "dispatch_src2_tag0";
    .port_info 9 /INPUT 1 "dispatch_src2_ready0";
    .port_info 10 /INPUT 7 "dispatch_dest_tag0";
    .port_info 11 /INPUT 5 "dispatch_rob_idx0";
    .port_info 12 /INPUT 64 "dispatch_imm0";
    .port_info 13 /INPUT 64 "dispatch_pc0";
    .port_info 14 /INPUT 1 "dispatch_br_pred0";
    .port_info 15 /INPUT 1 "dispatch_en1";
    .port_info 16 /INPUT 5 "dispatch_opcode1";
    .port_info 17 /INPUT 64 "dispatch_src1_value1";
    .port_info 18 /INPUT 7 "dispatch_src1_tag1";
    .port_info 19 /INPUT 1 "dispatch_src1_ready1";
    .port_info 20 /INPUT 64 "dispatch_src2_value1";
    .port_info 21 /INPUT 7 "dispatch_src2_tag1";
    .port_info 22 /INPUT 1 "dispatch_src2_ready1";
    .port_info 23 /INPUT 7 "dispatch_dest_tag1";
    .port_info 24 /INPUT 5 "dispatch_rob_idx1";
    .port_info 25 /INPUT 64 "dispatch_imm1";
    .port_info 26 /INPUT 64 "dispatch_pc1";
    .port_info 27 /INPUT 1 "dispatch_br_pred1";
    .port_info 28 /OUTPUT 1 "full";
    .port_info 29 /OUTPUT 1 "almost_full";
    .port_info 30 /INPUT 1 "cdb_valid0";
    .port_info 31 /INPUT 7 "cdb_tag0";
    .port_info 32 /INPUT 64 "cdb_value0";
    .port_info 33 /INPUT 1 "cdb_valid1";
    .port_info 34 /INPUT 7 "cdb_tag1";
    .port_info 35 /INPUT 64 "cdb_value1";
    .port_info 36 /OUTPUT 1 "issue_valid0";
    .port_info 37 /OUTPUT 5 "issue_opcode0";
    .port_info 38 /OUTPUT 64 "issue_src1_value0";
    .port_info 39 /OUTPUT 64 "issue_src2_value0";
    .port_info 40 /OUTPUT 7 "issue_dest_tag0";
    .port_info 41 /OUTPUT 5 "issue_rob_idx0";
    .port_info 42 /OUTPUT 64 "issue_imm0";
    .port_info 43 /OUTPUT 64 "issue_pc0";
    .port_info 44 /OUTPUT 1 "issue_br_pred0";
    .port_info 45 /INPUT 1 "issue_grant0";
    .port_info 46 /OUTPUT 1 "issue_valid1";
    .port_info 47 /OUTPUT 5 "issue_opcode1";
    .port_info 48 /OUTPUT 64 "issue_src1_value1";
    .port_info 49 /OUTPUT 64 "issue_src2_value1";
    .port_info 50 /OUTPUT 7 "issue_dest_tag1";
    .port_info 51 /OUTPUT 5 "issue_rob_idx1";
    .port_info 52 /OUTPUT 64 "issue_imm1";
    .port_info 53 /OUTPUT 64 "issue_pc1";
    .port_info 54 /OUTPUT 1 "issue_br_pred1";
    .port_info 55 /INPUT 1 "issue_grant1";
    .port_info 56 /INPUT 1 "flush_en";
    .port_info 57 /INPUT 5 "flush_rob_idx";
    .port_info 58 /INPUT 5 "rob_head_idx";
P_0x13f5acfa0 .param/l "NUM_ENTRIES" 0 18 9, +C4<00000000000000000000000000001000>;
L_0x13f5e3400 .functor AND 1, v0x13f5b03d0_0, L_0x13f5e3340, C4<1>, C4<1>;
v0x13f5ad550_0 .net *"_ivl_3", 0 0, L_0x13f5e3340;  1 drivers
v0x13f5ad600_0 .net "almost_full", 0 0, L_0x13f5e3400;  alias, 1 drivers
v0x13f5ad6a0_0 .var "best0", 4 0;
v0x13f5ad730_0 .var "best1", 4 0;
v0x13f5ad7c0_0 .net "cdb_tag0", 6 0, v0x13f562290_0;  alias, 1 drivers
v0x13f5ad890_0 .net "cdb_tag1", 6 0, v0x13f560d90_0;  alias, 1 drivers
v0x13f5ad920_0 .net "cdb_valid0", 0 0, L_0x13f5f78d0;  alias, 1 drivers
v0x13f5ada30_0 .net "cdb_valid1", 0 0, L_0x13f5f7940;  alias, 1 drivers
v0x13f5adb40_0 .net "cdb_value0", 63 0, v0x13f560e40_0;  alias, 1 drivers
v0x13f5adcd0_0 .net "cdb_value1", 63 0, v0x13f562320_0;  alias, 1 drivers
v0x13f5adde0_0 .net "clk", 0 0, v0x13f5c4760_0;  alias, 1 drivers
v0x13f5ade70_0 .net "dispatch_br_pred0", 0 0, v0x13f56c390_0;  alias, 1 drivers
v0x13f5adf00_0 .net "dispatch_br_pred1", 0 0, v0x13f56c430_0;  alias, 1 drivers
v0x13f5adf90_0 .net "dispatch_dest_tag0", 6 0, v0x13f56c4d0_0;  alias, 1 drivers
v0x13f5ae020_0 .net "dispatch_dest_tag1", 6 0, v0x13f56c580_0;  alias, 1 drivers
v0x13f5ae0b0_0 .net "dispatch_en0", 0 0, v0x13f56c630_0;  alias, 1 drivers
v0x13f5ae140_0 .net "dispatch_en1", 0 0, v0x13f56c6d0_0;  alias, 1 drivers
v0x13f5ae2d0_0 .net "dispatch_imm0", 63 0, v0x13f56c770_0;  alias, 1 drivers
v0x13f5ae360_0 .net "dispatch_imm1", 63 0, v0x13f56c820_0;  alias, 1 drivers
v0x13f5ae3f0_0 .net "dispatch_opcode0", 4 0, v0x13f56c8d0_0;  alias, 1 drivers
v0x13f5ae480_0 .net "dispatch_opcode1", 4 0, v0x13f56c980_0;  alias, 1 drivers
v0x13f5ae510_0 .net "dispatch_pc0", 63 0, v0x13f56ca30_0;  alias, 1 drivers
v0x13f5ae5a0_0 .net "dispatch_pc1", 63 0, v0x13f56cae0_0;  alias, 1 drivers
v0x13f5ae630_0 .net "dispatch_rob_idx0", 4 0, v0x13f56cb90_0;  alias, 1 drivers
v0x13f5ae6c0_0 .net "dispatch_rob_idx1", 4 0, v0x13f56cc40_0;  alias, 1 drivers
v0x13f5ae750_0 .net "dispatch_src1_ready0", 0 0, v0x13f56ccf0_0;  alias, 1 drivers
v0x13f5ae800_0 .net "dispatch_src1_ready1", 0 0, v0x13f56cd90_0;  alias, 1 drivers
v0x13f5ae8b0_0 .net "dispatch_src1_tag0", 6 0, v0x13f56ce30_0;  alias, 1 drivers
v0x13f5ae960_0 .net "dispatch_src1_tag1", 6 0, v0x13f56cee0_0;  alias, 1 drivers
v0x13f5aea10_0 .net "dispatch_src1_value0", 63 0, v0x13f56cf90_0;  alias, 1 drivers
v0x13f5aeac0_0 .net "dispatch_src1_value1", 63 0, v0x13f56d040_0;  alias, 1 drivers
v0x13f5aeb70_0 .net "dispatch_src2_ready0", 0 0, v0x13f56d0f0_0;  alias, 1 drivers
v0x13f5aec20_0 .net "dispatch_src2_ready1", 0 0, v0x13f56d190_0;  alias, 1 drivers
v0x13f5ae1f0_0 .net "dispatch_src2_tag0", 6 0, v0x13f56d230_0;  alias, 1 drivers
v0x13f5aeeb0_0 .net "dispatch_src2_tag1", 6 0, v0x13f56d2e0_0;  alias, 1 drivers
v0x13f5aef40_0 .net "dispatch_src2_value0", 63 0, v0x13f56d390_0;  alias, 1 drivers
v0x13f5aeff0_0 .net "dispatch_src2_value1", 63 0, v0x13f56d440_0;  alias, 1 drivers
v0x13f5af0a0_0 .var "entry_br_pred", 7 0;
v0x13f5af130 .array "entry_dest_tag", 7 0, 6 0;
v0x13f5af210 .array "entry_imm", 7 0, 63 0;
v0x13f5af370 .array "entry_opcode", 7 0, 4 0;
v0x13f5af4d0 .array "entry_pc", 7 0, 63 0;
v0x13f5af630 .array "entry_rob_idx", 7 0, 4 0;
v0x13f5af790_0 .var "entry_src1_rdy", 7 0;
v0x13f5af840 .array "entry_src1_tag", 7 0, 6 0;
v0x13f5af8e0 .array "entry_src1_val", 7 0, 63 0;
v0x13f5afa40_0 .var "entry_src2_rdy", 7 0;
v0x13f5afaf0 .array "entry_src2_tag", 7 0, 6 0;
v0x13f5afb90 .array "entry_src2_val", 7 0, 63 0;
v0x13f5afcf0_0 .var "entry_valid", 7 0;
v0x13f5afda0_0 .var/i "fi", 31 0;
v0x13f5afe50_0 .net "flush_en", 0 0, L_0x13f5f92f0;  alias, 1 drivers
v0x13f5affe0_0 .net "flush_rob_idx", 4 0, v0x13f5bea60_0;  alias, 1 drivers
v0x13f5b0080_0 .var "found0", 0 0;
v0x13f5b0120_0 .var "found1", 0 0;
v0x13f5b01c0_0 .var "free_slot0", 3 0;
v0x13f5b0270_0 .var "free_slot1", 3 0;
v0x13f5b0320_0 .net "full", 0 0, L_0x13f5e32a0;  alias, 1 drivers
v0x13f5b03d0_0 .var "has_free0", 0 0;
v0x13f5b0460_0 .var "has_free1", 0 0;
v0x13f5b04f0_0 .var/i "ii", 31 0;
v0x13f5b0580_0 .var "issue_br_pred0", 0 0;
v0x13f5b0610_0 .var "issue_br_pred1", 0 0;
v0x13f5b06a0_0 .var "issue_dest_tag0", 6 0;
v0x13f5b0730_0 .var "issue_dest_tag1", 6 0;
v0x13f5aecd0_0 .net "issue_grant0", 0 0, L_0x13f5f4000;  alias, 1 drivers
v0x13f5aed60_0 .net "issue_grant1", 0 0, L_0x13f5f4110;  alias, 1 drivers
v0x13f5aee00_0 .var "issue_imm0", 63 0;
v0x13f5b07c0_0 .var "issue_imm1", 63 0;
v0x13f5b0870_0 .var "issue_opcode0", 4 0;
v0x13f5b0930_0 .var "issue_opcode1", 4 0;
v0x13f5b09e0_0 .var "issue_pc0", 63 0;
v0x13f5b0a80_0 .var "issue_pc1", 63 0;
v0x13f5b0b30_0 .var "issue_rob_idx0", 4 0;
v0x13f5b0bf0_0 .var "issue_rob_idx1", 4 0;
v0x13f5b0ca0_0 .var "issue_src1_value0", 63 0;
v0x13f5b0d50_0 .var "issue_src1_value1", 63 0;
v0x13f5b0e00_0 .var "issue_src2_value0", 63 0;
v0x13f5b0eb0_0 .var "issue_src2_value1", 63 0;
v0x13f5b0f60_0 .var "issue_valid0", 0 0;
v0x13f5b0ff0_0 .var "issue_valid1", 0 0;
v0x13f5b1090_0 .net "reset", 0 0, v0x13f5c4ba0_0;  alias, 1 drivers
v0x13f5b1120_0 .net "rob_head_idx", 4 0, L_0x13f5e0350;  alias, 1 drivers
v0x13f5b1200_0 .var "sel0", 3 0;
v0x13f5b12b0_0 .var "sel1", 3 0;
v0x13f5b1360_0 .var/i "si", 31 0;
v0x13f5af630_0 .array/port v0x13f5af630, 0;
E_0x13f5ad280/0 .event anyedge, v0x13f5afcf0_0, v0x13f5af790_0, v0x13f5afa40_0, v0x13f5af630_0;
v0x13f5af630_1 .array/port v0x13f5af630, 1;
v0x13f5af630_2 .array/port v0x13f5af630, 2;
v0x13f5af630_3 .array/port v0x13f5af630, 3;
v0x13f5af630_4 .array/port v0x13f5af630, 4;
E_0x13f5ad280/1 .event anyedge, v0x13f5af630_1, v0x13f5af630_2, v0x13f5af630_3, v0x13f5af630_4;
v0x13f5af630_5 .array/port v0x13f5af630, 5;
v0x13f5af630_6 .array/port v0x13f5af630, 6;
v0x13f5af630_7 .array/port v0x13f5af630, 7;
E_0x13f5ad280/2 .event anyedge, v0x13f5af630_5, v0x13f5af630_6, v0x13f5af630_7, v0x13f586c30_0;
E_0x13f5ad280/3 .event anyedge, v0x13f5ad6a0_0, v0x13f5b0080_0, v0x13f5b1200_0, v0x13f5ad730_0;
v0x13f5af370_0 .array/port v0x13f5af370, 0;
v0x13f5af370_1 .array/port v0x13f5af370, 1;
v0x13f5af370_2 .array/port v0x13f5af370, 2;
E_0x13f5ad280/4 .event anyedge, v0x13f5b0120_0, v0x13f5af370_0, v0x13f5af370_1, v0x13f5af370_2;
v0x13f5af370_3 .array/port v0x13f5af370, 3;
v0x13f5af370_4 .array/port v0x13f5af370, 4;
v0x13f5af370_5 .array/port v0x13f5af370, 5;
v0x13f5af370_6 .array/port v0x13f5af370, 6;
E_0x13f5ad280/5 .event anyedge, v0x13f5af370_3, v0x13f5af370_4, v0x13f5af370_5, v0x13f5af370_6;
v0x13f5af370_7 .array/port v0x13f5af370, 7;
v0x13f5af8e0_0 .array/port v0x13f5af8e0, 0;
v0x13f5af8e0_1 .array/port v0x13f5af8e0, 1;
v0x13f5af8e0_2 .array/port v0x13f5af8e0, 2;
E_0x13f5ad280/6 .event anyedge, v0x13f5af370_7, v0x13f5af8e0_0, v0x13f5af8e0_1, v0x13f5af8e0_2;
v0x13f5af8e0_3 .array/port v0x13f5af8e0, 3;
v0x13f5af8e0_4 .array/port v0x13f5af8e0, 4;
v0x13f5af8e0_5 .array/port v0x13f5af8e0, 5;
v0x13f5af8e0_6 .array/port v0x13f5af8e0, 6;
E_0x13f5ad280/7 .event anyedge, v0x13f5af8e0_3, v0x13f5af8e0_4, v0x13f5af8e0_5, v0x13f5af8e0_6;
v0x13f5af8e0_7 .array/port v0x13f5af8e0, 7;
v0x13f5afb90_0 .array/port v0x13f5afb90, 0;
v0x13f5afb90_1 .array/port v0x13f5afb90, 1;
v0x13f5afb90_2 .array/port v0x13f5afb90, 2;
E_0x13f5ad280/8 .event anyedge, v0x13f5af8e0_7, v0x13f5afb90_0, v0x13f5afb90_1, v0x13f5afb90_2;
v0x13f5afb90_3 .array/port v0x13f5afb90, 3;
v0x13f5afb90_4 .array/port v0x13f5afb90, 4;
v0x13f5afb90_5 .array/port v0x13f5afb90, 5;
v0x13f5afb90_6 .array/port v0x13f5afb90, 6;
E_0x13f5ad280/9 .event anyedge, v0x13f5afb90_3, v0x13f5afb90_4, v0x13f5afb90_5, v0x13f5afb90_6;
v0x13f5afb90_7 .array/port v0x13f5afb90, 7;
v0x13f5af130_0 .array/port v0x13f5af130, 0;
v0x13f5af130_1 .array/port v0x13f5af130, 1;
v0x13f5af130_2 .array/port v0x13f5af130, 2;
E_0x13f5ad280/10 .event anyedge, v0x13f5afb90_7, v0x13f5af130_0, v0x13f5af130_1, v0x13f5af130_2;
v0x13f5af130_3 .array/port v0x13f5af130, 3;
v0x13f5af130_4 .array/port v0x13f5af130, 4;
v0x13f5af130_5 .array/port v0x13f5af130, 5;
v0x13f5af130_6 .array/port v0x13f5af130, 6;
E_0x13f5ad280/11 .event anyedge, v0x13f5af130_3, v0x13f5af130_4, v0x13f5af130_5, v0x13f5af130_6;
v0x13f5af130_7 .array/port v0x13f5af130, 7;
v0x13f5af210_0 .array/port v0x13f5af210, 0;
v0x13f5af210_1 .array/port v0x13f5af210, 1;
v0x13f5af210_2 .array/port v0x13f5af210, 2;
E_0x13f5ad280/12 .event anyedge, v0x13f5af130_7, v0x13f5af210_0, v0x13f5af210_1, v0x13f5af210_2;
v0x13f5af210_3 .array/port v0x13f5af210, 3;
v0x13f5af210_4 .array/port v0x13f5af210, 4;
v0x13f5af210_5 .array/port v0x13f5af210, 5;
v0x13f5af210_6 .array/port v0x13f5af210, 6;
E_0x13f5ad280/13 .event anyedge, v0x13f5af210_3, v0x13f5af210_4, v0x13f5af210_5, v0x13f5af210_6;
v0x13f5af210_7 .array/port v0x13f5af210, 7;
v0x13f5af4d0_0 .array/port v0x13f5af4d0, 0;
v0x13f5af4d0_1 .array/port v0x13f5af4d0, 1;
v0x13f5af4d0_2 .array/port v0x13f5af4d0, 2;
E_0x13f5ad280/14 .event anyedge, v0x13f5af210_7, v0x13f5af4d0_0, v0x13f5af4d0_1, v0x13f5af4d0_2;
v0x13f5af4d0_3 .array/port v0x13f5af4d0, 3;
v0x13f5af4d0_4 .array/port v0x13f5af4d0, 4;
v0x13f5af4d0_5 .array/port v0x13f5af4d0, 5;
v0x13f5af4d0_6 .array/port v0x13f5af4d0, 6;
E_0x13f5ad280/15 .event anyedge, v0x13f5af4d0_3, v0x13f5af4d0_4, v0x13f5af4d0_5, v0x13f5af4d0_6;
v0x13f5af4d0_7 .array/port v0x13f5af4d0, 7;
E_0x13f5ad280/16 .event anyedge, v0x13f5af4d0_7, v0x13f5af0a0_0, v0x13f5b12b0_0;
E_0x13f5ad280 .event/or E_0x13f5ad280/0, E_0x13f5ad280/1, E_0x13f5ad280/2, E_0x13f5ad280/3, E_0x13f5ad280/4, E_0x13f5ad280/5, E_0x13f5ad280/6, E_0x13f5ad280/7, E_0x13f5ad280/8, E_0x13f5ad280/9, E_0x13f5ad280/10, E_0x13f5ad280/11, E_0x13f5ad280/12, E_0x13f5ad280/13, E_0x13f5ad280/14, E_0x13f5ad280/15, E_0x13f5ad280/16;
E_0x13f5ad4f0 .event anyedge, v0x13f5afcf0_0, v0x13f5b03d0_0, v0x13f5b0460_0;
L_0x13f5e32a0 .reduce/nor v0x13f5b03d0_0;
L_0x13f5e3340 .reduce/nor v0x13f5b0460_0;
S_0x13f5c2e20 .scope function.vec4.s32, "mk_instr" "mk_instr" 5 12, 5 12 0, S_0x13f2e2a00;
 .timescale 0 0;
v0x13f5c3020_0 .var "L", 11 0;
; Variable mk_instr is vec4 return value of scope S_0x13f5c2e20
v0x13f5c3140_0 .var "op", 4 0;
v0x13f5c31d0_0 .var "rd", 4 0;
v0x13f5c3260_0 .var "rs", 4 0;
v0x13f5c3330_0 .var "rt", 4 0;
TD_tinker_tb.mk_instr ;
    %load/vec4 v0x13f5c3140_0;
    %load/vec4 v0x13f5c31d0_0;
    %concat/vec4; draw_concat_vec4
    %load/vec4 v0x13f5c3260_0;
    %concat/vec4; draw_concat_vec4
    %load/vec4 v0x13f5c3330_0;
    %concat/vec4; draw_concat_vec4
    %load/vec4 v0x13f5c3020_0;
    %concat/vec4; draw_concat_vec4
    %ret/vec4 0, 0, 32;  Assign to mk_instr (store_vec4_to_lval)
    %end;
S_0x13f5c33c0 .scope task, "run_until_halt" "run_until_halt" 5 65, 5 65 0, S_0x13f2e2a00;
 .timescale 0 0;
v0x13f5c3580_0 .var/i "cycles", 31 0;
v0x13f5c3610_0 .var/i "max_cycles", 31 0;
TD_tinker_tb.run_until_halt ;
    %pushi/vec4 0, 0, 1;
    %store/vec4 v0x13f5c4ba0_0, 0, 1;
    %pushi/vec4 0, 0, 32;
    %store/vec4 v0x13f5c3580_0, 0, 32;
T_24.181 ;
    %load/vec4 v0x13f5c4a80_0;
    %nor/r;
    %flag_set/vec4 9;
    %flag_get/vec4 9;
    %jmp/0 T_24.183, 9;
    %load/vec4 v0x13f5c3580_0;
    %load/vec4 v0x13f5c3610_0;
    %cmp/s;
    %flag_get/vec4 5;
    %and;
T_24.183;
    %flag_set/vec4 8;
    %jmp/0xz T_24.182, 8;
    %wait E_0x13f224cb0;
    %load/vec4 v0x13f5c3580_0;
    %addi 1, 0, 32;
    %store/vec4 v0x13f5c3580_0, 0, 32;
    %jmp T_24.181;
T_24.182 ;
    %end;
S_0x13f5c36a0 .scope task, "store_dword" "store_dword" 5 26, 5 26 0, S_0x13f2e2a00;
 .timescale 0 0;
v0x13f5c3860_0 .var "addr", 63 0;
v0x13f5c38f0_0 .var "data", 63 0;
TD_tinker_tb.store_dword ;
    %load/vec4 v0x13f5c38f0_0;
    %parti/s 8, 0, 2;
    %load/vec4 v0x13f5c3860_0;
    %addi 0, 0, 64;
    %ix/vec4 4;
    %store/vec4a v0x13f59bd80, 4, 0;
    %load/vec4 v0x13f5c38f0_0;
    %parti/s 8, 8, 5;
    %load/vec4 v0x13f5c3860_0;
    %addi 1, 0, 64;
    %ix/vec4 4;
    %store/vec4a v0x13f59bd80, 4, 0;
    %load/vec4 v0x13f5c38f0_0;
    %parti/s 8, 16, 6;
    %load/vec4 v0x13f5c3860_0;
    %addi 2, 0, 64;
    %ix/vec4 4;
    %store/vec4a v0x13f59bd80, 4, 0;
    %load/vec4 v0x13f5c38f0_0;
    %parti/s 8, 24, 6;
    %load/vec4 v0x13f5c3860_0;
    %addi 3, 0, 64;
    %ix/vec4 4;
    %store/vec4a v0x13f59bd80, 4, 0;
    %load/vec4 v0x13f5c38f0_0;
    %parti/s 8, 32, 7;
    %load/vec4 v0x13f5c3860_0;
    %addi 4, 0, 64;
    %ix/vec4 4;
    %store/vec4a v0x13f59bd80, 4, 0;
    %load/vec4 v0x13f5c38f0_0;
    %parti/s 8, 40, 7;
    %load/vec4 v0x13f5c3860_0;
    %addi 5, 0, 64;
    %ix/vec4 4;
    %store/vec4a v0x13f59bd80, 4, 0;
    %load/vec4 v0x13f5c38f0_0;
    %parti/s 8, 48, 7;
    %load/vec4 v0x13f5c3860_0;
    %addi 6, 0, 64;
    %ix/vec4 4;
    %store/vec4a v0x13f59bd80, 4, 0;
    %load/vec4 v0x13f5c38f0_0;
    %parti/s 8, 56, 7;
    %load/vec4 v0x13f5c3860_0;
    %addi 7, 0, 64;
    %ix/vec4 4;
    %store/vec4a v0x13f59bd80, 4, 0;
    %end;
S_0x13f5c3980 .scope task, "store_instr" "store_instr" 5 17, 5 17 0, S_0x13f2e2a00;
 .timescale 0 0;
v0x13f5c3b40_0 .var "addr", 63 0;
v0x13f5c3bd0_0 .var "word", 31 0;
TD_tinker_tb.store_instr ;
    %load/vec4 v0x13f5c3bd0_0;
    %parti/s 8, 0, 2;
    %load/vec4 v0x13f5c3b40_0;
    %addi 0, 0, 64;
    %ix/vec4 4;
    %store/vec4a v0x13f59bd80, 4, 0;
    %load/vec4 v0x13f5c3bd0_0;
    %parti/s 8, 8, 5;
    %load/vec4 v0x13f5c3b40_0;
    %addi 1, 0, 64;
    %ix/vec4 4;
    %store/vec4a v0x13f59bd80, 4, 0;
    %load/vec4 v0x13f5c3bd0_0;
    %parti/s 8, 16, 6;
    %load/vec4 v0x13f5c3b40_0;
    %addi 2, 0, 64;
    %ix/vec4 4;
    %store/vec4a v0x13f59bd80, 4, 0;
    %load/vec4 v0x13f5c3bd0_0;
    %parti/s 8, 24, 6;
    %load/vec4 v0x13f5c3b40_0;
    %addi 3, 0, 64;
    %ix/vec4 4;
    %store/vec4a v0x13f59bd80, 4, 0;
    %end;
S_0x13f5c3c60 .scope task, "test1_basic_alu" "test1_basic_alu" 5 107, 5 107 0, S_0x13f2e2a00;
 .timescale 0 0;
TD_tinker_tb.test1_basic_alu ;
    %vpi_call/w 5 109 "$display", "\012=== TEST 1: Basic ALU (RAW dependency) ===" {0 0 0};
    %fork TD_tinker_tb.do_reset, S_0x13f3ba820;
    %join;
    %pushi/vec4 8192, 0, 64;
    %store/vec4 v0x13f5c3b40_0, 0, 64;
    %pushi/vec4 25, 0, 5;
    %pushi/vec4 1, 0, 5;
    %pushi/vec4 0, 0, 5;
    %pushi/vec4 0, 0, 5;
    %pushi/vec4 5, 0, 12;
    %store/vec4 v0x13f5c3020_0, 0, 12;
    %store/vec4 v0x13f5c3330_0, 0, 5;
    %store/vec4 v0x13f5c3260_0, 0, 5;
    %store/vec4 v0x13f5c31d0_0, 0, 5;
    %store/vec4 v0x13f5c3140_0, 0, 5;
    %callf/vec4 TD_tinker_tb.mk_instr, S_0x13f5c2e20;
    %store/vec4 v0x13f5c3bd0_0, 0, 32;
    %fork TD_tinker_tb.store_instr, S_0x13f5c3980;
    %join;
    %pushi/vec4 8196, 0, 64;
    %store/vec4 v0x13f5c3b40_0, 0, 64;
    %pushi/vec4 25, 0, 5;
    %pushi/vec4 1, 0, 5;
    %pushi/vec4 0, 0, 5;
    %pushi/vec4 0, 0, 5;
    %pushi/vec4 3, 0, 12;
    %store/vec4 v0x13f5c3020_0, 0, 12;
    %store/vec4 v0x13f5c3330_0, 0, 5;
    %store/vec4 v0x13f5c3260_0, 0, 5;
    %store/vec4 v0x13f5c31d0_0, 0, 5;
    %store/vec4 v0x13f5c3140_0, 0, 5;
    %callf/vec4 TD_tinker_tb.mk_instr, S_0x13f5c2e20;
    %store/vec4 v0x13f5c3bd0_0, 0, 32;
    %fork TD_tinker_tb.store_instr, S_0x13f5c3980;
    %join;
    %pushi/vec4 8200, 0, 64;
    %store/vec4 v0x13f5c3b40_0, 0, 64;
    %pushi/vec4 15, 0, 5;
    %pushi/vec4 0, 0, 5;
    %pushi/vec4 0, 0, 5;
    %pushi/vec4 0, 0, 5;
    %pushi/vec4 0, 0, 12;
    %store/vec4 v0x13f5c3020_0, 0, 12;
    %store/vec4 v0x13f5c3330_0, 0, 5;
    %store/vec4 v0x13f5c3260_0, 0, 5;
    %store/vec4 v0x13f5c31d0_0, 0, 5;
    %store/vec4 v0x13f5c3140_0, 0, 5;
    %callf/vec4 TD_tinker_tb.mk_instr, S_0x13f5c2e20;
    %store/vec4 v0x13f5c3bd0_0, 0, 32;
    %fork TD_tinker_tb.store_instr, S_0x13f5c3980;
    %join;
    %pushi/vec4 200, 0, 32;
    %store/vec4 v0x13f5c3610_0, 0, 32;
    %fork TD_tinker_tb.run_until_halt, S_0x13f5c33c0;
    %join;
    %load/vec4 v0x13f5c3580_0;
    %store/vec4 v0x13f584760_0, 0, 32;
    %vpi_call/w 5 115 "$display", "  Completed in %0d cycles", v0x13f584760_0 {0 0 0};
    %pushi/vec4 1, 0, 5;
    %store/vec4 v0x13f3baed0_0, 0, 5;
    %pushi/vec4 8, 0, 64;
    %store/vec4 v0x13f3f29f0_0, 0, 64;
    %pushi/vec4 0, 0, 32; draw_string_vec4
    %pushi/vec4 0, 0, 32; draw_string_vec4
    %concat/vec4; draw_string_vec4
    %pushi/vec4 0, 0, 32; draw_string_vec4
    %concat/vec4; draw_string_vec4
    %pushi/vec4 0, 0, 32; draw_string_vec4
    %concat/vec4; draw_string_vec4
    %pushi/vec4 0, 0, 32; draw_string_vec4
    %concat/vec4; draw_string_vec4
    %pushi/vec4 0, 0, 32; draw_string_vec4
    %concat/vec4; draw_string_vec4
    %pushi/vec4 0, 0, 32; draw_string_vec4
    %concat/vec4; draw_string_vec4
    %pushi/vec4 0, 0, 32; draw_string_vec4
    %concat/vec4; draw_string_vec4
    %pushi/vec4 1952805748, 0, 32; draw_string_vec4
    %concat/vec4; draw_string_vec4
    %pushi/vec4 824209969, 0, 32; draw_string_vec4
    %concat/vec4; draw_string_vec4
    %store/vec4 v0x13f3baf60_0, 0, 320;
    %fork TD_tinker_tb.check_reg, S_0x13f3f3010;
    %join;
    %pushi/vec4 0, 0, 32; draw_string_vec4
    %pushi/vec4 0, 0, 32; draw_string_vec4
    %concat/vec4; draw_string_vec4
    %pushi/vec4 0, 0, 32; draw_string_vec4
    %concat/vec4; draw_string_vec4
    %pushi/vec4 0, 0, 32; draw_string_vec4
    %concat/vec4; draw_string_vec4
    %pushi/vec4 0, 0, 32; draw_string_vec4
    %concat/vec4; draw_string_vec4
    %pushi/vec4 0, 0, 32; draw_string_vec4
    %concat/vec4; draw_string_vec4
    %pushi/vec4 0, 0, 32; draw_string_vec4
    %concat/vec4; draw_string_vec4
    %pushi/vec4 0, 0, 32; draw_string_vec4
    %concat/vec4; draw_string_vec4
    %pushi/vec4 116, 0, 32; draw_string_vec4
    %concat/vec4; draw_string_vec4
    %pushi/vec4 1702065201, 0, 32; draw_string_vec4
    %concat/vec4; draw_string_vec4
    %store/vec4 v0x13f2e0fc0_0, 0, 320;
    %fork TD_tinker_tb.check_hlt, S_0x13f3e45c0;
    %join;
    %end;
S_0x13f5c3ea0 .scope task, "test2_dual_issue" "test2_dual_issue" 5 126, 5 126 0, S_0x13f2e2a00;
 .timescale 0 0;
TD_tinker_tb.test2_dual_issue ;
    %vpi_call/w 5 128 "$display", "\012=== TEST 2: Dual-issue independent ALU ===" {0 0 0};
    %fork TD_tinker_tb.do_reset, S_0x13f3ba820;
    %join;
    %pushi/vec4 8192, 0, 64;
    %store/vec4 v0x13f5c3b40_0, 0, 64;
    %pushi/vec4 25, 0, 5;
    %pushi/vec4 1, 0, 5;
    %pushi/vec4 0, 0, 5;
    %pushi/vec4 0, 0, 5;
    %pushi/vec4 10, 0, 12;
    %store/vec4 v0x13f5c3020_0, 0, 12;
    %store/vec4 v0x13f5c3330_0, 0, 5;
    %store/vec4 v0x13f5c3260_0, 0, 5;
    %store/vec4 v0x13f5c31d0_0, 0, 5;
    %store/vec4 v0x13f5c3140_0, 0, 5;
    %callf/vec4 TD_tinker_tb.mk_instr, S_0x13f5c2e20;
    %store/vec4 v0x13f5c3bd0_0, 0, 32;
    %fork TD_tinker_tb.store_instr, S_0x13f5c3980;
    %join;
    %pushi/vec4 8196, 0, 64;
    %store/vec4 v0x13f5c3b40_0, 0, 64;
    %pushi/vec4 25, 0, 5;
    %pushi/vec4 2, 0, 5;
    %pushi/vec4 0, 0, 5;
    %pushi/vec4 0, 0, 5;
    %pushi/vec4 20, 0, 12;
    %store/vec4 v0x13f5c3020_0, 0, 12;
    %store/vec4 v0x13f5c3330_0, 0, 5;
    %store/vec4 v0x13f5c3260_0, 0, 5;
    %store/vec4 v0x13f5c31d0_0, 0, 5;
    %store/vec4 v0x13f5c3140_0, 0, 5;
    %callf/vec4 TD_tinker_tb.mk_instr, S_0x13f5c2e20;
    %store/vec4 v0x13f5c3bd0_0, 0, 32;
    %fork TD_tinker_tb.store_instr, S_0x13f5c3980;
    %join;
    %pushi/vec4 8200, 0, 64;
    %store/vec4 v0x13f5c3b40_0, 0, 64;
    %pushi/vec4 15, 0, 5;
    %pushi/vec4 0, 0, 5;
    %pushi/vec4 0, 0, 5;
    %pushi/vec4 0, 0, 5;
    %pushi/vec4 0, 0, 12;
    %store/vec4 v0x13f5c3020_0, 0, 12;
    %store/vec4 v0x13f5c3330_0, 0, 5;
    %store/vec4 v0x13f5c3260_0, 0, 5;
    %store/vec4 v0x13f5c31d0_0, 0, 5;
    %store/vec4 v0x13f5c3140_0, 0, 5;
    %callf/vec4 TD_tinker_tb.mk_instr, S_0x13f5c2e20;
    %store/vec4 v0x13f5c3bd0_0, 0, 32;
    %fork TD_tinker_tb.store_instr, S_0x13f5c3980;
    %join;
    %pushi/vec4 200, 0, 32;
    %store/vec4 v0x13f5c3610_0, 0, 32;
    %fork TD_tinker_tb.run_until_halt, S_0x13f5c33c0;
    %join;
    %load/vec4 v0x13f5c3580_0;
    %store/vec4 v0x13f584760_0, 0, 32;
    %vpi_call/w 5 134 "$display", "  Completed in %0d cycles", v0x13f584760_0 {0 0 0};
    %pushi/vec4 1, 0, 5;
    %store/vec4 v0x13f3baed0_0, 0, 5;
    %pushi/vec4 10, 0, 64;
    %store/vec4 v0x13f3f29f0_0, 0, 64;
    %pushi/vec4 0, 0, 32; draw_string_vec4
    %pushi/vec4 0, 0, 32; draw_string_vec4
    %concat/vec4; draw_string_vec4
    %pushi/vec4 0, 0, 32; draw_string_vec4
    %concat/vec4; draw_string_vec4
    %pushi/vec4 0, 0, 32; draw_string_vec4
    %concat/vec4; draw_string_vec4
    %pushi/vec4 0, 0, 32; draw_string_vec4
    %concat/vec4; draw_string_vec4
    %pushi/vec4 0, 0, 32; draw_string_vec4
    %concat/vec4; draw_string_vec4
    %pushi/vec4 0, 0, 32; draw_string_vec4
    %concat/vec4; draw_string_vec4
    %pushi/vec4 0, 0, 32; draw_string_vec4
    %concat/vec4; draw_string_vec4
    %pushi/vec4 1952805748, 0, 32; draw_string_vec4
    %concat/vec4; draw_string_vec4
    %pushi/vec4 840987185, 0, 32; draw_string_vec4
    %concat/vec4; draw_string_vec4
    %store/vec4 v0x13f3baf60_0, 0, 320;
    %fork TD_tinker_tb.check_reg, S_0x13f3f3010;
    %join;
    %pushi/vec4 2, 0, 5;
    %store/vec4 v0x13f3baed0_0, 0, 5;
    %pushi/vec4 20, 0, 64;
    %store/vec4 v0x13f3f29f0_0, 0, 64;
    %pushi/vec4 0, 0, 32; draw_string_vec4
    %pushi/vec4 0, 0, 32; draw_string_vec4
    %concat/vec4; draw_string_vec4
    %pushi/vec4 0, 0, 32; draw_string_vec4
    %concat/vec4; draw_string_vec4
    %pushi/vec4 0, 0, 32; draw_string_vec4
    %concat/vec4; draw_string_vec4
    %pushi/vec4 0, 0, 32; draw_string_vec4
    %concat/vec4; draw_string_vec4
    %pushi/vec4 0, 0, 32; draw_string_vec4
    %concat/vec4; draw_string_vec4
    %pushi/vec4 0, 0, 32; draw_string_vec4
    %concat/vec4; draw_string_vec4
    %pushi/vec4 0, 0, 32; draw_string_vec4
    %concat/vec4; draw_string_vec4
    %pushi/vec4 1952805748, 0, 32; draw_string_vec4
    %concat/vec4; draw_string_vec4
    %pushi/vec4 840987186, 0, 32; draw_string_vec4
    %concat/vec4; draw_string_vec4
    %store/vec4 v0x13f3baf60_0, 0, 320;
    %fork TD_tinker_tb.check_reg, S_0x13f3f3010;
    %join;
    %pushi/vec4 0, 0, 32; draw_string_vec4
    %pushi/vec4 0, 0, 32; draw_string_vec4
    %concat/vec4; draw_string_vec4
    %pushi/vec4 0, 0, 32; draw_string_vec4
    %concat/vec4; draw_string_vec4
    %pushi/vec4 0, 0, 32; draw_string_vec4
    %concat/vec4; draw_string_vec4
    %pushi/vec4 0, 0, 32; draw_string_vec4
    %concat/vec4; draw_string_vec4
    %pushi/vec4 0, 0, 32; draw_string_vec4
    %concat/vec4; draw_string_vec4
    %pushi/vec4 0, 0, 32; draw_string_vec4
    %concat/vec4; draw_string_vec4
    %pushi/vec4 0, 0, 32; draw_string_vec4
    %concat/vec4; draw_string_vec4
    %pushi/vec4 116, 0, 32; draw_string_vec4
    %concat/vec4; draw_string_vec4
    %pushi/vec4 1702065202, 0, 32; draw_string_vec4
    %concat/vec4; draw_string_vec4
    %store/vec4 v0x13f2e0fc0_0, 0, 320;
    %fork TD_tinker_tb.check_hlt, S_0x13f3e45c0;
    %join;
    %end;
S_0x13f5c4060 .scope task, "test3_load_store" "test3_load_store" 5 146, 5 146 0, S_0x13f2e2a00;
 .timescale 0 0;
TD_tinker_tb.test3_load_store ;
    %vpi_call/w 5 148 "$display", "\012=== TEST 3: Load / Store ===" {0 0 0};
    %fork TD_tinker_tb.do_reset, S_0x13f3ba820;
    %join;
    %pushi/vec4 8192, 0, 64;
    %store/vec4 v0x13f5c3b40_0, 0, 64;
    %pushi/vec4 18, 0, 5;
    %pushi/vec4 1, 0, 5;
    %pushi/vec4 0, 0, 5;
    %pushi/vec4 0, 0, 5;
    %pushi/vec4 100, 0, 12;
    %store/vec4 v0x13f5c3020_0, 0, 12;
    %store/vec4 v0x13f5c3330_0, 0, 5;
    %store/vec4 v0x13f5c3260_0, 0, 5;
    %store/vec4 v0x13f5c31d0_0, 0, 5;
    %store/vec4 v0x13f5c3140_0, 0, 5;
    %callf/vec4 TD_tinker_tb.mk_instr, S_0x13f5c2e20;
    %store/vec4 v0x13f5c3bd0_0, 0, 32;
    %fork TD_tinker_tb.store_instr, S_0x13f5c3980;
    %join;
    %pushi/vec4 8196, 0, 64;
    %store/vec4 v0x13f5c3b40_0, 0, 64;
    %pushi/vec4 19, 0, 5;
    %pushi/vec4 0, 0, 5;
    %pushi/vec4 1, 0, 5;
    %pushi/vec4 0, 0, 5;
    %pushi/vec4 0, 0, 12;
    %store/vec4 v0x13f5c3020_0, 0, 12;
    %store/vec4 v0x13f5c3330_0, 0, 5;
    %store/vec4 v0x13f5c3260_0, 0, 5;
    %store/vec4 v0x13f5c31d0_0, 0, 5;
    %store/vec4 v0x13f5c3140_0, 0, 5;
    %callf/vec4 TD_tinker_tb.mk_instr, S_0x13f5c2e20;
    %store/vec4 v0x13f5c3bd0_0, 0, 32;
    %fork TD_tinker_tb.store_instr, S_0x13f5c3980;
    %join;
    %pushi/vec4 8200, 0, 64;
    %store/vec4 v0x13f5c3b40_0, 0, 64;
    %pushi/vec4 16, 0, 5;
    %pushi/vec4 3, 0, 5;
    %pushi/vec4 0, 0, 5;
    %pushi/vec4 0, 0, 5;
    %pushi/vec4 0, 0, 12;
    %store/vec4 v0x13f5c3020_0, 0, 12;
    %store/vec4 v0x13f5c3330_0, 0, 5;
    %store/vec4 v0x13f5c3260_0, 0, 5;
    %store/vec4 v0x13f5c31d0_0, 0, 5;
    %store/vec4 v0x13f5c3140_0, 0, 5;
    %callf/vec4 TD_tinker_tb.mk_instr, S_0x13f5c2e20;
    %store/vec4 v0x13f5c3bd0_0, 0, 32;
    %fork TD_tinker_tb.store_instr, S_0x13f5c3980;
    %join;
    %pushi/vec4 8204, 0, 64;
    %store/vec4 v0x13f5c3b40_0, 0, 64;
    %pushi/vec4 15, 0, 5;
    %pushi/vec4 0, 0, 5;
    %pushi/vec4 0, 0, 5;
    %pushi/vec4 0, 0, 5;
    %pushi/vec4 0, 0, 12;
    %store/vec4 v0x13f5c3020_0, 0, 12;
    %store/vec4 v0x13f5c3330_0, 0, 5;
    %store/vec4 v0x13f5c3260_0, 0, 5;
    %store/vec4 v0x13f5c31d0_0, 0, 5;
    %store/vec4 v0x13f5c3140_0, 0, 5;
    %callf/vec4 TD_tinker_tb.mk_instr, S_0x13f5c2e20;
    %store/vec4 v0x13f5c3bd0_0, 0, 32;
    %fork TD_tinker_tb.store_instr, S_0x13f5c3980;
    %join;
    %pushi/vec4 500, 0, 32;
    %store/vec4 v0x13f5c3610_0, 0, 32;
    %fork TD_tinker_tb.run_until_halt, S_0x13f5c33c0;
    %join;
    %load/vec4 v0x13f5c3580_0;
    %store/vec4 v0x13f584760_0, 0, 32;
    %vpi_call/w 5 159 "$display", "  Completed in %0d cycles", v0x13f584760_0 {0 0 0};
    %pushi/vec4 3, 0, 5;
    %store/vec4 v0x13f3baed0_0, 0, 5;
    %pushi/vec4 100, 0, 64;
    %store/vec4 v0x13f3f29f0_0, 0, 64;
    %pushi/vec4 0, 0, 32; draw_string_vec4
    %pushi/vec4 0, 0, 32; draw_string_vec4
    %concat/vec4; draw_string_vec4
    %pushi/vec4 0, 0, 32; draw_string_vec4
    %concat/vec4; draw_string_vec4
    %pushi/vec4 0, 0, 32; draw_string_vec4
    %concat/vec4; draw_string_vec4
    %pushi/vec4 0, 0, 32; draw_string_vec4
    %concat/vec4; draw_string_vec4
    %pushi/vec4 0, 0, 32; draw_string_vec4
    %concat/vec4; draw_string_vec4
    %pushi/vec4 0, 0, 32; draw_string_vec4
    %concat/vec4; draw_string_vec4
    %pushi/vec4 0, 0, 32; draw_string_vec4
    %concat/vec4; draw_string_vec4
    %pushi/vec4 1952805748, 0, 32; draw_string_vec4
    %concat/vec4; draw_string_vec4
    %pushi/vec4 857764403, 0, 32; draw_string_vec4
    %concat/vec4; draw_string_vec4
    %store/vec4 v0x13f3baf60_0, 0, 320;
    %fork TD_tinker_tb.check_reg, S_0x13f3f3010;
    %join;
    %pushi/vec4 0, 0, 32; draw_string_vec4
    %pushi/vec4 0, 0, 32; draw_string_vec4
    %concat/vec4; draw_string_vec4
    %pushi/vec4 0, 0, 32; draw_string_vec4
    %concat/vec4; draw_string_vec4
    %pushi/vec4 0, 0, 32; draw_string_vec4
    %concat/vec4; draw_string_vec4
    %pushi/vec4 0, 0, 32; draw_string_vec4
    %concat/vec4; draw_string_vec4
    %pushi/vec4 0, 0, 32; draw_string_vec4
    %concat/vec4; draw_string_vec4
    %pushi/vec4 0, 0, 32; draw_string_vec4
    %concat/vec4; draw_string_vec4
    %pushi/vec4 0, 0, 32; draw_string_vec4
    %concat/vec4; draw_string_vec4
    %pushi/vec4 116, 0, 32; draw_string_vec4
    %concat/vec4; draw_string_vec4
    %pushi/vec4 1702065203, 0, 32; draw_string_vec4
    %concat/vec4; draw_string_vec4
    %store/vec4 v0x13f2e0fc0_0, 0, 320;
    %fork TD_tinker_tb.check_hlt, S_0x13f3e45c0;
    %join;
    %end;
S_0x13f5c4220 .scope task, "test4_branch" "test4_branch" 5 198, 5 198 0, S_0x13f2e2a00;
 .timescale 0 0;
TD_tinker_tb.test4_branch ;
    %vpi_call/w 5 200 "$display", "\012=== TEST 4: Branch (BRR_L unconditional relative) ===" {0 0 0};
    %fork TD_tinker_tb.do_reset, S_0x13f3ba820;
    %join;
    %pushi/vec4 8192, 0, 64;
    %store/vec4 v0x13f5c3b40_0, 0, 64;
    %pushi/vec4 18, 0, 5;
    %pushi/vec4 1, 0, 5;
    %pushi/vec4 0, 0, 5;
    %pushi/vec4 0, 0, 5;
    %pushi/vec4 42, 0, 12;
    %store/vec4 v0x13f5c3020_0, 0, 12;
    %store/vec4 v0x13f5c3330_0, 0, 5;
    %store/vec4 v0x13f5c3260_0, 0, 5;
    %store/vec4 v0x13f5c31d0_0, 0, 5;
    %store/vec4 v0x13f5c3140_0, 0, 5;
    %callf/vec4 TD_tinker_tb.mk_instr, S_0x13f5c2e20;
    %store/vec4 v0x13f5c3bd0_0, 0, 32;
    %fork TD_tinker_tb.store_instr, S_0x13f5c3980;
    %join;
    %pushi/vec4 8196, 0, 64;
    %store/vec4 v0x13f5c3b40_0, 0, 64;
    %pushi/vec4 10, 0, 5;
    %pushi/vec4 0, 0, 5;
    %pushi/vec4 0, 0, 5;
    %pushi/vec4 0, 0, 5;
    %pushi/vec4 8, 0, 12;
    %store/vec4 v0x13f5c3020_0, 0, 12;
    %store/vec4 v0x13f5c3330_0, 0, 5;
    %store/vec4 v0x13f5c3260_0, 0, 5;
    %store/vec4 v0x13f5c31d0_0, 0, 5;
    %store/vec4 v0x13f5c3140_0, 0, 5;
    %callf/vec4 TD_tinker_tb.mk_instr, S_0x13f5c2e20;
    %store/vec4 v0x13f5c3bd0_0, 0, 32;
    %fork TD_tinker_tb.store_instr, S_0x13f5c3980;
    %join;
    %pushi/vec4 8200, 0, 64;
    %store/vec4 v0x13f5c3b40_0, 0, 64;
    %pushi/vec4 18, 0, 5;
    %pushi/vec4 2, 0, 5;
    %pushi/vec4 0, 0, 5;
    %pushi/vec4 0, 0, 5;
    %pushi/vec4 99, 0, 12;
    %store/vec4 v0x13f5c3020_0, 0, 12;
    %store/vec4 v0x13f5c3330_0, 0, 5;
    %store/vec4 v0x13f5c3260_0, 0, 5;
    %store/vec4 v0x13f5c31d0_0, 0, 5;
    %store/vec4 v0x13f5c3140_0, 0, 5;
    %callf/vec4 TD_tinker_tb.mk_instr, S_0x13f5c2e20;
    %store/vec4 v0x13f5c3bd0_0, 0, 32;
    %fork TD_tinker_tb.store_instr, S_0x13f5c3980;
    %join;
    %pushi/vec4 8204, 0, 64;
    %store/vec4 v0x13f5c3b40_0, 0, 64;
    %pushi/vec4 15, 0, 5;
    %pushi/vec4 0, 0, 5;
    %pushi/vec4 0, 0, 5;
    %pushi/vec4 0, 0, 5;
    %pushi/vec4 0, 0, 12;
    %store/vec4 v0x13f5c3020_0, 0, 12;
    %store/vec4 v0x13f5c3330_0, 0, 5;
    %store/vec4 v0x13f5c3260_0, 0, 5;
    %store/vec4 v0x13f5c31d0_0, 0, 5;
    %store/vec4 v0x13f5c3140_0, 0, 5;
    %callf/vec4 TD_tinker_tb.mk_instr, S_0x13f5c2e20;
    %store/vec4 v0x13f5c3bd0_0, 0, 32;
    %fork TD_tinker_tb.store_instr, S_0x13f5c3980;
    %join;
    %pushi/vec4 500, 0, 32;
    %store/vec4 v0x13f5c3610_0, 0, 32;
    %fork TD_tinker_tb.run_until_halt, S_0x13f5c33c0;
    %join;
    %load/vec4 v0x13f5c3580_0;
    %store/vec4 v0x13f584760_0, 0, 32;
    %vpi_call/w 5 211 "$display", "  Completed in %0d cycles", v0x13f584760_0 {0 0 0};
    %pushi/vec4 1, 0, 5;
    %store/vec4 v0x13f3baed0_0, 0, 5;
    %pushi/vec4 42, 0, 64;
    %store/vec4 v0x13f3f29f0_0, 0, 64;
    %pushi/vec4 0, 0, 32; draw_string_vec4
    %pushi/vec4 0, 0, 32; draw_string_vec4
    %concat/vec4; draw_string_vec4
    %pushi/vec4 0, 0, 32; draw_string_vec4
    %concat/vec4; draw_string_vec4
    %pushi/vec4 0, 0, 32; draw_string_vec4
    %concat/vec4; draw_string_vec4
    %pushi/vec4 0, 0, 32; draw_string_vec4
    %concat/vec4; draw_string_vec4
    %pushi/vec4 0, 0, 32; draw_string_vec4
    %concat/vec4; draw_string_vec4
    %pushi/vec4 0, 0, 32; draw_string_vec4
    %concat/vec4; draw_string_vec4
    %pushi/vec4 0, 0, 32; draw_string_vec4
    %concat/vec4; draw_string_vec4
    %pushi/vec4 1952805748, 0, 32; draw_string_vec4
    %concat/vec4; draw_string_vec4
    %pushi/vec4 874541617, 0, 32; draw_string_vec4
    %concat/vec4; draw_string_vec4
    %store/vec4 v0x13f3baf60_0, 0, 320;
    %fork TD_tinker_tb.check_reg, S_0x13f3f3010;
    %join;
    %pushi/vec4 2, 0, 5;
    %store/vec4 v0x13f3baed0_0, 0, 5;
    %pushi/vec4 0, 0, 64;
    %store/vec4 v0x13f3f29f0_0, 0, 64;
    %pushi/vec4 0, 0, 32; draw_string_vec4
    %pushi/vec4 0, 0, 32; draw_string_vec4
    %concat/vec4; draw_string_vec4
    %pushi/vec4 0, 0, 32; draw_string_vec4
    %concat/vec4; draw_string_vec4
    %pushi/vec4 1952805748, 0, 32; draw_string_vec4
    %concat/vec4; draw_string_vec4
    %pushi/vec4 874541618, 0, 32; draw_string_vec4
    %concat/vec4; draw_string_vec4
    %pushi/vec4 539521896, 0, 32; draw_string_vec4
    %concat/vec4; draw_string_vec4
    %pushi/vec4 1869966436, 0, 32; draw_string_vec4
    %concat/vec4; draw_string_vec4
    %pushi/vec4 544108404, 0, 32; draw_string_vec4
    %concat/vec4; draw_string_vec4
    %pushi/vec4 543387501, 0, 32; draw_string_vec4
    %concat/vec4; draw_string_vec4
    %pushi/vec4 1835627561, 0, 32; draw_string_vec4
    %concat/vec4; draw_string_vec4
    %store/vec4 v0x13f3baf60_0, 0, 320;
    %fork TD_tinker_tb.check_reg, S_0x13f3f3010;
    %join;
    %pushi/vec4 0, 0, 32; draw_string_vec4
    %pushi/vec4 0, 0, 32; draw_string_vec4
    %concat/vec4; draw_string_vec4
    %pushi/vec4 0, 0, 32; draw_string_vec4
    %concat/vec4; draw_string_vec4
    %pushi/vec4 0, 0, 32; draw_string_vec4
    %concat/vec4; draw_string_vec4
    %pushi/vec4 0, 0, 32; draw_string_vec4
    %concat/vec4; draw_string_vec4
    %pushi/vec4 0, 0, 32; draw_string_vec4
    %concat/vec4; draw_string_vec4
    %pushi/vec4 0, 0, 32; draw_string_vec4
    %concat/vec4; draw_string_vec4
    %pushi/vec4 0, 0, 32; draw_string_vec4
    %concat/vec4; draw_string_vec4
    %pushi/vec4 116, 0, 32; draw_string_vec4
    %concat/vec4; draw_string_vec4
    %pushi/vec4 1702065204, 0, 32; draw_string_vec4
    %concat/vec4; draw_string_vec4
    %store/vec4 v0x13f2e0fc0_0, 0, 320;
    %fork TD_tinker_tb.check_hlt, S_0x13f3e45c0;
    %join;
    %end;
S_0x13f5c43e0 .scope task, "test5_fpu" "test5_fpu" 5 227, 5 227 0, S_0x13f2e2a00;
 .timescale 0 0;
TD_tinker_tb.test5_fpu ;
    %vpi_call/w 5 229 "$display", "\012=== TEST 5: FPU (FADD 1.5 + 2.5 = 4.0) ===" {0 0 0};
    %fork TD_tinker_tb.do_reset, S_0x13f3ba820;
    %join;
    %pushi/vec4 12288, 0, 64;
    %store/vec4 v0x13f5c3860_0, 0, 64;
    %pushi/vec4 4292870144, 0, 34;
    %concati/vec4 0, 0, 30;
    %store/vec4 v0x13f5c38f0_0, 0, 64;
    %fork TD_tinker_tb.store_dword, S_0x13f5c36a0;
    %join;
    %pushi/vec4 12296, 0, 64;
    %store/vec4 v0x13f5c3860_0, 0, 64;
    %pushi/vec4 2148007936, 0, 33;
    %concati/vec4 0, 0, 31;
    %store/vec4 v0x13f5c38f0_0, 0, 64;
    %fork TD_tinker_tb.store_dword, S_0x13f5c36a0;
    %join;
    %pushi/vec4 8192, 0, 64;
    %store/vec4 v0x13f5c3b40_0, 0, 64;
    %pushi/vec4 25, 0, 5;
    %pushi/vec4 4, 0, 5;
    %pushi/vec4 0, 0, 5;
    %pushi/vec4 0, 0, 5;
    %pushi/vec4 3, 0, 12;
    %store/vec4 v0x13f5c3020_0, 0, 12;
    %store/vec4 v0x13f5c3330_0, 0, 5;
    %store/vec4 v0x13f5c3260_0, 0, 5;
    %store/vec4 v0x13f5c31d0_0, 0, 5;
    %store/vec4 v0x13f5c3140_0, 0, 5;
    %callf/vec4 TD_tinker_tb.mk_instr, S_0x13f5c2e20;
    %store/vec4 v0x13f5c3bd0_0, 0, 32;
    %fork TD_tinker_tb.store_instr, S_0x13f5c3980;
    %join;
    %pushi/vec4 8196, 0, 64;
    %store/vec4 v0x13f5c3b40_0, 0, 64;
    %pushi/vec4 7, 0, 5;
    %pushi/vec4 4, 0, 5;
    %pushi/vec4 0, 0, 5;
    %pushi/vec4 0, 0, 5;
    %pushi/vec4 12, 0, 12;
    %store/vec4 v0x13f5c3020_0, 0, 12;
    %store/vec4 v0x13f5c3330_0, 0, 5;
    %store/vec4 v0x13f5c3260_0, 0, 5;
    %store/vec4 v0x13f5c31d0_0, 0, 5;
    %store/vec4 v0x13f5c3140_0, 0, 5;
    %callf/vec4 TD_tinker_tb.mk_instr, S_0x13f5c2e20;
    %store/vec4 v0x13f5c3bd0_0, 0, 32;
    %fork TD_tinker_tb.store_instr, S_0x13f5c3980;
    %join;
    %pushi/vec4 8200, 0, 64;
    %store/vec4 v0x13f5c3b40_0, 0, 64;
    %pushi/vec4 16, 0, 5;
    %pushi/vec4 1, 0, 5;
    %pushi/vec4 4, 0, 5;
    %pushi/vec4 0, 0, 5;
    %pushi/vec4 0, 0, 12;
    %store/vec4 v0x13f5c3020_0, 0, 12;
    %store/vec4 v0x13f5c3330_0, 0, 5;
    %store/vec4 v0x13f5c3260_0, 0, 5;
    %store/vec4 v0x13f5c31d0_0, 0, 5;
    %store/vec4 v0x13f5c3140_0, 0, 5;
    %callf/vec4 TD_tinker_tb.mk_instr, S_0x13f5c2e20;
    %store/vec4 v0x13f5c3bd0_0, 0, 32;
    %fork TD_tinker_tb.store_instr, S_0x13f5c3980;
    %join;
    %pushi/vec4 8204, 0, 64;
    %store/vec4 v0x13f5c3b40_0, 0, 64;
    %pushi/vec4 16, 0, 5;
    %pushi/vec4 2, 0, 5;
    %pushi/vec4 4, 0, 5;
    %pushi/vec4 0, 0, 5;
    %pushi/vec4 8, 0, 12;
    %store/vec4 v0x13f5c3020_0, 0, 12;
    %store/vec4 v0x13f5c3330_0, 0, 5;
    %store/vec4 v0x13f5c3260_0, 0, 5;
    %store/vec4 v0x13f5c31d0_0, 0, 5;
    %store/vec4 v0x13f5c3140_0, 0, 5;
    %callf/vec4 TD_tinker_tb.mk_instr, S_0x13f5c2e20;
    %store/vec4 v0x13f5c3bd0_0, 0, 32;
    %fork TD_tinker_tb.store_instr, S_0x13f5c3980;
    %join;
    %pushi/vec4 8208, 0, 64;
    %store/vec4 v0x13f5c3b40_0, 0, 64;
    %pushi/vec4 20, 0, 5;
    %pushi/vec4 3, 0, 5;
    %pushi/vec4 1, 0, 5;
    %pushi/vec4 2, 0, 5;
    %pushi/vec4 0, 0, 12;
    %store/vec4 v0x13f5c3020_0, 0, 12;
    %store/vec4 v0x13f5c3330_0, 0, 5;
    %store/vec4 v0x13f5c3260_0, 0, 5;
    %store/vec4 v0x13f5c31d0_0, 0, 5;
    %store/vec4 v0x13f5c3140_0, 0, 5;
    %callf/vec4 TD_tinker_tb.mk_instr, S_0x13f5c2e20;
    %store/vec4 v0x13f5c3bd0_0, 0, 32;
    %fork TD_tinker_tb.store_instr, S_0x13f5c3980;
    %join;
    %pushi/vec4 8212, 0, 64;
    %store/vec4 v0x13f5c3b40_0, 0, 64;
    %pushi/vec4 15, 0, 5;
    %pushi/vec4 0, 0, 5;
    %pushi/vec4 0, 0, 5;
    %pushi/vec4 0, 0, 5;
    %pushi/vec4 0, 0, 12;
    %store/vec4 v0x13f5c3020_0, 0, 12;
    %store/vec4 v0x13f5c3330_0, 0, 5;
    %store/vec4 v0x13f5c3260_0, 0, 5;
    %store/vec4 v0x13f5c31d0_0, 0, 5;
    %store/vec4 v0x13f5c3140_0, 0, 5;
    %callf/vec4 TD_tinker_tb.mk_instr, S_0x13f5c2e20;
    %store/vec4 v0x13f5c3bd0_0, 0, 32;
    %fork TD_tinker_tb.store_instr, S_0x13f5c3980;
    %join;
    %pushi/vec4 1000, 0, 32;
    %store/vec4 v0x13f5c3610_0, 0, 32;
    %fork TD_tinker_tb.run_until_halt, S_0x13f5c33c0;
    %join;
    %load/vec4 v0x13f5c3580_0;
    %store/vec4 v0x13f584760_0, 0, 32;
    %vpi_call/w 5 254 "$display", "  Completed in %0d cycles", v0x13f584760_0 {0 0 0};
    %pushi/vec4 3, 0, 5;
    %store/vec4 v0x13f3baed0_0, 0, 5;
    %pushi/vec4 2149580800, 0, 33;
    %concati/vec4 0, 0, 31;
    %store/vec4 v0x13f3f29f0_0, 0, 64;
    %pushi/vec4 0, 0, 32; draw_string_vec4
    %pushi/vec4 0, 0, 32; draw_string_vec4
    %concat/vec4; draw_string_vec4
    %pushi/vec4 0, 0, 32; draw_string_vec4
    %concat/vec4; draw_string_vec4
    %pushi/vec4 0, 0, 32; draw_string_vec4
    %concat/vec4; draw_string_vec4
    %pushi/vec4 0, 0, 32; draw_string_vec4
    %concat/vec4; draw_string_vec4
    %pushi/vec4 0, 0, 32; draw_string_vec4
    %concat/vec4; draw_string_vec4
    %pushi/vec4 7628147, 0, 32; draw_string_vec4
    %concat/vec4; draw_string_vec4
    %pushi/vec4 1949638770, 0, 32; draw_string_vec4
    %concat/vec4; draw_string_vec4
    %pushi/vec4 857745510, 0, 32; draw_string_vec4
    %concat/vec4; draw_string_vec4
    %pushi/vec4 1633969193, 0, 32; draw_string_vec4
    %concat/vec4; draw_string_vec4
    %store/vec4 v0x13f3baf60_0, 0, 320;
    %fork TD_tinker_tb.check_reg, S_0x13f3f3010;
    %join;
    %pushi/vec4 0, 0, 32; draw_string_vec4
    %pushi/vec4 0, 0, 32; draw_string_vec4
    %concat/vec4; draw_string_vec4
    %pushi/vec4 0, 0, 32; draw_string_vec4
    %concat/vec4; draw_string_vec4
    %pushi/vec4 0, 0, 32; draw_string_vec4
    %concat/vec4; draw_string_vec4
    %pushi/vec4 0, 0, 32; draw_string_vec4
    %concat/vec4; draw_string_vec4
    %pushi/vec4 0, 0, 32; draw_string_vec4
    %concat/vec4; draw_string_vec4
    %pushi/vec4 0, 0, 32; draw_string_vec4
    %concat/vec4; draw_string_vec4
    %pushi/vec4 0, 0, 32; draw_string_vec4
    %concat/vec4; draw_string_vec4
    %pushi/vec4 116, 0, 32; draw_string_vec4
    %concat/vec4; draw_string_vec4
    %pushi/vec4 1702065205, 0, 32; draw_string_vec4
    %concat/vec4; draw_string_vec4
    %store/vec4 v0x13f2e0fc0_0, 0, 320;
    %fork TD_tinker_tb.check_hlt, S_0x13f3e45c0;
    %join;
    %end;
S_0x13f5c45a0 .scope task, "test6_mixed_ilp" "test6_mixed_ilp" 5 266, 5 266 0, S_0x13f2e2a00;
 .timescale 0 0;
TD_tinker_tb.test6_mixed_ilp ;
    %vpi_call/w 5 268 "$display", "\012=== TEST 6: Mixed ILP (6 independent ADDI) ===" {0 0 0};
    %fork TD_tinker_tb.do_reset, S_0x13f3ba820;
    %join;
    %pushi/vec4 8192, 0, 64;
    %store/vec4 v0x13f5c3b40_0, 0, 64;
    %pushi/vec4 25, 0, 5;
    %pushi/vec4 1, 0, 5;
    %pushi/vec4 0, 0, 5;
    %pushi/vec4 0, 0, 5;
    %pushi/vec4 1, 0, 12;
    %store/vec4 v0x13f5c3020_0, 0, 12;
    %store/vec4 v0x13f5c3330_0, 0, 5;
    %store/vec4 v0x13f5c3260_0, 0, 5;
    %store/vec4 v0x13f5c31d0_0, 0, 5;
    %store/vec4 v0x13f5c3140_0, 0, 5;
    %callf/vec4 TD_tinker_tb.mk_instr, S_0x13f5c2e20;
    %store/vec4 v0x13f5c3bd0_0, 0, 32;
    %fork TD_tinker_tb.store_instr, S_0x13f5c3980;
    %join;
    %pushi/vec4 8196, 0, 64;
    %store/vec4 v0x13f5c3b40_0, 0, 64;
    %pushi/vec4 25, 0, 5;
    %pushi/vec4 2, 0, 5;
    %pushi/vec4 0, 0, 5;
    %pushi/vec4 0, 0, 5;
    %pushi/vec4 2, 0, 12;
    %store/vec4 v0x13f5c3020_0, 0, 12;
    %store/vec4 v0x13f5c3330_0, 0, 5;
    %store/vec4 v0x13f5c3260_0, 0, 5;
    %store/vec4 v0x13f5c31d0_0, 0, 5;
    %store/vec4 v0x13f5c3140_0, 0, 5;
    %callf/vec4 TD_tinker_tb.mk_instr, S_0x13f5c2e20;
    %store/vec4 v0x13f5c3bd0_0, 0, 32;
    %fork TD_tinker_tb.store_instr, S_0x13f5c3980;
    %join;
    %pushi/vec4 8200, 0, 64;
    %store/vec4 v0x13f5c3b40_0, 0, 64;
    %pushi/vec4 25, 0, 5;
    %pushi/vec4 3, 0, 5;
    %pushi/vec4 0, 0, 5;
    %pushi/vec4 0, 0, 5;
    %pushi/vec4 3, 0, 12;
    %store/vec4 v0x13f5c3020_0, 0, 12;
    %store/vec4 v0x13f5c3330_0, 0, 5;
    %store/vec4 v0x13f5c3260_0, 0, 5;
    %store/vec4 v0x13f5c31d0_0, 0, 5;
    %store/vec4 v0x13f5c3140_0, 0, 5;
    %callf/vec4 TD_tinker_tb.mk_instr, S_0x13f5c2e20;
    %store/vec4 v0x13f5c3bd0_0, 0, 32;
    %fork TD_tinker_tb.store_instr, S_0x13f5c3980;
    %join;
    %pushi/vec4 8204, 0, 64;
    %store/vec4 v0x13f5c3b40_0, 0, 64;
    %pushi/vec4 25, 0, 5;
    %pushi/vec4 4, 0, 5;
    %pushi/vec4 0, 0, 5;
    %pushi/vec4 0, 0, 5;
    %pushi/vec4 4, 0, 12;
    %store/vec4 v0x13f5c3020_0, 0, 12;
    %store/vec4 v0x13f5c3330_0, 0, 5;
    %store/vec4 v0x13f5c3260_0, 0, 5;
    %store/vec4 v0x13f5c31d0_0, 0, 5;
    %store/vec4 v0x13f5c3140_0, 0, 5;
    %callf/vec4 TD_tinker_tb.mk_instr, S_0x13f5c2e20;
    %store/vec4 v0x13f5c3bd0_0, 0, 32;
    %fork TD_tinker_tb.store_instr, S_0x13f5c3980;
    %join;
    %pushi/vec4 8208, 0, 64;
    %store/vec4 v0x13f5c3b40_0, 0, 64;
    %pushi/vec4 25, 0, 5;
    %pushi/vec4 5, 0, 5;
    %pushi/vec4 0, 0, 5;
    %pushi/vec4 0, 0, 5;
    %pushi/vec4 5, 0, 12;
    %store/vec4 v0x13f5c3020_0, 0, 12;
    %store/vec4 v0x13f5c3330_0, 0, 5;
    %store/vec4 v0x13f5c3260_0, 0, 5;
    %store/vec4 v0x13f5c31d0_0, 0, 5;
    %store/vec4 v0x13f5c3140_0, 0, 5;
    %callf/vec4 TD_tinker_tb.mk_instr, S_0x13f5c2e20;
    %store/vec4 v0x13f5c3bd0_0, 0, 32;
    %fork TD_tinker_tb.store_instr, S_0x13f5c3980;
    %join;
    %pushi/vec4 8212, 0, 64;
    %store/vec4 v0x13f5c3b40_0, 0, 64;
    %pushi/vec4 25, 0, 5;
    %pushi/vec4 6, 0, 5;
    %pushi/vec4 0, 0, 5;
    %pushi/vec4 0, 0, 5;
    %pushi/vec4 6, 0, 12;
    %store/vec4 v0x13f5c3020_0, 0, 12;
    %store/vec4 v0x13f5c3330_0, 0, 5;
    %store/vec4 v0x13f5c3260_0, 0, 5;
    %store/vec4 v0x13f5c31d0_0, 0, 5;
    %store/vec4 v0x13f5c3140_0, 0, 5;
    %callf/vec4 TD_tinker_tb.mk_instr, S_0x13f5c2e20;
    %store/vec4 v0x13f5c3bd0_0, 0, 32;
    %fork TD_tinker_tb.store_instr, S_0x13f5c3980;
    %join;
    %pushi/vec4 8216, 0, 64;
    %store/vec4 v0x13f5c3b40_0, 0, 64;
    %pushi/vec4 15, 0, 5;
    %pushi/vec4 0, 0, 5;
    %pushi/vec4 0, 0, 5;
    %pushi/vec4 0, 0, 5;
    %pushi/vec4 0, 0, 12;
    %store/vec4 v0x13f5c3020_0, 0, 12;
    %store/vec4 v0x13f5c3330_0, 0, 5;
    %store/vec4 v0x13f5c3260_0, 0, 5;
    %store/vec4 v0x13f5c31d0_0, 0, 5;
    %store/vec4 v0x13f5c3140_0, 0, 5;
    %callf/vec4 TD_tinker_tb.mk_instr, S_0x13f5c2e20;
    %store/vec4 v0x13f5c3bd0_0, 0, 32;
    %fork TD_tinker_tb.store_instr, S_0x13f5c3980;
    %join;
    %pushi/vec4 300, 0, 32;
    %store/vec4 v0x13f5c3610_0, 0, 32;
    %fork TD_tinker_tb.run_until_halt, S_0x13f5c33c0;
    %join;
    %load/vec4 v0x13f5c3580_0;
    %store/vec4 v0x13f584760_0, 0, 32;
    %vpi_call/w 5 278 "$display", "  Completed in %0d cycles", v0x13f584760_0 {0 0 0};
    %pushi/vec4 1, 0, 5;
    %store/vec4 v0x13f3baed0_0, 0, 5;
    %pushi/vec4 1, 0, 64;
    %store/vec4 v0x13f3f29f0_0, 0, 64;
    %pushi/vec4 0, 0, 32; draw_string_vec4
    %pushi/vec4 0, 0, 32; draw_string_vec4
    %concat/vec4; draw_string_vec4
    %pushi/vec4 0, 0, 32; draw_string_vec4
    %concat/vec4; draw_string_vec4
    %pushi/vec4 0, 0, 32; draw_string_vec4
    %concat/vec4; draw_string_vec4
    %pushi/vec4 0, 0, 32; draw_string_vec4
    %concat/vec4; draw_string_vec4
    %pushi/vec4 0, 0, 32; draw_string_vec4
    %concat/vec4; draw_string_vec4
    %pushi/vec4 0, 0, 32; draw_string_vec4
    %concat/vec4; draw_string_vec4
    %pushi/vec4 0, 0, 32; draw_string_vec4
    %concat/vec4; draw_string_vec4
    %pushi/vec4 1952805748, 0, 32; draw_string_vec4
    %concat/vec4; draw_string_vec4
    %pushi/vec4 908096049, 0, 32; draw_string_vec4
    %concat/vec4; draw_string_vec4
    %store/vec4 v0x13f3baf60_0, 0, 320;
    %fork TD_tinker_tb.check_reg, S_0x13f3f3010;
    %join;
    %pushi/vec4 2, 0, 5;
    %store/vec4 v0x13f3baed0_0, 0, 5;
    %pushi/vec4 2, 0, 64;
    %store/vec4 v0x13f3f29f0_0, 0, 64;
    %pushi/vec4 0, 0, 32; draw_string_vec4
    %pushi/vec4 0, 0, 32; draw_string_vec4
    %concat/vec4; draw_string_vec4
    %pushi/vec4 0, 0, 32; draw_string_vec4
    %concat/vec4; draw_string_vec4
    %pushi/vec4 0, 0, 32; draw_string_vec4
    %concat/vec4; draw_string_vec4
    %pushi/vec4 0, 0, 32; draw_string_vec4
    %concat/vec4; draw_string_vec4
    %pushi/vec4 0, 0, 32; draw_string_vec4
    %concat/vec4; draw_string_vec4
    %pushi/vec4 0, 0, 32; draw_string_vec4
    %concat/vec4; draw_string_vec4
    %pushi/vec4 0, 0, 32; draw_string_vec4
    %concat/vec4; draw_string_vec4
    %pushi/vec4 1952805748, 0, 32; draw_string_vec4
    %concat/vec4; draw_string_vec4
    %pushi/vec4 908096050, 0, 32; draw_string_vec4
    %concat/vec4; draw_string_vec4
    %store/vec4 v0x13f3baf60_0, 0, 320;
    %fork TD_tinker_tb.check_reg, S_0x13f3f3010;
    %join;
    %pushi/vec4 3, 0, 5;
    %store/vec4 v0x13f3baed0_0, 0, 5;
    %pushi/vec4 3, 0, 64;
    %store/vec4 v0x13f3f29f0_0, 0, 64;
    %pushi/vec4 0, 0, 32; draw_string_vec4
    %pushi/vec4 0, 0, 32; draw_string_vec4
    %concat/vec4; draw_string_vec4
    %pushi/vec4 0, 0, 32; draw_string_vec4
    %concat/vec4; draw_string_vec4
    %pushi/vec4 0, 0, 32; draw_string_vec4
    %concat/vec4; draw_string_vec4
    %pushi/vec4 0, 0, 32; draw_string_vec4
    %concat/vec4; draw_string_vec4
    %pushi/vec4 0, 0, 32; draw_string_vec4
    %concat/vec4; draw_string_vec4
    %pushi/vec4 0, 0, 32; draw_string_vec4
    %concat/vec4; draw_string_vec4
    %pushi/vec4 0, 0, 32; draw_string_vec4
    %concat/vec4; draw_string_vec4
    %pushi/vec4 1952805748, 0, 32; draw_string_vec4
    %concat/vec4; draw_string_vec4
    %pushi/vec4 908096051, 0, 32; draw_string_vec4
    %concat/vec4; draw_string_vec4
    %store/vec4 v0x13f3baf60_0, 0, 320;
    %fork TD_tinker_tb.check_reg, S_0x13f3f3010;
    %join;
    %pushi/vec4 4, 0, 5;
    %store/vec4 v0x13f3baed0_0, 0, 5;
    %pushi/vec4 4, 0, 64;
    %store/vec4 v0x13f3f29f0_0, 0, 64;
    %pushi/vec4 0, 0, 32; draw_string_vec4
    %pushi/vec4 0, 0, 32; draw_string_vec4
    %concat/vec4; draw_string_vec4
    %pushi/vec4 0, 0, 32; draw_string_vec4
    %concat/vec4; draw_string_vec4
    %pushi/vec4 0, 0, 32; draw_string_vec4
    %concat/vec4; draw_string_vec4
    %pushi/vec4 0, 0, 32; draw_string_vec4
    %concat/vec4; draw_string_vec4
    %pushi/vec4 0, 0, 32; draw_string_vec4
    %concat/vec4; draw_string_vec4
    %pushi/vec4 0, 0, 32; draw_string_vec4
    %concat/vec4; draw_string_vec4
    %pushi/vec4 0, 0, 32; draw_string_vec4
    %concat/vec4; draw_string_vec4
    %pushi/vec4 1952805748, 0, 32; draw_string_vec4
    %concat/vec4; draw_string_vec4
    %pushi/vec4 908096052, 0, 32; draw_string_vec4
    %concat/vec4; draw_string_vec4
    %store/vec4 v0x13f3baf60_0, 0, 320;
    %fork TD_tinker_tb.check_reg, S_0x13f3f3010;
    %join;
    %pushi/vec4 5, 0, 5;
    %store/vec4 v0x13f3baed0_0, 0, 5;
    %pushi/vec4 5, 0, 64;
    %store/vec4 v0x13f3f29f0_0, 0, 64;
    %pushi/vec4 0, 0, 32; draw_string_vec4
    %pushi/vec4 0, 0, 32; draw_string_vec4
    %concat/vec4; draw_string_vec4
    %pushi/vec4 0, 0, 32; draw_string_vec4
    %concat/vec4; draw_string_vec4
    %pushi/vec4 0, 0, 32; draw_string_vec4
    %concat/vec4; draw_string_vec4
    %pushi/vec4 0, 0, 32; draw_string_vec4
    %concat/vec4; draw_string_vec4
    %pushi/vec4 0, 0, 32; draw_string_vec4
    %concat/vec4; draw_string_vec4
    %pushi/vec4 0, 0, 32; draw_string_vec4
    %concat/vec4; draw_string_vec4
    %pushi/vec4 0, 0, 32; draw_string_vec4
    %concat/vec4; draw_string_vec4
    %pushi/vec4 1952805748, 0, 32; draw_string_vec4
    %concat/vec4; draw_string_vec4
    %pushi/vec4 908096053, 0, 32; draw_string_vec4
    %concat/vec4; draw_string_vec4
    %store/vec4 v0x13f3baf60_0, 0, 320;
    %fork TD_tinker_tb.check_reg, S_0x13f3f3010;
    %join;
    %pushi/vec4 6, 0, 5;
    %store/vec4 v0x13f3baed0_0, 0, 5;
    %pushi/vec4 6, 0, 64;
    %store/vec4 v0x13f3f29f0_0, 0, 64;
    %pushi/vec4 0, 0, 32; draw_string_vec4
    %pushi/vec4 0, 0, 32; draw_string_vec4
    %concat/vec4; draw_string_vec4
    %pushi/vec4 0, 0, 32; draw_string_vec4
    %concat/vec4; draw_string_vec4
    %pushi/vec4 0, 0, 32; draw_string_vec4
    %concat/vec4; draw_string_vec4
    %pushi/vec4 0, 0, 32; draw_string_vec4
    %concat/vec4; draw_string_vec4
    %pushi/vec4 0, 0, 32; draw_string_vec4
    %concat/vec4; draw_string_vec4
    %pushi/vec4 0, 0, 32; draw_string_vec4
    %concat/vec4; draw_string_vec4
    %pushi/vec4 0, 0, 32; draw_string_vec4
    %concat/vec4; draw_string_vec4
    %pushi/vec4 1952805748, 0, 32; draw_string_vec4
    %concat/vec4; draw_string_vec4
    %pushi/vec4 908096054, 0, 32; draw_string_vec4
    %concat/vec4; draw_string_vec4
    %store/vec4 v0x13f3baf60_0, 0, 320;
    %fork TD_tinker_tb.check_reg, S_0x13f3f3010;
    %join;
    %pushi/vec4 0, 0, 32; draw_string_vec4
    %pushi/vec4 0, 0, 32; draw_string_vec4
    %concat/vec4; draw_string_vec4
    %pushi/vec4 0, 0, 32; draw_string_vec4
    %concat/vec4; draw_string_vec4
    %pushi/vec4 0, 0, 32; draw_string_vec4
    %concat/vec4; draw_string_vec4
    %pushi/vec4 0, 0, 32; draw_string_vec4
    %concat/vec4; draw_string_vec4
    %pushi/vec4 0, 0, 32; draw_string_vec4
    %concat/vec4; draw_string_vec4
    %pushi/vec4 0, 0, 32; draw_string_vec4
    %concat/vec4; draw_string_vec4
    %pushi/vec4 0, 0, 32; draw_string_vec4
    %concat/vec4; draw_string_vec4
    %pushi/vec4 116, 0, 32; draw_string_vec4
    %concat/vec4; draw_string_vec4
    %pushi/vec4 1702065206, 0, 32; draw_string_vec4
    %concat/vec4; draw_string_vec4
    %store/vec4 v0x13f2e0fc0_0, 0, 320;
    %fork TD_tinker_tb.check_hlt, S_0x13f3e45c0;
    %join;
    %end;
    .scope S_0x13f2db0e0;
T_33 ;
    %wait E_0x13f118150;
    %load/vec4 v0x13f244ec0_0;
    %load/vec4 v0x13f223c70_0;
    %or;
    %flag_set/vec4 8;
    %jmp/0xz  T_33.0, 8;
    %pushi/vec4 4293918720, 0, 33;
    %concati/vec4 0, 0, 31;
    %store/vec4 v0x13f3d1fd0_0, 0, 64;
    %jmp T_33.1;
T_33.0 ;
    %load/vec4 v0x13f245da0_0;
    %load/vec4 v0x13f223be0_0;
    %or;
    %flag_set/vec4 8;
    %jmp/0xz  T_33.2, 8;
    %load/vec4 v0x13f245da0_0;
    %load/vec4 v0x13f223be0_0;
    %and;
    %load/vec4 v0x13f245d10_0;
    %parti/s 1, 63, 7;
    %load/vec4 v0x13f2257d0_0;
    %parti/s 1, 63, 7;
    %xor;
    %and;
    %flag_set/vec4 8;
    %jmp/0xz  T_33.4, 8;
    %pushi/vec4 4294443008, 0, 32;
    %concati/vec4 0, 0, 32;
    %store/vec4 v0x13f3d1fd0_0, 0, 64;
    %jmp T_33.5;
T_33.4 ;
    %load/vec4 v0x13f245da0_0;
    %load/vec4 v0x13f223be0_0;
    %inv;
    %and;
    %flag_set/vec4 8;
    %jmp/0xz  T_33.6, 8;
    %load/vec4 v0x13f245d10_0;
    %store/vec4 v0x13f3d1fd0_0, 0, 64;
    %jmp T_33.7;
T_33.6 ;
    %load/vec4 v0x13f245da0_0;
    %inv;
    %load/vec4 v0x13f223be0_0;
    %and;
    %flag_set/vec4 8;
    %jmp/0xz  T_33.8, 8;
    %load/vec4 v0x13f2257d0_0;
    %store/vec4 v0x13f3d1fd0_0, 0, 64;
    %jmp T_33.9;
T_33.8 ;
    %load/vec4 v0x13f245d10_0;
    %store/vec4 v0x13f3d1fd0_0, 0, 64;
T_33.9 ;
T_33.7 ;
T_33.5 ;
    %jmp T_33.3;
T_33.2 ;
    %load/vec4 v0x13f227090_0;
    %load/vec4 v0x13f2223b0_0;
    %and;
    %flag_set/vec4 8;
    %jmp/0xz  T_33.10, 8;
    %load/vec4 v0x13f245d10_0;
    %parti/s 1, 63, 7;
    %load/vec4 v0x13f2257d0_0;
    %parti/s 1, 63, 7;
    %and;
    %concati/vec4 0, 0, 63;
    %store/vec4 v0x13f3d1fd0_0, 0, 64;
    %jmp T_33.11;
T_33.10 ;
    %load/vec4 v0x13f227090_0;
    %flag_set/vec4 8;
    %jmp/0xz  T_33.12, 8;
    %load/vec4 v0x13f2257d0_0;
    %store/vec4 v0x13f3d1fd0_0, 0, 64;
    %jmp T_33.13;
T_33.12 ;
    %load/vec4 v0x13f2223b0_0;
    %flag_set/vec4 8;
    %jmp/0xz  T_33.14, 8;
    %load/vec4 v0x13f245d10_0;
    %store/vec4 v0x13f3d1fd0_0, 0, 64;
    %jmp T_33.15;
T_33.14 ;
    %load/vec4 v0x13f244f50_0;
    %flag_set/vec4 8;
    %jmp/0 T_33.16, 8;
    %load/vec4 v0x13f245d10_0;
    %parti/s 11, 52, 7;
    %pad/u 13;
    %jmp/1 T_33.17, 8;
T_33.16 ; End of true expr.
    %pushi/vec4 1, 0, 13;
    %jmp/0 T_33.17, 8;
 ; End of false expr.
    %blend;
T_33.17;
    %store/vec4 v0x13f30ab90_0, 0, 13;
    %load/vec4 v0x13f223200_0;
    %flag_set/vec4 8;
    %jmp/0 T_33.18, 8;
    %load/vec4 v0x13f2257d0_0;
    %parti/s 11, 52, 7;
    %pad/u 13;
    %jmp/1 T_33.19, 8;
T_33.18 ; End of true expr.
    %pushi/vec4 1, 0, 13;
    %jmp/0 T_33.19, 8;
 ; End of false expr.
    %blend;
T_33.19;
    %store/vec4 v0x13f30ac20_0, 0, 13;
    %load/vec4 v0x13f30ac20_0;
    %load/vec4 v0x13f30ab90_0;
    %cmp/s;
    %jmp/0xz  T_33.20, 5;
    %load/vec4 v0x13f244f50_0;
    %load/vec4 v0x13f245d10_0;
    %parti/s 52, 0, 2;
    %concat/vec4; draw_concat_vec4
    %store/vec4 v0x13f2266b0_0, 0, 53;
    %load/vec4 v0x13f223200_0;
    %load/vec4 v0x13f2257d0_0;
    %parti/s 52, 0, 2;
    %concat/vec4; draw_concat_vec4
    %store/vec4 v0x13f226620_0, 0, 53;
    %load/vec4 v0x13f245d10_0;
    %parti/s 1, 63, 7;
    %store/vec4 v0x13f3cf620_0, 0, 1;
    %load/vec4 v0x13f30ab90_0;
    %store/vec4 v0x13f3089f0_0, 0, 13;
    %load/vec4 v0x13f30ab90_0;
    %load/vec4 v0x13f30ac20_0;
    %sub;
    %store/vec4 v0x13f3d1180_0, 0, 13;
    %jmp T_33.21;
T_33.20 ;
    %load/vec4 v0x13f30ab90_0;
    %load/vec4 v0x13f30ac20_0;
    %cmp/s;
    %jmp/0xz  T_33.22, 5;
    %load/vec4 v0x13f223200_0;
    %load/vec4 v0x13f2257d0_0;
    %parti/s 52, 0, 2;
    %concat/vec4; draw_concat_vec4
    %store/vec4 v0x13f2266b0_0, 0, 53;
    %load/vec4 v0x13f244f50_0;
    %load/vec4 v0x13f245d10_0;
    %parti/s 52, 0, 2;
    %concat/vec4; draw_concat_vec4
    %store/vec4 v0x13f226620_0, 0, 53;
    %load/vec4 v0x13f2257d0_0;
    %parti/s 1, 63, 7;
    %store/vec4 v0x13f3cf620_0, 0, 1;
    %load/vec4 v0x13f30ac20_0;
    %store/vec4 v0x13f3089f0_0, 0, 13;
    %load/vec4 v0x13f30ac20_0;
    %load/vec4 v0x13f30ab90_0;
    %sub;
    %store/vec4 v0x13f3d1180_0, 0, 13;
    %jmp T_33.23;
T_33.22 ;
    %pushi/vec4 0, 0, 13;
    %store/vec4 v0x13f3d1180_0, 0, 13;
    %load/vec4 v0x13f30ab90_0;
    %store/vec4 v0x13f3089f0_0, 0, 13;
    %load/vec4 v0x13f245d10_0;
    %parti/s 1, 63, 7;
    %load/vec4 v0x13f2257d0_0;
    %parti/s 1, 63, 7;
    %cmp/e;
    %jmp/0xz  T_33.24, 4;
    %load/vec4 v0x13f245d10_0;
    %parti/s 1, 63, 7;
    %store/vec4 v0x13f3cf620_0, 0, 1;
    %load/vec4 v0x13f244f50_0;
    %load/vec4 v0x13f245d10_0;
    %parti/s 52, 0, 2;
    %concat/vec4; draw_concat_vec4
    %store/vec4 v0x13f2266b0_0, 0, 53;
    %load/vec4 v0x13f223200_0;
    %load/vec4 v0x13f2257d0_0;
    %parti/s 52, 0, 2;
    %concat/vec4; draw_concat_vec4
    %store/vec4 v0x13f226620_0, 0, 53;
    %jmp T_33.25;
T_33.24 ;
    %load/vec4 v0x13f2257d0_0;
    %parti/s 52, 0, 2;
    %load/vec4 v0x13f245d10_0;
    %parti/s 52, 0, 2;
    %cmp/u;
    %jmp/0xz  T_33.26, 5;
    %load/vec4 v0x13f245d10_0;
    %parti/s 1, 63, 7;
    %store/vec4 v0x13f3cf620_0, 0, 1;
    %load/vec4 v0x13f244f50_0;
    %load/vec4 v0x13f245d10_0;
    %parti/s 52, 0, 2;
    %concat/vec4; draw_concat_vec4
    %store/vec4 v0x13f2266b0_0, 0, 53;
    %load/vec4 v0x13f223200_0;
    %load/vec4 v0x13f2257d0_0;
    %parti/s 52, 0, 2;
    %concat/vec4; draw_concat_vec4
    %store/vec4 v0x13f226620_0, 0, 53;
    %jmp T_33.27;
T_33.26 ;
    %load/vec4 v0x13f245d10_0;
    %parti/s 52, 0, 2;
    %load/vec4 v0x13f2257d0_0;
    %parti/s 52, 0, 2;
    %cmp/u;
    %jmp/0xz  T_33.28, 5;
    %load/vec4 v0x13f2257d0_0;
    %parti/s 1, 63, 7;
    %store/vec4 v0x13f3cf620_0, 0, 1;
    %load/vec4 v0x13f223200_0;
    %load/vec4 v0x13f2257d0_0;
    %parti/s 52, 0, 2;
    %concat/vec4; draw_concat_vec4
    %store/vec4 v0x13f2266b0_0, 0, 53;
    %load/vec4 v0x13f244f50_0;
    %load/vec4 v0x13f245d10_0;
    %parti/s 52, 0, 2;
    %concat/vec4; draw_concat_vec4
    %store/vec4 v0x13f226620_0, 0, 53;
    %jmp T_33.29;
T_33.28 ;
    %pushi/vec4 0, 0, 1;
    %store/vec4 v0x13f3cf620_0, 0, 1;
    %load/vec4 v0x13f223200_0;
    %load/vec4 v0x13f2257d0_0;
    %parti/s 52, 0, 2;
    %concat/vec4; draw_concat_vec4
    %store/vec4 v0x13f2266b0_0, 0, 53;
    %load/vec4 v0x13f244f50_0;
    %load/vec4 v0x13f245d10_0;
    %parti/s 52, 0, 2;
    %concat/vec4; draw_concat_vec4
    %store/vec4 v0x13f226620_0, 0, 53;
T_33.29 ;
T_33.27 ;
T_33.25 ;
T_33.23 ;
T_33.21 ;
    %load/vec4 v0x13f2266b0_0;
    %concati/vec4 0, 0, 3;
    %store/vec4 v0x13f3d29b0_0, 0, 56;
    %load/vec4 v0x13f226620_0;
    %concati/vec4 0, 0, 3;
    %store/vec4 v0x13f308a80_0, 0, 56;
    %load/vec4 v0x13f3d1180_0;
    %pad/s 32;
    %cmpi/e 0, 0, 32;
    %flag_mov 8, 4;
    %jmp/0 T_33.30, 8;
    %pushi/vec4 0, 0, 1;
    %jmp/1 T_33.31, 8;
T_33.30 ; End of true expr.
    %load/vec4 v0x13f308a80_0;
    %pushi/vec4 56, 0, 32;
    %load/vec4 v0x13f3d1180_0;
    %pad/s 32;
    %sub;
    %ix/vec4 4;
    %shiftl 4;
    %or/r;
    %jmp/0 T_33.31, 8;
 ; End of false expr.
    %blend;
T_33.31;
    %store/vec4 v0x13f3cebb0_0, 0, 1;
    %load/vec4 v0x13f308a80_0;
    %load/vec4 v0x13f3d1180_0;
    %ix/vec4 4;
    %shiftr 4;
    %store/vec4 v0x13f308a80_0, 0, 56;
    %load/vec4 v0x13f245d10_0;
    %parti/s 1, 63, 7;
    %load/vec4 v0x13f2257d0_0;
    %parti/s 1, 63, 7;
    %cmp/e;
    %jmp/0xz  T_33.32, 4;
    %load/vec4 v0x13f3d29b0_0;
    %pad/u 57;
    %load/vec4 v0x13f308a80_0;
    %pad/u 57;
    %add;
    %store/vec4 v0x13f3cec40_0, 0, 57;
    %load/vec4 v0x13f3cec40_0;
    %parti/s 1, 56, 7;
    %flag_set/vec4 8;
    %jmp/0xz  T_33.34, 8;
    %load/vec4 v0x13f3089f0_0;
    %addi 1, 0, 13;
    %store/vec4 v0x13f3089f0_0, 0, 13;
    %load/vec4 v0x13f3cebb0_0;
    %load/vec4 v0x13f3cec40_0;
    %parti/s 1, 0, 2;
    %or;
    %store/vec4 v0x13f3cebb0_0, 0, 1;
    %load/vec4 v0x13f3cec40_0;
    %ix/load 4, 1, 0;
    %flag_set/imm 4, 0;
    %shiftr 4;
    %store/vec4 v0x13f3cec40_0, 0, 57;
T_33.34 ;
    %load/vec4 v0x13f3cec40_0;
    %parti/s 1, 2, 3;
    %store/vec4 v0x13f3d2a40_0, 0, 1;
    %load/vec4 v0x13f3cec40_0;
    %parti/s 1, 1, 2;
    %store/vec4 v0x13f3d2060_0, 0, 1;
    %load/vec4 v0x13f3cebb0_0;
    %load/vec4 v0x13f3cec40_0;
    %parti/s 1, 0, 2;
    %or;
    %store/vec4 v0x13f3cebb0_0, 0, 1;
    %load/vec4 v0x13f3cec40_0;
    %parti/s 53, 3, 3;
    %store/vec4 v0x13f3cf590_0, 0, 53;
    %load/vec4 v0x13f3d2a40_0;
    %load/vec4 v0x13f3d2060_0;
    %load/vec4 v0x13f3cec40_0;
    %parti/s 1, 3, 3;
    %or;
    %load/vec4 v0x13f3cebb0_0;
    %or;
    %and;
    %flag_set/vec4 8;
    %jmp/0xz  T_33.36, 8;
    %load/vec4 v0x13f3cf590_0;
    %addi 1, 0, 53;
    %store/vec4 v0x13f3cf590_0, 0, 53;
    %load/vec4 v0x13f3cf590_0;
    %cmpi/e 0, 0, 53;
    %jmp/0xz  T_33.38, 4;
    %load/vec4 v0x13f3089f0_0;
    %addi 1, 0, 13;
    %store/vec4 v0x13f3089f0_0, 0, 13;
    %pushi/vec4 2147483648, 0, 32;
    %concati/vec4 0, 0, 21;
    %store/vec4 v0x13f3cf590_0, 0, 53;
T_33.38 ;
T_33.36 ;
    %load/vec4 v0x13f3089f0_0;
    %pad/s 32;
    %cmpi/s 2047, 0, 32;
    %flag_inv 5; GE is !LT
    %jmp/0xz  T_33.40, 5;
    %load/vec4 v0x13f3cf620_0;
    %concati/vec4 2047, 0, 11;
    %concati/vec4 0, 0, 52;
    %store/vec4 v0x13f3d1fd0_0, 0, 64;
    %jmp T_33.41;
T_33.40 ;
    %load/vec4 v0x13f3089f0_0;
    %pad/s 32;
    %cmpi/s 4294966222, 0, 32;
    %jmp/0xz  T_33.42, 5;
    %load/vec4 v0x13f3cf620_0;
    %concati/vec4 0, 0, 63;
    %store/vec4 v0x13f3d1fd0_0, 0, 64;
    %jmp T_33.43;
T_33.42 ;
    %load/vec4 v0x13f3089f0_0;
    %pad/s 32;
    %cmpi/s 0, 0, 32;
    %flag_or 5, 4;
    %jmp/0xz  T_33.44, 5;
    %pushi/vec4 1, 0, 13;
    %load/vec4 v0x13f3089f0_0;
    %sub;
    %store/vec4 v0x13f3d1210_0, 0, 13;
    %load/vec4 v0x13f3d1210_0;
    %pad/u 32;
    %cmpi/u 53, 0, 32;
    %jmp/0xz  T_33.46, 5;
    %load/vec4 v0x13f3cf590_0;
    %ix/getv 4, v0x13f3d1210_0;
    %shiftr 4;
    %store/vec4 v0x13f3cf590_0, 0, 53;
    %load/vec4 v0x13f3cf620_0;
    %concati/vec4 0, 0, 11;
    %load/vec4 v0x13f3cf590_0;
    %parti/s 52, 0, 2;
    %concat/vec4; draw_concat_vec4
    %store/vec4 v0x13f3d1fd0_0, 0, 64;
    %jmp T_33.47;
T_33.46 ;
    %load/vec4 v0x13f3cf620_0;
    %concati/vec4 0, 0, 63;
    %store/vec4 v0x13f3d1fd0_0, 0, 64;
T_33.47 ;
    %jmp T_33.45;
T_33.44 ;
    %load/vec4 v0x13f3cf620_0;
    %load/vec4 v0x13f3089f0_0;
    %parti/s 11, 0, 2;
    %concat/vec4; draw_concat_vec4
    %load/vec4 v0x13f3cf590_0;
    %parti/s 52, 0, 2;
    %concat/vec4; draw_concat_vec4
    %store/vec4 v0x13f3d1fd0_0, 0, 64;
T_33.45 ;
T_33.43 ;
T_33.41 ;
    %jmp T_33.33;
T_33.32 ;
    %load/vec4 v0x13f3d29b0_0;
    %pad/u 57;
    %load/vec4 v0x13f308a80_0;
    %pad/u 57;
    %sub;
    %store/vec4 v0x13f222440_0, 0, 57;
    %load/vec4 v0x13f222440_0;
    %cmpi/e 0, 0, 57;
    %jmp/0xz  T_33.48, 4;
    %load/vec4 v0x13f3cf620_0;
    %concati/vec4 0, 0, 63;
    %store/vec4 v0x13f3d1fd0_0, 0, 64;
    %jmp T_33.49;
T_33.48 ;
    %load/vec4 v0x13f222440_0;
    %parti/s 56, 0, 2;
    %store/vec4 v0x13f246780_0, 0, 56;
    %callf/vec4 TD_ALU.fpu_add_unit.count_leading_zeros, S_0x13f249130;
    %pad/u 13;
    %store/vec4 v0x13f3d1210_0, 0, 13;
    %load/vec4 v0x13f3d1210_0;
    %load/vec4 v0x13f3089f0_0;
    %cmp/u;
    %jmp/0xz  T_33.50, 5;
    %load/vec4 v0x13f3089f0_0;
    %load/vec4 v0x13f3d1210_0;
    %sub;
    %store/vec4 v0x13f3089f0_0, 0, 13;
    %load/vec4 v0x13f222440_0;
    %ix/getv 4, v0x13f3d1210_0;
    %shiftl 4;
    %store/vec4 v0x13f222440_0, 0, 57;
    %jmp T_33.51;
T_33.50 ;
    %load/vec4 v0x13f222440_0;
    %load/vec4 v0x13f3089f0_0;
    %pad/s 32;
    %subi 1, 0, 32;
    %ix/vec4 4;
    %shiftl 4;
    %store/vec4 v0x13f222440_0, 0, 57;
    %pushi/vec4 0, 0, 13;
    %store/vec4 v0x13f3089f0_0, 0, 13;
T_33.51 ;
    %load/vec4 v0x13f222440_0;
    %parti/s 1, 2, 3;
    %store/vec4 v0x13f3d2a40_0, 0, 1;
    %load/vec4 v0x13f222440_0;
    %parti/s 1, 1, 2;
    %store/vec4 v0x13f3d2060_0, 0, 1;
    %load/vec4 v0x13f3cebb0_0;
    %load/vec4 v0x13f222440_0;
    %parti/s 1, 0, 2;
    %or;
    %store/vec4 v0x13f3cebb0_0, 0, 1;
    %load/vec4 v0x13f222440_0;
    %parti/s 53, 3, 3;
    %store/vec4 v0x13f3cf590_0, 0, 53;
    %load/vec4 v0x13f3d2a40_0;
    %load/vec4 v0x13f3d2060_0;
    %load/vec4 v0x13f222440_0;
    %parti/s 1, 3, 3;
    %or;
    %load/vec4 v0x13f3cebb0_0;
    %or;
    %and;
    %flag_set/vec4 8;
    %jmp/0xz  T_33.52, 8;
    %load/vec4 v0x13f3cf590_0;
    %addi 1, 0, 53;
    %store/vec4 v0x13f3cf590_0, 0, 53;
    %load/vec4 v0x13f3cf590_0;
    %cmpi/e 0, 0, 53;
    %jmp/0xz  T_33.54, 4;
    %load/vec4 v0x13f3089f0_0;
    %addi 1, 0, 13;
    %store/vec4 v0x13f3089f0_0, 0, 13;
    %pushi/vec4 2147483648, 0, 32;
    %concati/vec4 0, 0, 21;
    %store/vec4 v0x13f3cf590_0, 0, 53;
T_33.54 ;
T_33.52 ;
    %load/vec4 v0x13f3089f0_0;
    %pad/s 32;
    %cmpi/s 4294966222, 0, 32;
    %jmp/0xz  T_33.56, 5;
    %load/vec4 v0x13f3cf620_0;
    %concati/vec4 0, 0, 63;
    %store/vec4 v0x13f3d1fd0_0, 0, 64;
    %jmp T_33.57;
T_33.56 ;
    %load/vec4 v0x13f3cf620_0;
    %load/vec4 v0x13f3089f0_0;
    %parti/s 11, 0, 2;
    %concat/vec4; draw_concat_vec4
    %load/vec4 v0x13f3cf590_0;
    %parti/s 52, 0, 2;
    %concat/vec4; draw_concat_vec4
    %store/vec4 v0x13f3d1fd0_0, 0, 64;
T_33.57 ;
T_33.49 ;
T_33.33 ;
T_33.15 ;
T_33.13 ;
T_33.11 ;
T_33.3 ;
T_33.1 ;
    %jmp T_33;
    .thread T_33, $push;
    .scope S_0x13f520590;
T_34 ;
    %wait E_0x13f396a80;
    %load/vec4 v0x13f308450_0;
    %load/vec4 v0x13f3cd7b0_0;
    %or;
    %flag_set/vec4 8;
    %jmp/0xz  T_34.0, 8;
    %pushi/vec4 4293918720, 0, 33;
    %concati/vec4 0, 0, 31;
    %store/vec4 v0x13f3efcf0_0, 0, 64;
    %jmp T_34.1;
T_34.0 ;
    %load/vec4 v0x13f349330_0;
    %load/vec4 v0x13f3e1ee0_0;
    %and;
    %load/vec4 v0x13f3d0c60_0;
    %load/vec4 v0x13f3ffcf0_0;
    %and;
    %or;
    %flag_set/vec4 8;
    %jmp/0xz  T_34.2, 8;
    %pushi/vec4 4293918720, 0, 33;
    %concati/vec4 0, 0, 31;
    %store/vec4 v0x13f3efcf0_0, 0, 64;
    %jmp T_34.3;
T_34.2 ;
    %load/vec4 v0x13f349330_0;
    %load/vec4 v0x13f3e1ee0_0;
    %inv;
    %and;
    %load/vec4 v0x13f3ffcf0_0;
    %inv;
    %load/vec4 v0x13f3d0c60_0;
    %and;
    %or;
    %flag_set/vec4 8;
    %jmp/0xz  T_34.4, 8;
    %load/vec4 v0x13f3492a0_0;
    %parti/s 1, 63, 7;
    %load/vec4 v0x13f3d0bd0_0;
    %parti/s 1, 63, 7;
    %xor;
    %concati/vec4 2047, 0, 11;
    %concati/vec4 0, 0, 52;
    %store/vec4 v0x13f3efcf0_0, 0, 64;
    %jmp T_34.5;
T_34.4 ;
    %load/vec4 v0x13f3ffcf0_0;
    %load/vec4 v0x13f3e1ee0_0;
    %or;
    %flag_set/vec4 8;
    %jmp/0xz  T_34.6, 8;
    %load/vec4 v0x13f3492a0_0;
    %parti/s 1, 63, 7;
    %load/vec4 v0x13f3d0bd0_0;
    %parti/s 1, 63, 7;
    %xor;
    %concati/vec4 0, 0, 63;
    %store/vec4 v0x13f3efcf0_0, 0, 64;
    %jmp T_34.7;
T_34.6 ;
    %pushi/vec4 0, 0, 64;
    %store/vec4 v0x13f3efcf0_0, 0, 64;
    %load/vec4 v0x13f3492a0_0;
    %parti/s 1, 63, 7;
    %load/vec4 v0x13f3d0bd0_0;
    %parti/s 1, 63, 7;
    %xor;
    %ix/load 4, 63, 0;
    %flag_set/imm 4, 0;
    %store/vec4 v0x13f3efcf0_0, 4, 1;
    %load/vec4 v0x13f3084e0_0;
    %load/vec4 v0x13f3492a0_0;
    %parti/s 52, 0, 2;
    %concat/vec4; draw_concat_vec4
    %store/vec4 v0x13f3b81d0_0, 0, 53;
    %load/vec4 v0x13f3e5300_0;
    %load/vec4 v0x13f3d0bd0_0;
    %parti/s 52, 0, 2;
    %concat/vec4; draw_concat_vec4
    %store/vec4 v0x13f329ec0_0, 0, 53;
    %load/vec4 v0x13f3084e0_0;
    %flag_set/vec4 8;
    %jmp/0xz  T_34.8, 8;
    %load/vec4 v0x13f3492a0_0;
    %parti/s 11, 52, 7;
    %pad/u 13;
    %subi 1023, 0, 13;
    %store/vec4 v0x13f3e1f70_0, 0, 13;
    %jmp T_34.9;
T_34.8 ;
    %load/vec4 v0x13f3b81d0_0;
    %store/vec4 v0x13f349a00_0, 0, 53;
    %callf/vec4 TD_ALU.fpu_mul_unit.count_leading_zeros, S_0x13f359f70;
    %store/vec4 v0x13f3bb5f0_0, 0, 6;
    %load/vec4 v0x13f3b81d0_0;
    %ix/getv 4, v0x13f3bb5f0_0;
    %shiftl 4;
    %store/vec4 v0x13f3b81d0_0, 0, 53;
    %pushi/vec4 7170, 0, 13;
    %load/vec4 v0x13f3bb5f0_0;
    %pad/u 13;
    %sub;
    %store/vec4 v0x13f3e1f70_0, 0, 13;
T_34.9 ;
    %load/vec4 v0x13f3e5300_0;
    %flag_set/vec4 8;
    %jmp/0xz  T_34.10, 8;
    %load/vec4 v0x13f3d0bd0_0;
    %parti/s 11, 52, 7;
    %pad/u 13;
    %subi 1023, 0, 13;
    %store/vec4 v0x13f3f36a0_0, 0, 13;
    %jmp T_34.11;
T_34.10 ;
    %load/vec4 v0x13f329ec0_0;
    %store/vec4 v0x13f349a00_0, 0, 53;
    %callf/vec4 TD_ALU.fpu_mul_unit.count_leading_zeros, S_0x13f359f70;
    %store/vec4 v0x13f3bb5f0_0, 0, 6;
    %load/vec4 v0x13f329ec0_0;
    %ix/getv 4, v0x13f3bb5f0_0;
    %shiftl 4;
    %store/vec4 v0x13f329ec0_0, 0, 53;
    %pushi/vec4 7170, 0, 13;
    %load/vec4 v0x13f3bb5f0_0;
    %pad/u 13;
    %sub;
    %store/vec4 v0x13f3f36a0_0, 0, 13;
T_34.11 ;
    %load/vec4 v0x13f3e1f70_0;
    %load/vec4 v0x13f3f36a0_0;
    %add;
    %addi 1023, 0, 13;
    %store/vec4 v0x13f3f3730_0, 0, 13;
    %load/vec4 v0x13f3b81d0_0;
    %pad/u 106;
    %load/vec4 v0x13f329ec0_0;
    %pad/u 106;
    %mul;
    %store/vec4 v0x13f3295f0_0, 0, 106;
    %load/vec4 v0x13f3295f0_0;
    %parti/s 1, 105, 8;
    %flag_set/vec4 8;
    %jmp/0xz  T_34.12, 8;
    %load/vec4 v0x13f3f3730_0;
    %addi 1, 0, 13;
    %store/vec4 v0x13f3f3730_0, 0, 13;
    %load/vec4 v0x13f3295f0_0;
    %ix/load 4, 1, 0;
    %flag_set/imm 4, 0;
    %shiftr 4;
    %store/vec4 v0x13f3295f0_0, 0, 106;
T_34.12 ;
    %load/vec4 v0x13f3295f0_0;
    %parti/s 53, 52, 7;
    %store/vec4 v0x13f329f50_0, 0, 53;
    %load/vec4 v0x13f3295f0_0;
    %parti/s 1, 51, 7;
    %store/vec4 v0x13f3efc60_0, 0, 1;
    %load/vec4 v0x13f3295f0_0;
    %parti/s 1, 50, 7;
    %store/vec4 v0x13f3bb560_0, 0, 1;
    %load/vec4 v0x13f3295f0_0;
    %parti/s 50, 0, 2;
    %or/r;
    %store/vec4 v0x13f328950_0, 0, 1;
    %load/vec4 v0x13f3efc60_0;
    %load/vec4 v0x13f3bb560_0;
    %load/vec4 v0x13f329f50_0;
    %parti/s 1, 0, 2;
    %or;
    %load/vec4 v0x13f328950_0;
    %or;
    %and;
    %flag_set/vec4 8;
    %jmp/0xz  T_34.14, 8;
    %load/vec4 v0x13f329f50_0;
    %addi 1, 0, 53;
    %store/vec4 v0x13f329f50_0, 0, 53;
    %load/vec4 v0x13f329f50_0;
    %cmpi/e 0, 0, 53;
    %jmp/0xz  T_34.16, 4;
    %load/vec4 v0x13f3f3730_0;
    %addi 1, 0, 13;
    %store/vec4 v0x13f3f3730_0, 0, 13;
    %pushi/vec4 2147483648, 0, 32;
    %concati/vec4 0, 0, 21;
    %store/vec4 v0x13f329f50_0, 0, 53;
T_34.16 ;
T_34.14 ;
    %load/vec4 v0x13f3492a0_0;
    %parti/s 1, 63, 7;
    %load/vec4 v0x13f3d0bd0_0;
    %parti/s 1, 63, 7;
    %xor;
    %store/vec4 v0x13f329680_0, 0, 1;
    %load/vec4 v0x13f3f3730_0;
    %pad/s 32;
    %cmpi/s 2047, 0, 32;
    %flag_inv 5; GE is !LT
    %jmp/0xz  T_34.18, 5;
    %load/vec4 v0x13f329680_0;
    %concati/vec4 2047, 0, 11;
    %concati/vec4 0, 0, 52;
    %store/vec4 v0x13f3efcf0_0, 0, 64;
    %jmp T_34.19;
T_34.18 ;
    %load/vec4 v0x13f3f3730_0;
    %pad/s 32;
    %cmpi/s 0, 0, 32;
    %flag_or 5, 4;
    %jmp/0xz  T_34.20, 5;
    %pushi/vec4 1, 0, 13;
    %load/vec4 v0x13f3f3730_0;
    %sub;
    %store/vec4 v0x13f3b8140_0, 0, 13;
    %load/vec4 v0x13f3b8140_0;
    %pad/s 32;
    %cmpi/s 53, 0, 32;
    %jmp/0xz  T_34.22, 5;
    %load/vec4 v0x13f329f50_0;
    %load/vec4 v0x13f3b8140_0;
    %ix/vec4 4;
    %shiftr 4;
    %store/vec4 v0x13f329f50_0, 0, 53;
    %load/vec4 v0x13f329680_0;
    %concati/vec4 0, 0, 11;
    %load/vec4 v0x13f329f50_0;
    %parti/s 52, 0, 2;
    %concat/vec4; draw_concat_vec4
    %store/vec4 v0x13f3efcf0_0, 0, 64;
    %jmp T_34.23;
T_34.22 ;
    %load/vec4 v0x13f329680_0;
    %concati/vec4 0, 0, 63;
    %store/vec4 v0x13f3efcf0_0, 0, 64;
T_34.23 ;
    %jmp T_34.21;
T_34.20 ;
    %load/vec4 v0x13f329680_0;
    %load/vec4 v0x13f3f3730_0;
    %parti/s 11, 0, 2;
    %concat/vec4; draw_concat_vec4
    %load/vec4 v0x13f329f50_0;
    %parti/s 52, 0, 2;
    %concat/vec4; draw_concat_vec4
    %store/vec4 v0x13f3efcf0_0, 0, 64;
T_34.21 ;
T_34.19 ;
T_34.7 ;
T_34.5 ;
T_34.3 ;
T_34.1 ;
    %jmp T_34;
    .thread T_34, $push;
    .scope S_0x13f3cdd60;
T_35 ;
    %wait E_0x13f3d12b0;
    %load/vec4 v0x13f382c80_0;
    %parti/s 1, 63, 7;
    %load/vec4 v0x13f39a7f0_0;
    %parti/s 1, 63, 7;
    %xor;
    %store/vec4 v0x13f3709f0_0, 0, 1;
    %load/vec4 v0x13f3822a0_0;
    %load/vec4 v0x13f399e10_0;
    %or;
    %flag_set/vec4 8;
    %jmp/0xz  T_35.0, 8;
    %pushi/vec4 4293918720, 0, 33;
    %concati/vec4 0, 0, 31;
    %store/vec4 v0x13f3a56e0_0, 0, 64;
    %jmp T_35.1;
T_35.0 ;
    %load/vec4 v0x13f382210_0;
    %load/vec4 v0x13f399d80_0;
    %and;
    %flag_set/vec4 8;
    %jmp/0xz  T_35.2, 8;
    %pushi/vec4 4294443008, 0, 32;
    %concati/vec4 0, 0, 32;
    %store/vec4 v0x13f3a56e0_0, 0, 64;
    %jmp T_35.3;
T_35.2 ;
    %load/vec4 v0x13f382210_0;
    %flag_set/vec4 8;
    %jmp/0xz  T_35.4, 8;
    %load/vec4 v0x13f3709f0_0;
    %concati/vec4 2047, 0, 11;
    %concati/vec4 0, 0, 52;
    %store/vec4 v0x13f3a56e0_0, 0, 64;
    %jmp T_35.5;
T_35.4 ;
    %load/vec4 v0x13f3973d0_0;
    %flag_set/vec4 8;
    %jmp/0xz  T_35.6, 8;
    %pushi/vec4 4293918720, 0, 33;
    %concati/vec4 0, 0, 31;
    %store/vec4 v0x13f3a56e0_0, 0, 64;
    %jmp T_35.7;
T_35.6 ;
    %load/vec4 v0x13f39a760_0;
    %flag_set/vec4 8;
    %jmp/0xz  T_35.8, 8;
    %load/vec4 v0x13f3709f0_0;
    %concati/vec4 0, 0, 63;
    %store/vec4 v0x13f3a56e0_0, 0, 64;
    %jmp T_35.9;
T_35.8 ;
    %load/vec4 v0x13f399d80_0;
    %flag_set/vec4 8;
    %jmp/0xz  T_35.10, 8;
    %load/vec4 v0x13f3709f0_0;
    %concati/vec4 0, 0, 63;
    %store/vec4 v0x13f3a56e0_0, 0, 64;
    %jmp T_35.11;
T_35.10 ;
    %load/vec4 v0x13f3813c0_0;
    %load/vec4 v0x13f382c80_0;
    %parti/s 52, 0, 2;
    %concat/vec4; draw_concat_vec4
    %store/vec4 v0x13f3a3eb0_0, 0, 53;
    %load/vec4 v0x13f398fb0_0;
    %load/vec4 v0x13f39a7f0_0;
    %parti/s 52, 0, 2;
    %concat/vec4; draw_concat_vec4
    %store/vec4 v0x13f3a3f40_0, 0, 53;
    %load/vec4 v0x13f3813c0_0;
    %flag_set/vec4 8;
    %jmp/0xz  T_35.12, 8;
    %load/vec4 v0x13f382c80_0;
    %parti/s 11, 52, 7;
    %pad/u 13;
    %subi 1023, 0, 13;
    %store/vec4 v0x13f3969f0_0, 0, 13;
    %jmp T_35.13;
T_35.12 ;
    %load/vec4 v0x13f3a3eb0_0;
    %store/vec4 v0x13f382bf0_0, 0, 53;
    %callf/vec4 TD_ALU.fpu_div_unit.count_leading_zeros, S_0x13f386010;
    %store/vec4 v0x13f3a4d00_0, 0, 6;
    %load/vec4 v0x13f3a3eb0_0;
    %ix/getv 4, v0x13f3a4d00_0;
    %shiftl 4;
    %store/vec4 v0x13f3a3eb0_0, 0, 53;
    %pushi/vec4 7170, 0, 13;
    %load/vec4 v0x13f3a4d00_0;
    %pad/u 13;
    %sub;
    %store/vec4 v0x13f3969f0_0, 0, 13;
T_35.13 ;
    %load/vec4 v0x13f398fb0_0;
    %flag_set/vec4 8;
    %jmp/0xz  T_35.14, 8;
    %load/vec4 v0x13f39a7f0_0;
    %parti/s 11, 52, 7;
    %pad/u 13;
    %subi 1023, 0, 13;
    %store/vec4 v0x13f395b10_0, 0, 13;
    %jmp T_35.15;
T_35.14 ;
    %load/vec4 v0x13f3a3f40_0;
    %store/vec4 v0x13f382bf0_0, 0, 53;
    %callf/vec4 TD_ALU.fpu_div_unit.count_leading_zeros, S_0x13f386010;
    %store/vec4 v0x13f3a4d00_0, 0, 6;
    %load/vec4 v0x13f3a3f40_0;
    %ix/getv 4, v0x13f3a4d00_0;
    %shiftl 4;
    %store/vec4 v0x13f3a3f40_0, 0, 53;
    %pushi/vec4 7170, 0, 13;
    %load/vec4 v0x13f3a4d00_0;
    %pad/u 13;
    %sub;
    %store/vec4 v0x13f395b10_0, 0, 13;
T_35.15 ;
    %load/vec4 v0x13f3969f0_0;
    %load/vec4 v0x13f395b10_0;
    %sub;
    %addi 1023, 0, 13;
    %store/vec4 v0x13f395ba0_0, 0, 13;
    %load/vec4 v0x13f3a3f40_0;
    %store/vec4 v0x13f396960_0, 0, 53;
    %pushi/vec4 0, 0, 57;
    %store/vec4 v0x13f3a72d0_0, 0, 57;
    %pushi/vec4 0, 0, 57;
    %load/vec4 v0x13f3a3eb0_0;
    %concat/vec4; draw_concat_vec4
    %store/vec4 v0x13f3a7360_0, 0, 110;
    %pushi/vec4 0, 0, 57;
    %load/vec4 v0x13f396960_0;
    %concat/vec4; draw_concat_vec4
    %load/vec4 v0x13f3a7360_0;
    %cmp/u;
    %flag_or 5, 4;
    %jmp/0xz  T_35.16, 5;
    %load/vec4 v0x13f3a7360_0;
    %pushi/vec4 0, 0, 57;
    %load/vec4 v0x13f396960_0;
    %concat/vec4; draw_concat_vec4
    %sub;
    %store/vec4 v0x13f3a7360_0, 0, 110;
    %pushi/vec4 1, 0, 1;
    %ix/load 4, 0, 0;
    %flag_set/imm 4, 0;
    %store/vec4 v0x13f3a72d0_0, 4, 1;
T_35.16 ;
    %pushi/vec4 0, 0, 32;
    %store/vec4 v0x13f3a8b90_0, 0, 32;
T_35.18 ; Top of for-loop
    %load/vec4 v0x13f3a8b90_0;
    %cmpi/s 56, 0, 32;
	  %jmp/0xz T_35.19, 5;
    %load/vec4 v0x13f3a7360_0;
    %ix/load 4, 1, 0;
    %flag_set/imm 4, 0;
    %shiftl 4;
    %store/vec4 v0x13f3a7360_0, 0, 110;
    %load/vec4 v0x13f3a72d0_0;
    %ix/load 4, 1, 0;
    %flag_set/imm 4, 0;
    %shiftl 4;
    %store/vec4 v0x13f3a72d0_0, 0, 57;
    %pushi/vec4 0, 0, 57;
    %load/vec4 v0x13f396960_0;
    %concat/vec4; draw_concat_vec4
    %load/vec4 v0x13f3a7360_0;
    %cmp/u;
    %flag_or 5, 4;
    %jmp/0xz  T_35.21, 5;
    %load/vec4 v0x13f3a7360_0;
    %pushi/vec4 0, 0, 57;
    %load/vec4 v0x13f396960_0;
    %concat/vec4; draw_concat_vec4
    %sub;
    %store/vec4 v0x13f3a7360_0, 0, 110;
    %pushi/vec4 1, 0, 1;
    %ix/load 4, 0, 0;
    %flag_set/imm 4, 0;
    %store/vec4 v0x13f3a72d0_0, 4, 1;
T_35.21 ;
T_35.20 ; for-loop step statement
    %load/vec4 v0x13f3a8b90_0;
    %addi 1, 0, 32;
    %store/vec4 v0x13f3a8b90_0, 0, 32;
    %jmp T_35.18;
T_35.19 ; for-loop exit label
    %load/vec4 v0x13f3a72d0_0;
    %parti/s 1, 56, 7;
    %flag_set/vec4 8;
    %jmp/0xz  T_35.23, 8;
    %load/vec4 v0x13f3a72d0_0;
    %parti/s 1, 0, 2;
    %load/vec4 v0x13f3a7360_0;
    %pushi/vec4 0, 0, 110;
    %cmp/ne;
    %flag_get/vec4 4;
    %or;
    %store/vec4 v0x13f36ff80_0, 0, 1;
    %load/vec4 v0x13f3a72d0_0;
    %ix/load 4, 1, 0;
    %flag_set/imm 4, 0;
    %shiftr 4;
    %store/vec4 v0x13f3a72d0_0, 0, 57;
    %jmp T_35.24;
T_35.23 ;
    %load/vec4 v0x13f395ba0_0;
    %subi 1, 0, 13;
    %store/vec4 v0x13f395ba0_0, 0, 13;
    %load/vec4 v0x13f3a7360_0;
    %pushi/vec4 0, 0, 110;
    %cmp/ne;
    %flag_get/vec4 4;
    %store/vec4 v0x13f36ff80_0, 0, 1;
T_35.24 ;
    %load/vec4 v0x13f3a72d0_0;
    %parti/s 1, 2, 3;
    %store/vec4 v0x13f3a8b00_0, 0, 1;
    %load/vec4 v0x13f3a72d0_0;
    %parti/s 1, 1, 2;
    %store/vec4 v0x13f3a5770_0, 0, 1;
    %load/vec4 v0x13f36ff80_0;
    %load/vec4 v0x13f3a72d0_0;
    %parti/s 1, 0, 2;
    %or;
    %store/vec4 v0x13f36ff80_0, 0, 1;
    %load/vec4 v0x13f3a72d0_0;
    %parti/s 53, 3, 3;
    %store/vec4 v0x13f370960_0, 0, 53;
    %load/vec4 v0x13f3a8b00_0;
    %load/vec4 v0x13f3a5770_0;
    %load/vec4 v0x13f370960_0;
    %parti/s 1, 0, 2;
    %or;
    %load/vec4 v0x13f36ff80_0;
    %or;
    %and;
    %flag_set/vec4 8;
    %jmp/0xz  T_35.25, 8;
    %load/vec4 v0x13f370960_0;
    %addi 1, 0, 53;
    %store/vec4 v0x13f370960_0, 0, 53;
    %load/vec4 v0x13f370960_0;
    %cmpi/e 0, 0, 53;
    %jmp/0xz  T_35.27, 4;
    %load/vec4 v0x13f395ba0_0;
    %addi 1, 0, 13;
    %store/vec4 v0x13f395ba0_0, 0, 13;
    %pushi/vec4 2147483648, 0, 32;
    %concati/vec4 0, 0, 21;
    %store/vec4 v0x13f370960_0, 0, 53;
T_35.27 ;
T_35.25 ;
    %load/vec4 v0x13f395ba0_0;
    %pad/s 32;
    %cmpi/s 2047, 0, 32;
    %flag_inv 5; GE is !LT
    %jmp/0xz  T_35.29, 5;
    %load/vec4 v0x13f3709f0_0;
    %concati/vec4 2047, 0, 11;
    %concati/vec4 0, 0, 52;
    %store/vec4 v0x13f3a56e0_0, 0, 64;
    %jmp T_35.30;
T_35.29 ;
    %load/vec4 v0x13f395ba0_0;
    %pad/s 32;
    %cmpi/s 4294966222, 0, 32;
    %jmp/0xz  T_35.31, 5;
    %load/vec4 v0x13f3709f0_0;
    %concati/vec4 0, 0, 63;
    %store/vec4 v0x13f3a56e0_0, 0, 64;
    %jmp T_35.32;
T_35.31 ;
    %load/vec4 v0x13f395ba0_0;
    %pad/s 32;
    %cmpi/s 0, 0, 32;
    %flag_or 5, 4;
    %jmp/0xz  T_35.33, 5;
    %pushi/vec4 1, 0, 13;
    %load/vec4 v0x13f395ba0_0;
    %sub;
    %store/vec4 v0x13f3a4d90_0, 0, 13;
    %load/vec4 v0x13f3a4d90_0;
    %pad/s 32;
    %cmpi/s 53, 0, 32;
    %jmp/0xz  T_35.35, 5;
    %load/vec4 v0x13f370960_0;
    %load/vec4 v0x13f3a4d90_0;
    %ix/vec4 4;
    %shiftr 4;
    %store/vec4 v0x13f370960_0, 0, 53;
    %load/vec4 v0x13f3709f0_0;
    %concati/vec4 0, 0, 11;
    %load/vec4 v0x13f370960_0;
    %parti/s 52, 0, 2;
    %concat/vec4; draw_concat_vec4
    %store/vec4 v0x13f3a56e0_0, 0, 64;
    %jmp T_35.36;
T_35.35 ;
    %load/vec4 v0x13f3709f0_0;
    %concati/vec4 0, 0, 63;
    %store/vec4 v0x13f3a56e0_0, 0, 64;
T_35.36 ;
    %jmp T_35.34;
T_35.33 ;
    %load/vec4 v0x13f3709f0_0;
    %load/vec4 v0x13f395ba0_0;
    %parti/s 11, 0, 2;
    %concat/vec4; draw_concat_vec4
    %load/vec4 v0x13f370960_0;
    %parti/s 52, 0, 2;
    %concat/vec4; draw_concat_vec4
    %store/vec4 v0x13f3a56e0_0, 0, 64;
T_35.34 ;
T_35.32 ;
T_35.30 ;
T_35.11 ;
T_35.9 ;
T_35.7 ;
T_35.5 ;
T_35.3 ;
T_35.1 ;
    %jmp T_35;
    .thread T_35, $push;
    .scope S_0x13f384230;
T_36 ;
    %wait E_0x13f3e2000;
    %load/vec4 v0x13f52e290_0;
    %load/vec4 v0x13f5317a0_0;
    %or;
    %flag_set/vec4 8;
    %jmp/0xz  T_36.0, 8;
    %pushi/vec4 4293918720, 0, 33;
    %concati/vec4 0, 0, 31;
    %store/vec4 v0x13f254d70_0, 0, 64;
    %jmp T_36.1;
T_36.0 ;
    %load/vec4 v0x13f52e200_0;
    %load/vec4 v0x13f531b40_0;
    %or;
    %flag_set/vec4 8;
    %jmp/0xz  T_36.2, 8;
    %load/vec4 v0x13f52e200_0;
    %load/vec4 v0x13f531b40_0;
    %and;
    %load/vec4 v0x13f509530_0;
    %parti/s 1, 63, 7;
    %load/vec4 v0x13f531e70_0;
    %parti/s 1, 63, 7;
    %xor;
    %and;
    %flag_set/vec4 8;
    %jmp/0xz  T_36.4, 8;
    %pushi/vec4 4294443008, 0, 32;
    %concati/vec4 0, 0, 32;
    %store/vec4 v0x13f254d70_0, 0, 64;
    %jmp T_36.5;
T_36.4 ;
    %load/vec4 v0x13f52e200_0;
    %load/vec4 v0x13f531b40_0;
    %inv;
    %and;
    %flag_set/vec4 8;
    %jmp/0xz  T_36.6, 8;
    %load/vec4 v0x13f509530_0;
    %store/vec4 v0x13f254d70_0, 0, 64;
    %jmp T_36.7;
T_36.6 ;
    %load/vec4 v0x13f52e200_0;
    %inv;
    %load/vec4 v0x13f531b40_0;
    %and;
    %flag_set/vec4 8;
    %jmp/0xz  T_36.8, 8;
    %load/vec4 v0x13f531e70_0;
    %store/vec4 v0x13f254d70_0, 0, 64;
    %jmp T_36.9;
T_36.8 ;
    %load/vec4 v0x13f509530_0;
    %store/vec4 v0x13f254d70_0, 0, 64;
T_36.9 ;
T_36.7 ;
T_36.5 ;
    %jmp T_36.3;
T_36.2 ;
    %load/vec4 v0x13f532100_0;
    %load/vec4 v0x13f2efa50_0;
    %and;
    %flag_set/vec4 8;
    %jmp/0xz  T_36.10, 8;
    %load/vec4 v0x13f509530_0;
    %parti/s 1, 63, 7;
    %load/vec4 v0x13f531e70_0;
    %parti/s 1, 63, 7;
    %and;
    %concati/vec4 0, 0, 63;
    %store/vec4 v0x13f254d70_0, 0, 64;
    %jmp T_36.11;
T_36.10 ;
    %load/vec4 v0x13f532100_0;
    %flag_set/vec4 8;
    %jmp/0xz  T_36.12, 8;
    %load/vec4 v0x13f531e70_0;
    %store/vec4 v0x13f254d70_0, 0, 64;
    %jmp T_36.13;
T_36.12 ;
    %load/vec4 v0x13f2efa50_0;
    %flag_set/vec4 8;
    %jmp/0xz  T_36.14, 8;
    %load/vec4 v0x13f509530_0;
    %store/vec4 v0x13f254d70_0, 0, 64;
    %jmp T_36.15;
T_36.14 ;
    %load/vec4 v0x13f52d490_0;
    %flag_set/vec4 8;
    %jmp/0 T_36.16, 8;
    %load/vec4 v0x13f509530_0;
    %parti/s 11, 52, 7;
    %pad/u 13;
    %jmp/1 T_36.17, 8;
T_36.16 ; End of true expr.
    %pushi/vec4 1, 0, 13;
    %jmp/0 T_36.17, 8;
 ; End of false expr.
    %blend;
T_36.17;
    %store/vec4 v0x13f2de420_0, 0, 13;
    %load/vec4 v0x13f531830_0;
    %flag_set/vec4 8;
    %jmp/0 T_36.18, 8;
    %load/vec4 v0x13f531e70_0;
    %parti/s 11, 52, 7;
    %pad/u 13;
    %jmp/1 T_36.19, 8;
T_36.18 ; End of true expr.
    %pushi/vec4 1, 0, 13;
    %jmp/0 T_36.19, 8;
 ; End of false expr.
    %blend;
T_36.19;
    %store/vec4 v0x13f258840_0, 0, 13;
    %load/vec4 v0x13f258840_0;
    %load/vec4 v0x13f2de420_0;
    %cmp/s;
    %jmp/0xz  T_36.20, 5;
    %load/vec4 v0x13f52d490_0;
    %load/vec4 v0x13f509530_0;
    %parti/s 52, 0, 2;
    %concat/vec4; draw_concat_vec4
    %store/vec4 v0x13f531de0_0, 0, 53;
    %load/vec4 v0x13f531830_0;
    %load/vec4 v0x13f531e70_0;
    %parti/s 52, 0, 2;
    %concat/vec4; draw_concat_vec4
    %store/vec4 v0x13f532190_0, 0, 53;
    %load/vec4 v0x13f509530_0;
    %parti/s 1, 63, 7;
    %store/vec4 v0x13f238ce0_0, 0, 1;
    %load/vec4 v0x13f2de420_0;
    %store/vec4 v0x13f258190_0, 0, 13;
    %load/vec4 v0x13f2de420_0;
    %load/vec4 v0x13f258840_0;
    %sub;
    %store/vec4 v0x13f239300_0, 0, 13;
    %jmp T_36.21;
T_36.20 ;
    %load/vec4 v0x13f2de420_0;
    %load/vec4 v0x13f258840_0;
    %cmp/s;
    %jmp/0xz  T_36.22, 5;
    %load/vec4 v0x13f531830_0;
    %load/vec4 v0x13f531e70_0;
    %parti/s 52, 0, 2;
    %concat/vec4; draw_concat_vec4
    %store/vec4 v0x13f531de0_0, 0, 53;
    %load/vec4 v0x13f52d490_0;
    %load/vec4 v0x13f509530_0;
    %parti/s 52, 0, 2;
    %concat/vec4; draw_concat_vec4
    %store/vec4 v0x13f532190_0, 0, 53;
    %load/vec4 v0x13f531e70_0;
    %parti/s 1, 63, 7;
    %store/vec4 v0x13f238ce0_0, 0, 1;
    %load/vec4 v0x13f258840_0;
    %store/vec4 v0x13f258190_0, 0, 13;
    %load/vec4 v0x13f258840_0;
    %load/vec4 v0x13f2de420_0;
    %sub;
    %store/vec4 v0x13f239300_0, 0, 13;
    %jmp T_36.23;
T_36.22 ;
    %pushi/vec4 0, 0, 13;
    %store/vec4 v0x13f239300_0, 0, 13;
    %load/vec4 v0x13f2de420_0;
    %store/vec4 v0x13f258190_0, 0, 13;
    %load/vec4 v0x13f509530_0;
    %parti/s 1, 63, 7;
    %load/vec4 v0x13f531e70_0;
    %parti/s 1, 63, 7;
    %cmp/e;
    %jmp/0xz  T_36.24, 4;
    %load/vec4 v0x13f509530_0;
    %parti/s 1, 63, 7;
    %store/vec4 v0x13f238ce0_0, 0, 1;
    %load/vec4 v0x13f52d490_0;
    %load/vec4 v0x13f509530_0;
    %parti/s 52, 0, 2;
    %concat/vec4; draw_concat_vec4
    %store/vec4 v0x13f531de0_0, 0, 53;
    %load/vec4 v0x13f531830_0;
    %load/vec4 v0x13f531e70_0;
    %parti/s 52, 0, 2;
    %concat/vec4; draw_concat_vec4
    %store/vec4 v0x13f532190_0, 0, 53;
    %jmp T_36.25;
T_36.24 ;
    %load/vec4 v0x13f531e70_0;
    %parti/s 52, 0, 2;
    %load/vec4 v0x13f509530_0;
    %parti/s 52, 0, 2;
    %cmp/u;
    %jmp/0xz  T_36.26, 5;
    %load/vec4 v0x13f509530_0;
    %parti/s 1, 63, 7;
    %store/vec4 v0x13f238ce0_0, 0, 1;
    %load/vec4 v0x13f52d490_0;
    %load/vec4 v0x13f509530_0;
    %parti/s 52, 0, 2;
    %concat/vec4; draw_concat_vec4
    %store/vec4 v0x13f531de0_0, 0, 53;
    %load/vec4 v0x13f531830_0;
    %load/vec4 v0x13f531e70_0;
    %parti/s 52, 0, 2;
    %concat/vec4; draw_concat_vec4
    %store/vec4 v0x13f532190_0, 0, 53;
    %jmp T_36.27;
T_36.26 ;
    %load/vec4 v0x13f509530_0;
    %parti/s 52, 0, 2;
    %load/vec4 v0x13f531e70_0;
    %parti/s 52, 0, 2;
    %cmp/u;
    %jmp/0xz  T_36.28, 5;
    %load/vec4 v0x13f531e70_0;
    %parti/s 1, 63, 7;
    %store/vec4 v0x13f238ce0_0, 0, 1;
    %load/vec4 v0x13f531830_0;
    %load/vec4 v0x13f531e70_0;
    %parti/s 52, 0, 2;
    %concat/vec4; draw_concat_vec4
    %store/vec4 v0x13f531de0_0, 0, 53;
    %load/vec4 v0x13f52d490_0;
    %load/vec4 v0x13f509530_0;
    %parti/s 52, 0, 2;
    %concat/vec4; draw_concat_vec4
    %store/vec4 v0x13f532190_0, 0, 53;
    %jmp T_36.29;
T_36.28 ;
    %pushi/vec4 0, 0, 1;
    %store/vec4 v0x13f238ce0_0, 0, 1;
    %load/vec4 v0x13f531830_0;
    %load/vec4 v0x13f531e70_0;
    %parti/s 52, 0, 2;
    %concat/vec4; draw_concat_vec4
    %store/vec4 v0x13f531de0_0, 0, 53;
    %load/vec4 v0x13f52d490_0;
    %load/vec4 v0x13f509530_0;
    %parti/s 52, 0, 2;
    %concat/vec4; draw_concat_vec4
    %store/vec4 v0x13f532190_0, 0, 53;
T_36.29 ;
T_36.27 ;
T_36.25 ;
T_36.23 ;
T_36.21 ;
    %load/vec4 v0x13f531de0_0;
    %concati/vec4 0, 0, 3;
    %store/vec4 v0x13f255420_0, 0, 56;
    %load/vec4 v0x13f532190_0;
    %concati/vec4 0, 0, 3;
    %store/vec4 v0x13f258220_0, 0, 56;
    %load/vec4 v0x13f239300_0;
    %pad/s 32;
    %cmpi/e 0, 0, 32;
    %flag_mov 8, 4;
    %jmp/0 T_36.30, 8;
    %pushi/vec4 0, 0, 1;
    %jmp/1 T_36.31, 8;
T_36.30 ; End of true expr.
    %load/vec4 v0x13f258220_0;
    %pushi/vec4 56, 0, 32;
    %load/vec4 v0x13f239300_0;
    %pad/s 32;
    %sub;
    %ix/vec4 4;
    %shiftl 4;
    %or/r;
    %jmp/0 T_36.31, 8;
 ; End of false expr.
    %blend;
T_36.31;
    %store/vec4 v0x13f2476a0_0, 0, 1;
    %load/vec4 v0x13f258220_0;
    %load/vec4 v0x13f239300_0;
    %ix/vec4 4;
    %shiftr 4;
    %store/vec4 v0x13f258220_0, 0, 56;
    %load/vec4 v0x13f509530_0;
    %parti/s 1, 63, 7;
    %load/vec4 v0x13f531e70_0;
    %parti/s 1, 63, 7;
    %cmp/e;
    %jmp/0xz  T_36.32, 4;
    %load/vec4 v0x13f255420_0;
    %pad/u 57;
    %load/vec4 v0x13f258220_0;
    %pad/u 57;
    %add;
    %store/vec4 v0x13f247730_0, 0, 57;
    %load/vec4 v0x13f247730_0;
    %parti/s 1, 56, 7;
    %flag_set/vec4 8;
    %jmp/0xz  T_36.34, 8;
    %load/vec4 v0x13f258190_0;
    %addi 1, 0, 13;
    %store/vec4 v0x13f258190_0, 0, 13;
    %load/vec4 v0x13f2476a0_0;
    %load/vec4 v0x13f247730_0;
    %parti/s 1, 0, 2;
    %or;
    %store/vec4 v0x13f2476a0_0, 0, 1;
    %load/vec4 v0x13f247730_0;
    %ix/load 4, 1, 0;
    %flag_set/imm 4, 0;
    %shiftr 4;
    %store/vec4 v0x13f247730_0, 0, 57;
T_36.34 ;
    %load/vec4 v0x13f247730_0;
    %parti/s 1, 2, 3;
    %store/vec4 v0x13f2554b0_0, 0, 1;
    %load/vec4 v0x13f247730_0;
    %parti/s 1, 1, 2;
    %store/vec4 v0x13f254e00_0, 0, 1;
    %load/vec4 v0x13f2476a0_0;
    %load/vec4 v0x13f247730_0;
    %parti/s 1, 0, 2;
    %or;
    %store/vec4 v0x13f2476a0_0, 0, 1;
    %load/vec4 v0x13f247730_0;
    %parti/s 53, 3, 3;
    %store/vec4 v0x13f238c50_0, 0, 53;
    %load/vec4 v0x13f2554b0_0;
    %load/vec4 v0x13f254e00_0;
    %load/vec4 v0x13f247730_0;
    %parti/s 1, 3, 3;
    %or;
    %load/vec4 v0x13f2476a0_0;
    %or;
    %and;
    %flag_set/vec4 8;
    %jmp/0xz  T_36.36, 8;
    %load/vec4 v0x13f238c50_0;
    %addi 1, 0, 53;
    %store/vec4 v0x13f238c50_0, 0, 53;
    %load/vec4 v0x13f238c50_0;
    %cmpi/e 0, 0, 53;
    %jmp/0xz  T_36.38, 4;
    %load/vec4 v0x13f258190_0;
    %addi 1, 0, 13;
    %store/vec4 v0x13f258190_0, 0, 13;
    %pushi/vec4 2147483648, 0, 32;
    %concati/vec4 0, 0, 21;
    %store/vec4 v0x13f238c50_0, 0, 53;
T_36.38 ;
T_36.36 ;
    %load/vec4 v0x13f258190_0;
    %pad/s 32;
    %cmpi/s 2047, 0, 32;
    %flag_inv 5; GE is !LT
    %jmp/0xz  T_36.40, 5;
    %load/vec4 v0x13f238ce0_0;
    %concati/vec4 2047, 0, 11;
    %concati/vec4 0, 0, 52;
    %store/vec4 v0x13f254d70_0, 0, 64;
    %jmp T_36.41;
T_36.40 ;
    %load/vec4 v0x13f258190_0;
    %pad/s 32;
    %cmpi/s 4294966222, 0, 32;
    %jmp/0xz  T_36.42, 5;
    %load/vec4 v0x13f238ce0_0;
    %concati/vec4 0, 0, 63;
    %store/vec4 v0x13f254d70_0, 0, 64;
    %jmp T_36.43;
T_36.42 ;
    %load/vec4 v0x13f258190_0;
    %pad/s 32;
    %cmpi/s 0, 0, 32;
    %flag_or 5, 4;
    %jmp/0xz  T_36.44, 5;
    %pushi/vec4 1, 0, 13;
    %load/vec4 v0x13f258190_0;
    %sub;
    %store/vec4 v0x13f239390_0, 0, 13;
    %load/vec4 v0x13f239390_0;
    %pad/u 32;
    %cmpi/u 53, 0, 32;
    %jmp/0xz  T_36.46, 5;
    %load/vec4 v0x13f238c50_0;
    %ix/getv 4, v0x13f239390_0;
    %shiftr 4;
    %store/vec4 v0x13f238c50_0, 0, 53;
    %load/vec4 v0x13f238ce0_0;
    %concati/vec4 0, 0, 11;
    %load/vec4 v0x13f238c50_0;
    %parti/s 52, 0, 2;
    %concat/vec4; draw_concat_vec4
    %store/vec4 v0x13f254d70_0, 0, 64;
    %jmp T_36.47;
T_36.46 ;
    %load/vec4 v0x13f238ce0_0;
    %concati/vec4 0, 0, 63;
    %store/vec4 v0x13f254d70_0, 0, 64;
T_36.47 ;
    %jmp T_36.45;
T_36.44 ;
    %load/vec4 v0x13f238ce0_0;
    %load/vec4 v0x13f258190_0;
    %parti/s 11, 0, 2;
    %concat/vec4; draw_concat_vec4
    %load/vec4 v0x13f238c50_0;
    %parti/s 52, 0, 2;
    %concat/vec4; draw_concat_vec4
    %store/vec4 v0x13f254d70_0, 0, 64;
T_36.45 ;
T_36.43 ;
T_36.41 ;
    %jmp T_36.33;
T_36.32 ;
    %load/vec4 v0x13f255420_0;
    %pad/u 57;
    %load/vec4 v0x13f258220_0;
    %pad/u 57;
    %sub;
    %store/vec4 v0x13f2de390_0, 0, 57;
    %load/vec4 v0x13f2de390_0;
    %cmpi/e 0, 0, 57;
    %jmp/0xz  T_36.48, 4;
    %load/vec4 v0x13f238ce0_0;
    %concati/vec4 0, 0, 63;
    %store/vec4 v0x13f254d70_0, 0, 64;
    %jmp T_36.49;
T_36.48 ;
    %load/vec4 v0x13f2de390_0;
    %parti/s 56, 0, 2;
    %store/vec4 v0x13f5094a0_0, 0, 56;
    %callf/vec4 TD_ALU.fpu_sub_unit.count_leading_zeros, S_0x13f5395b0;
    %pad/u 13;
    %store/vec4 v0x13f239390_0, 0, 13;
    %load/vec4 v0x13f239390_0;
    %load/vec4 v0x13f258190_0;
    %cmp/u;
    %jmp/0xz  T_36.50, 5;
    %load/vec4 v0x13f258190_0;
    %load/vec4 v0x13f239390_0;
    %sub;
    %store/vec4 v0x13f258190_0, 0, 13;
    %load/vec4 v0x13f2de390_0;
    %ix/getv 4, v0x13f239390_0;
    %shiftl 4;
    %store/vec4 v0x13f2de390_0, 0, 57;
    %jmp T_36.51;
T_36.50 ;
    %load/vec4 v0x13f2de390_0;
    %load/vec4 v0x13f258190_0;
    %pad/s 32;
    %subi 1, 0, 32;
    %ix/vec4 4;
    %shiftl 4;
    %store/vec4 v0x13f2de390_0, 0, 57;
    %pushi/vec4 0, 0, 13;
    %store/vec4 v0x13f258190_0, 0, 13;
T_36.51 ;
    %load/vec4 v0x13f2de390_0;
    %parti/s 1, 2, 3;
    %store/vec4 v0x13f2554b0_0, 0, 1;
    %load/vec4 v0x13f2de390_0;
    %parti/s 1, 1, 2;
    %store/vec4 v0x13f254e00_0, 0, 1;
    %load/vec4 v0x13f2476a0_0;
    %load/vec4 v0x13f2de390_0;
    %parti/s 1, 0, 2;
    %or;
    %store/vec4 v0x13f2476a0_0, 0, 1;
    %load/vec4 v0x13f2de390_0;
    %parti/s 53, 3, 3;
    %store/vec4 v0x13f238c50_0, 0, 53;
    %load/vec4 v0x13f2554b0_0;
    %load/vec4 v0x13f254e00_0;
    %load/vec4 v0x13f2de390_0;
    %parti/s 1, 3, 3;
    %or;
    %load/vec4 v0x13f2476a0_0;
    %or;
    %and;
    %flag_set/vec4 8;
    %jmp/0xz  T_36.52, 8;
    %load/vec4 v0x13f238c50_0;
    %addi 1, 0, 53;
    %store/vec4 v0x13f238c50_0, 0, 53;
    %load/vec4 v0x13f238c50_0;
    %cmpi/e 0, 0, 53;
    %jmp/0xz  T_36.54, 4;
    %load/vec4 v0x13f258190_0;
    %addi 1, 0, 13;
    %store/vec4 v0x13f258190_0, 0, 13;
    %pushi/vec4 2147483648, 0, 32;
    %concati/vec4 0, 0, 21;
    %store/vec4 v0x13f238c50_0, 0, 53;
T_36.54 ;
T_36.52 ;
    %load/vec4 v0x13f258190_0;
    %pad/s 32;
    %cmpi/s 4294966222, 0, 32;
    %jmp/0xz  T_36.56, 5;
    %load/vec4 v0x13f238ce0_0;
    %concati/vec4 0, 0, 63;
    %store/vec4 v0x13f254d70_0, 0, 64;
    %jmp T_36.57;
T_36.56 ;
    %load/vec4 v0x13f238ce0_0;
    %load/vec4 v0x13f258190_0;
    %parti/s 11, 0, 2;
    %concat/vec4; draw_concat_vec4
    %load/vec4 v0x13f238c50_0;
    %parti/s 52, 0, 2;
    %concat/vec4; draw_concat_vec4
    %store/vec4 v0x13f254d70_0, 0, 64;
T_36.57 ;
T_36.49 ;
T_36.33 ;
T_36.15 ;
T_36.13 ;
T_36.11 ;
T_36.3 ;
T_36.1 ;
    %jmp T_36;
    .thread T_36, $push;
    .scope S_0x13f2e2cc0;
T_37 ;
    %wait E_0x13f118250;
    %pushi/vec4 0, 0, 64;
    %store/vec4 v0x13f3cd1b0_0, 0, 64;
    %load/vec4 v0x13f247080_0;
    %addi 4, 0, 64;
    %store/vec4 v0x13f2210c0_0, 0, 64;
    %pushi/vec4 0, 0, 1;
    %store/vec4 v0x13f221800_0, 0, 1;
    %load/vec4 v0x13f3d05d0_0;
    %dup/vec4;
    %pushi/vec4 24, 0, 5;
    %cmp/u;
    %jmp/1 T_37.0, 6;
    %dup/vec4;
    %pushi/vec4 25, 0, 5;
    %cmp/u;
    %jmp/1 T_37.1, 6;
    %dup/vec4;
    %pushi/vec4 26, 0, 5;
    %cmp/u;
    %jmp/1 T_37.2, 6;
    %dup/vec4;
    %pushi/vec4 27, 0, 5;
    %cmp/u;
    %jmp/1 T_37.3, 6;
    %dup/vec4;
    %pushi/vec4 28, 0, 5;
    %cmp/u;
    %jmp/1 T_37.4, 6;
    %dup/vec4;
    %pushi/vec4 29, 0, 5;
    %cmp/u;
    %jmp/1 T_37.5, 6;
    %dup/vec4;
    %pushi/vec4 0, 0, 5;
    %cmp/u;
    %jmp/1 T_37.6, 6;
    %dup/vec4;
    %pushi/vec4 1, 0, 5;
    %cmp/u;
    %jmp/1 T_37.7, 6;
    %dup/vec4;
    %pushi/vec4 2, 0, 5;
    %cmp/u;
    %jmp/1 T_37.8, 6;
    %dup/vec4;
    %pushi/vec4 3, 0, 5;
    %cmp/u;
    %jmp/1 T_37.9, 6;
    %dup/vec4;
    %pushi/vec4 4, 0, 5;
    %cmp/u;
    %jmp/1 T_37.10, 6;
    %dup/vec4;
    %pushi/vec4 5, 0, 5;
    %cmp/u;
    %jmp/1 T_37.11, 6;
    %dup/vec4;
    %pushi/vec4 6, 0, 5;
    %cmp/u;
    %jmp/1 T_37.12, 6;
    %dup/vec4;
    %pushi/vec4 7, 0, 5;
    %cmp/u;
    %jmp/1 T_37.13, 6;
    %dup/vec4;
    %pushi/vec4 8, 0, 5;
    %cmp/u;
    %jmp/1 T_37.14, 6;
    %dup/vec4;
    %pushi/vec4 9, 0, 5;
    %cmp/u;
    %jmp/1 T_37.15, 6;
    %dup/vec4;
    %pushi/vec4 10, 0, 5;
    %cmp/u;
    %jmp/1 T_37.16, 6;
    %dup/vec4;
    %pushi/vec4 11, 0, 5;
    %cmp/u;
    %jmp/1 T_37.17, 6;
    %dup/vec4;
    %pushi/vec4 12, 0, 5;
    %cmp/u;
    %jmp/1 T_37.18, 6;
    %dup/vec4;
    %pushi/vec4 13, 0, 5;
    %cmp/u;
    %jmp/1 T_37.19, 6;
    %dup/vec4;
    %pushi/vec4 14, 0, 5;
    %cmp/u;
    %jmp/1 T_37.20, 6;
    %dup/vec4;
    %pushi/vec4 16, 0, 5;
    %cmp/u;
    %jmp/1 T_37.21, 6;
    %dup/vec4;
    %pushi/vec4 17, 0, 5;
    %cmp/u;
    %jmp/1 T_37.22, 6;
    %dup/vec4;
    %pushi/vec4 18, 0, 5;
    %cmp/u;
    %jmp/1 T_37.23, 6;
    %dup/vec4;
    %pushi/vec4 19, 0, 5;
    %cmp/u;
    %jmp/1 T_37.24, 6;
    %dup/vec4;
    %pushi/vec4 20, 0, 5;
    %cmp/u;
    %jmp/1 T_37.25, 6;
    %dup/vec4;
    %pushi/vec4 21, 0, 5;
    %cmp/u;
    %jmp/1 T_37.26, 6;
    %dup/vec4;
    %pushi/vec4 22, 0, 5;
    %cmp/u;
    %jmp/1 T_37.27, 6;
    %dup/vec4;
    %pushi/vec4 23, 0, 5;
    %cmp/u;
    %jmp/1 T_37.28, 6;
    %pushi/vec4 0, 0, 64;
    %store/vec4 v0x13f3cd1b0_0, 0, 64;
    %jmp T_37.30;
T_37.0 ;
    %load/vec4 v0x13f3cca70_0;
    %load/vec4 v0x13f3e4c70_0;
    %add;
    %store/vec4 v0x13f3cd1b0_0, 0, 64;
    %jmp T_37.30;
T_37.1 ;
    %load/vec4 v0x13f3cd120_0;
    %load/vec4 v0x13f221150_0;
    %add;
    %store/vec4 v0x13f3cd1b0_0, 0, 64;
    %jmp T_37.30;
T_37.2 ;
    %load/vec4 v0x13f3cca70_0;
    %load/vec4 v0x13f3e4c70_0;
    %sub;
    %store/vec4 v0x13f3cd1b0_0, 0, 64;
    %jmp T_37.30;
T_37.3 ;
    %load/vec4 v0x13f3cd120_0;
    %load/vec4 v0x13f221150_0;
    %sub;
    %store/vec4 v0x13f3cd1b0_0, 0, 64;
    %jmp T_37.30;
T_37.4 ;
    %load/vec4 v0x13f3cca70_0;
    %load/vec4 v0x13f3e4c70_0;
    %mul;
    %store/vec4 v0x13f3cd1b0_0, 0, 64;
    %jmp T_37.30;
T_37.5 ;
    %load/vec4 v0x13f3cca70_0;
    %load/vec4 v0x13f3e4c70_0;
    %div;
    %store/vec4 v0x13f3cd1b0_0, 0, 64;
    %jmp T_37.30;
T_37.6 ;
    %load/vec4 v0x13f3cca70_0;
    %load/vec4 v0x13f3e4c70_0;
    %and;
    %store/vec4 v0x13f3cd1b0_0, 0, 64;
    %jmp T_37.30;
T_37.7 ;
    %load/vec4 v0x13f3cca70_0;
    %load/vec4 v0x13f3e4c70_0;
    %or;
    %store/vec4 v0x13f3cd1b0_0, 0, 64;
    %jmp T_37.30;
T_37.8 ;
    %load/vec4 v0x13f3cca70_0;
    %load/vec4 v0x13f3e4c70_0;
    %xor;
    %store/vec4 v0x13f3cd1b0_0, 0, 64;
    %jmp T_37.30;
T_37.9 ;
    %load/vec4 v0x13f3cca70_0;
    %inv;
    %store/vec4 v0x13f3cd1b0_0, 0, 64;
    %jmp T_37.30;
T_37.10 ;
    %load/vec4 v0x13f3cca70_0;
    %ix/getv 4, v0x13f3e4c70_0;
    %shiftr 4;
    %store/vec4 v0x13f3cd1b0_0, 0, 64;
    %jmp T_37.30;
T_37.11 ;
    %load/vec4 v0x13f3cd120_0;
    %ix/getv 4, v0x13f221150_0;
    %shiftr 4;
    %store/vec4 v0x13f3cd1b0_0, 0, 64;
    %jmp T_37.30;
T_37.12 ;
    %load/vec4 v0x13f3cca70_0;
    %ix/getv 4, v0x13f3e4c70_0;
    %shiftl 4;
    %store/vec4 v0x13f3cd1b0_0, 0, 64;
    %jmp T_37.30;
T_37.13 ;
    %load/vec4 v0x13f3cd120_0;
    %ix/getv 4, v0x13f221150_0;
    %shiftl 4;
    %store/vec4 v0x13f3cd1b0_0, 0, 64;
    %jmp T_37.30;
T_37.14 ;
    %load/vec4 v0x13f3cd120_0;
    %store/vec4 v0x13f2210c0_0, 0, 64;
    %pushi/vec4 1, 0, 1;
    %store/vec4 v0x13f221800_0, 0, 1;
    %jmp T_37.30;
T_37.15 ;
    %load/vec4 v0x13f3cd120_0;
    %load/vec4 v0x13f247080_0;
    %add;
    %store/vec4 v0x13f2210c0_0, 0, 64;
    %pushi/vec4 1, 0, 1;
    %store/vec4 v0x13f221800_0, 0, 1;
    %jmp T_37.30;
T_37.16 ;
    %load/vec4 v0x13f221150_0;
    %load/vec4 v0x13f247080_0;
    %add;
    %store/vec4 v0x13f2210c0_0, 0, 64;
    %pushi/vec4 1, 0, 1;
    %store/vec4 v0x13f221800_0, 0, 1;
    %jmp T_37.30;
T_37.17 ;
    %load/vec4 v0x13f3cd120_0;
    %store/vec4 v0x13f2210c0_0, 0, 64;
    %load/vec4 v0x13f3cca70_0;
    %cmpi/ne 0, 0, 64;
    %jmp/0xz  T_37.31, 4;
    %pushi/vec4 1, 0, 1;
    %store/vec4 v0x13f221800_0, 0, 1;
T_37.31 ;
    %jmp T_37.30;
T_37.18 ;
    %load/vec4 v0x13f3cfe90_0;
    %subi 8, 0, 64;
    %store/vec4 v0x13f3cd1b0_0, 0, 64;
    %load/vec4 v0x13f3cd120_0;
    %store/vec4 v0x13f2210c0_0, 0, 64;
    %pushi/vec4 1, 0, 1;
    %store/vec4 v0x13f221800_0, 0, 1;
    %jmp T_37.30;
T_37.19 ;
    %load/vec4 v0x13f3cfe90_0;
    %subi 8, 0, 64;
    %store/vec4 v0x13f3cd1b0_0, 0, 64;
    %pushi/vec4 1, 0, 1;
    %store/vec4 v0x13f221800_0, 0, 1;
    %jmp T_37.30;
T_37.20 ;
    %load/vec4 v0x13f3cd120_0;
    %store/vec4 v0x13f2210c0_0, 0, 64;
    %load/vec4 v0x13f3e4c70_0;
    %load/vec4 v0x13f3cca70_0;
    %cmp/u;
    %jmp/0xz  T_37.33, 5;
    %pushi/vec4 1, 0, 1;
    %store/vec4 v0x13f221800_0, 0, 1;
T_37.33 ;
    %jmp T_37.30;
T_37.21 ;
    %load/vec4 v0x13f3cca70_0;
    %load/vec4 v0x13f221150_0;
    %add;
    %store/vec4 v0x13f3cd1b0_0, 0, 64;
    %jmp T_37.30;
T_37.22 ;
    %load/vec4 v0x13f3cca70_0;
    %store/vec4 v0x13f3cd1b0_0, 0, 64;
    %jmp T_37.30;
T_37.23 ;
    %load/vec4 v0x13f221150_0;
    %store/vec4 v0x13f3cd1b0_0, 0, 64;
    %jmp T_37.30;
T_37.24 ;
    %load/vec4 v0x13f3cd120_0;
    %load/vec4 v0x13f221150_0;
    %add;
    %store/vec4 v0x13f3cd1b0_0, 0, 64;
    %jmp T_37.30;
T_37.25 ;
    %load/vec4 v0x13f347290_0;
    %store/vec4 v0x13f3cd1b0_0, 0, 64;
    %jmp T_37.30;
T_37.26 ;
    %load/vec4 v0x13f3b3370_0;
    %store/vec4 v0x13f3cd1b0_0, 0, 64;
    %jmp T_37.30;
T_37.27 ;
    %load/vec4 v0x13f3b32e0_0;
    %store/vec4 v0x13f3cd1b0_0, 0, 64;
    %jmp T_37.30;
T_37.28 ;
    %load/vec4 v0x13f347320_0;
    %store/vec4 v0x13f3cd1b0_0, 0, 64;
    %jmp T_37.30;
T_37.30 ;
    %pop/vec4 1;
    %jmp T_37;
    .thread T_37, $push;
    .scope S_0x13f5838b0;
T_38 ;
    %wait E_0x13f224cb0;
    %load/vec4 v0x13f59d0f0_0;
    %flag_set/vec4 8;
    %jmp/0xz  T_38.0, 8;
    %load/vec4 v0x13f59d050_0;
    %parti/s 8, 0, 2;
    %ix/getv 3, v0x13f59cfc0_0;
    %ix/load 4, 0, 0; Constant delay
    %assign/vec4/a/d v0x13f59bd80, 0, 4;
    %load/vec4 v0x13f59d050_0;
    %parti/s 8, 8, 5;
    %load/vec4 v0x13f59cfc0_0;
    %addi 1, 0, 64;
    %ix/vec4 3;
    %ix/load 4, 0, 0; Constant delay
    %assign/vec4/a/d v0x13f59bd80, 0, 4;
    %load/vec4 v0x13f59d050_0;
    %parti/s 8, 16, 6;
    %load/vec4 v0x13f59cfc0_0;
    %addi 2, 0, 64;
    %ix/vec4 3;
    %ix/load 4, 0, 0; Constant delay
    %assign/vec4/a/d v0x13f59bd80, 0, 4;
    %load/vec4 v0x13f59d050_0;
    %parti/s 8, 24, 6;
    %load/vec4 v0x13f59cfc0_0;
    %addi 3, 0, 64;
    %ix/vec4 3;
    %ix/load 4, 0, 0; Constant delay
    %assign/vec4/a/d v0x13f59bd80, 0, 4;
    %load/vec4 v0x13f59d050_0;
    %parti/s 8, 32, 7;
    %load/vec4 v0x13f59cfc0_0;
    %addi 4, 0, 64;
    %ix/vec4 3;
    %ix/load 4, 0, 0; Constant delay
    %assign/vec4/a/d v0x13f59bd80, 0, 4;
    %load/vec4 v0x13f59d050_0;
    %parti/s 8, 40, 7;
    %load/vec4 v0x13f59cfc0_0;
    %addi 5, 0, 64;
    %ix/vec4 3;
    %ix/load 4, 0, 0; Constant delay
    %assign/vec4/a/d v0x13f59bd80, 0, 4;
    %load/vec4 v0x13f59d050_0;
    %parti/s 8, 48, 7;
    %load/vec4 v0x13f59cfc0_0;
    %addi 6, 0, 64;
    %ix/vec4 3;
    %ix/load 4, 0, 0; Constant delay
    %assign/vec4/a/d v0x13f59bd80, 0, 4;
    %load/vec4 v0x13f59d050_0;
    %parti/s 8, 56, 7;
    %load/vec4 v0x13f59cfc0_0;
    %addi 7, 0, 64;
    %ix/vec4 3;
    %ix/load 4, 0, 0; Constant delay
    %assign/vec4/a/d v0x13f59bd80, 0, 4;
T_38.0 ;
    %jmp T_38;
    .thread T_38;
    .scope S_0x13f55d300;
T_39 ;
    %wait E_0x13f54f620;
    %load/vec4 v0x13f55e8a0_0;
    %flag_set/vec4 8;
    %jmp/0xz  T_39.0, 8;
    %pushi/vec4 0, 0, 32;
    %store/vec4 v0x13f55dd80_0, 0, 32;
T_39.2 ; Top of for-loop
    %load/vec4 v0x13f55dd80_0;
    %cmpi/s 31, 0, 32;
	  %jmp/0xz T_39.3, 5;
    %pushi/vec4 0, 0, 64;
    %ix/getv/s 3, v0x13f55dd80_0;
    %ix/load 4, 0, 0; Constant delay
    %assign/vec4/a/d v0x13f55e500, 0, 4;
T_39.4 ; for-loop step statement
    %load/vec4 v0x13f55dd80_0;
    %addi 1, 0, 32;
    %store/vec4 v0x13f55dd80_0, 0, 32;
    %jmp T_39.2;
T_39.3 ; for-loop exit label
    %pushi/vec4 524288, 0, 64;
    %ix/load 3, 31, 0;
    %flag_set/imm 4, 0;
    %ix/load 4, 0, 0; Constant delay
    %assign/vec4/a/d v0x13f55e500, 0, 4;
    %jmp T_39.1;
T_39.0 ;
    %load/vec4 v0x13f55ea90_0;
    %flag_set/vec4 8;
    %jmp/0xz  T_39.5, 8;
    %load/vec4 v0x13f55e930_0;
    %load/vec4 v0x13f55ebd0_0;
    %pad/u 7;
    %ix/vec4 3;
    %ix/load 4, 0, 0; Constant delay
    %assign/vec4/a/d v0x13f55e500, 0, 4;
T_39.5 ;
    %load/vec4 v0x13f55eb30_0;
    %flag_set/vec4 8;
    %jmp/0xz  T_39.7, 8;
    %load/vec4 v0x13f55e9e0_0;
    %load/vec4 v0x13f55ec80_0;
    %pad/u 7;
    %ix/vec4 3;
    %ix/load 4, 0, 0; Constant delay
    %assign/vec4/a/d v0x13f55e500, 0, 4;
T_39.7 ;
T_39.1 ;
    %jmp T_39;
    .thread T_39;
    .scope S_0x13f59d2b0;
T_40 ;
    %wait E_0x13f54f620;
    %load/vec4 v0x13f59f7d0_0;
    %flag_set/vec4 8;
    %jmp/0xz  T_40.0, 8;
    %pushi/vec4 0, 0, 32;
    %store/vec4 v0x13f59ed60_0, 0, 32;
T_40.2 ; Top of for-loop
    %load/vec4 v0x13f59ed60_0;
    %cmpi/s 128, 0, 32;
	  %jmp/0xz T_40.3, 5;
    %pushi/vec4 0, 0, 64;
    %ix/getv/s 3, v0x13f59ed60_0;
    %ix/load 4, 0, 0; Constant delay
    %assign/vec4/a/d v0x13f59ecd0, 0, 4;
    %pushi/vec4 1, 0, 1;
    %ix/getv/s 3, v0x13f59ed60_0;
    %ix/load 4, 0, 0; Constant delay
    %assign/vec4/a/d v0x13f59f740, 0, 4;
T_40.4 ; for-loop step statement
    %load/vec4 v0x13f59ed60_0;
    %addi 1, 0, 32;
    %store/vec4 v0x13f59ed60_0, 0, 32;
    %jmp T_40.2;
T_40.3 ; for-loop exit label
    %jmp T_40.1;
T_40.0 ;
    %load/vec4 v0x13f59eb20_0;
    %flag_set/vec4 8;
    %jmp/0xz  T_40.5, 8;
    %pushi/vec4 0, 0, 1;
    %load/vec4 v0x13f59e9d0_0;
    %pad/u 9;
    %ix/vec4 3;
    %ix/load 4, 0, 0; Constant delay
    %assign/vec4/a/d v0x13f59f740, 0, 4;
T_40.5 ;
    %load/vec4 v0x13f59ebb0_0;
    %flag_set/vec4 8;
    %jmp/0xz  T_40.7, 8;
    %pushi/vec4 0, 0, 1;
    %load/vec4 v0x13f59ea90_0;
    %pad/u 9;
    %ix/vec4 3;
    %ix/load 4, 0, 0; Constant delay
    %assign/vec4/a/d v0x13f59f740, 0, 4;
T_40.7 ;
    %load/vec4 v0x13f59fab0_0;
    %flag_set/vec4 8;
    %jmp/0xz  T_40.9, 8;
    %load/vec4 v0x13f59f980_0;
    %load/vec4 v0x13f59f860_0;
    %pad/u 9;
    %ix/vec4 3;
    %ix/load 4, 0, 0; Constant delay
    %assign/vec4/a/d v0x13f59ecd0, 0, 4;
    %pushi/vec4 1, 0, 1;
    %load/vec4 v0x13f59f860_0;
    %pad/u 9;
    %ix/vec4 3;
    %ix/load 4, 0, 0; Constant delay
    %assign/vec4/a/d v0x13f59f740, 0, 4;
T_40.9 ;
    %load/vec4 v0x13f59fb50_0;
    %flag_set/vec4 8;
    %jmp/0xz  T_40.11, 8;
    %load/vec4 v0x13f59fa10_0;
    %load/vec4 v0x13f59f8f0_0;
    %pad/u 9;
    %ix/vec4 3;
    %ix/load 4, 0, 0; Constant delay
    %assign/vec4/a/d v0x13f59ecd0, 0, 4;
    %pushi/vec4 1, 0, 1;
    %load/vec4 v0x13f59f8f0_0;
    %pad/u 9;
    %ix/vec4 3;
    %ix/load 4, 0, 0; Constant delay
    %assign/vec4/a/d v0x13f59f740, 0, 4;
T_40.11 ;
T_40.1 ;
    %jmp T_40;
    .thread T_40;
    .scope S_0x13f56e5f0;
T_41 ;
    %wait E_0x13f54f620;
    %load/vec4 v0x13f570010_0;
    %flag_set/vec4 8;
    %jmp/0xz  T_41.0, 8;
    %pushi/vec4 0, 0, 8;
    %assign/vec4 v0x13f56feb0_0, 0;
    %pushi/vec4 0, 0, 8;
    %assign/vec4 v0x13f5700a0_0, 0;
    %pushi/vec4 0, 0, 32;
    %store/vec4 v0x13f56ff60_0, 0, 32;
T_41.2 ; Top of for-loop
    %load/vec4 v0x13f56ff60_0;
    %cmpi/s 96, 0, 32;
	  %jmp/0xz T_41.3, 5;
    %load/vec4 v0x13f56ff60_0;
    %parti/s 7, 0, 2;
    %addi 32, 0, 7;
    %ix/getv/s 3, v0x13f56ff60_0;
    %ix/load 4, 0, 0; Constant delay
    %assign/vec4/a/d v0x13f56fb90, 0, 4;
T_41.4 ; for-loop step statement
    %load/vec4 v0x13f56ff60_0;
    %addi 1, 0, 32;
    %store/vec4 v0x13f56ff60_0, 0, 32;
    %jmp T_41.2;
T_41.3 ; for-loop exit label
    %pushi/vec4 96, 0, 8;
    %assign/vec4 v0x13f5700a0_0, 0;
    %jmp T_41.1;
T_41.0 ;
    %load/vec4 v0x13f56f610_0;
    %flag_set/vec4 10;
    %flag_get/vec4 10;
    %jmp/0 T_41.8, 10;
    %load/vec4 v0x13f56f7a0_0;
    %and;
T_41.8;
    %flag_set/vec4 9;
    %flag_get/vec4 9;
    %jmp/0 T_41.7, 9;
    %pushi/vec4 2, 0, 32;
    %load/vec4 v0x13f56fa70_0;
    %pad/u 32;
    %cmp/u;
    %flag_get/vec4 4;
    %flag_get/vec4 5;
    %or;
    %and;
T_41.7;
    %flag_set/vec4 8;
    %jmp/0xz  T_41.5, 8;
    %load/vec4 v0x13f56feb0_0;
    %addi 2, 0, 8;
    %assign/vec4 v0x13f56feb0_0, 0;
    %jmp T_41.6;
T_41.5 ;
    %load/vec4 v0x13f56f610_0;
    %flag_set/vec4 9;
    %flag_get/vec4 9;
    %jmp/0 T_41.11, 9;
    %pushi/vec4 1, 0, 32;
    %load/vec4 v0x13f56fa70_0;
    %pad/u 32;
    %cmp/u;
    %flag_get/vec4 4;
    %flag_get/vec4 5;
    %or;
    %and;
T_41.11;
    %flag_set/vec4 8;
    %jmp/0xz  T_41.9, 8;
    %load/vec4 v0x13f56feb0_0;
    %addi 1, 0, 8;
    %assign/vec4 v0x13f56feb0_0, 0;
T_41.9 ;
T_41.6 ;
    %load/vec4 v0x13f56fc20_0;
    %flag_set/vec4 9;
    %flag_get/vec4 9;
    %jmp/0 T_41.14, 9;
    %load/vec4 v0x13f56fcb0_0;
    %and;
T_41.14;
    %flag_set/vec4 8;
    %jmp/0xz  T_41.12, 8;
    %load/vec4 v0x13f56fd50_0;
    %load/vec4 v0x13f5700a0_0;
    %parti/s 7, 0, 2;
    %pad/u 9;
    %ix/vec4 3;
    %ix/load 4, 0, 0; Constant delay
    %assign/vec4/a/d v0x13f56fb90, 0, 4;
    %load/vec4 v0x13f56fe00_0;
    %load/vec4 v0x13f5700a0_0;
    %parti/s 7, 0, 2;
    %pad/u 32;
    %addi 1, 0, 32;
    %ix/vec4 3;
    %ix/load 4, 0, 0; Constant delay
    %assign/vec4/a/d v0x13f56fb90, 0, 4;
    %load/vec4 v0x13f5700a0_0;
    %addi 2, 0, 8;
    %assign/vec4 v0x13f5700a0_0, 0;
    %jmp T_41.13;
T_41.12 ;
    %load/vec4 v0x13f56fc20_0;
    %flag_set/vec4 8;
    %jmp/0xz  T_41.15, 8;
    %load/vec4 v0x13f56fd50_0;
    %load/vec4 v0x13f5700a0_0;
    %parti/s 7, 0, 2;
    %pad/u 9;
    %ix/vec4 3;
    %ix/load 4, 0, 0; Constant delay
    %assign/vec4/a/d v0x13f56fb90, 0, 4;
    %load/vec4 v0x13f5700a0_0;
    %addi 1, 0, 8;
    %assign/vec4 v0x13f5700a0_0, 0;
    %jmp T_41.16;
T_41.15 ;
    %load/vec4 v0x13f56fcb0_0;
    %flag_set/vec4 8;
    %jmp/0xz  T_41.17, 8;
    %load/vec4 v0x13f56fe00_0;
    %load/vec4 v0x13f5700a0_0;
    %parti/s 7, 0, 2;
    %pad/u 9;
    %ix/vec4 3;
    %ix/load 4, 0, 0; Constant delay
    %assign/vec4/a/d v0x13f56fb90, 0, 4;
    %load/vec4 v0x13f5700a0_0;
    %addi 1, 0, 8;
    %assign/vec4 v0x13f5700a0_0, 0;
T_41.17 ;
T_41.16 ;
T_41.13 ;
T_41.1 ;
    %jmp T_41;
    .thread T_41;
    .scope S_0x13f59fe30;
T_42 ;
    %wait E_0x13f5a05e0;
    %load/vec4 v0x13f5a1740_0;
    %flag_set/vec4 9;
    %flag_get/vec4 9;
    %jmp/0 T_42.2, 9;
    %load/vec4 v0x13f5a1140_0;
    %load/vec4 v0x13f5a15e0_0;
    %cmp/e;
    %flag_get/vec4 4;
    %and;
T_42.2;
    %flag_set/vec4 8;
    %jmp/0xz  T_42.0, 8;
    %load/vec4 v0x13f5a1a00_0;
    %store/vec4 v0x13f5a14c0_0, 0, 7;
    %jmp T_42.1;
T_42.0 ;
    %load/vec4 v0x13f5a1140_0;
    %pad/u 7;
    %ix/vec4 4;
    %load/vec4a v0x13f5a1c80, 4;
    %store/vec4 v0x13f5a14c0_0, 0, 7;
T_42.1 ;
    %jmp T_42;
    .thread T_42, $push;
    .scope S_0x13f59fe30;
T_43 ;
    %wait E_0x13f5a0480;
    %load/vec4 v0x13f5a1740_0;
    %flag_set/vec4 9;
    %flag_get/vec4 9;
    %jmp/0 T_43.2, 9;
    %load/vec4 v0x13f5a11f0_0;
    %load/vec4 v0x13f5a15e0_0;
    %cmp/e;
    %flag_get/vec4 4;
    %and;
T_43.2;
    %flag_set/vec4 8;
    %jmp/0xz  T_43.0, 8;
    %load/vec4 v0x13f5a1a00_0;
    %store/vec4 v0x13f5a1550_0, 0, 7;
    %jmp T_43.1;
T_43.0 ;
    %load/vec4 v0x13f5a11f0_0;
    %pad/u 7;
    %ix/vec4 4;
    %load/vec4a v0x13f5a1c80, 4;
    %store/vec4 v0x13f5a1550_0, 0, 7;
T_43.1 ;
    %jmp T_43;
    .thread T_43, $push;
    .scope S_0x13f59fe30;
T_44 ;
    %wait E_0x13f5a0310;
    %load/vec4 v0x13f5a1740_0;
    %flag_set/vec4 9;
    %flag_get/vec4 9;
    %jmp/0 T_44.2, 9;
    %load/vec4 v0x13f5a1690_0;
    %load/vec4 v0x13f5a15e0_0;
    %cmp/e;
    %flag_get/vec4 4;
    %and;
T_44.2;
    %flag_set/vec4 8;
    %jmp/0xz  T_44.0, 8;
    %load/vec4 v0x13f5a1a00_0;
    %store/vec4 v0x13f5a1950_0, 0, 7;
    %jmp T_44.1;
T_44.0 ;
    %load/vec4 v0x13f5a1690_0;
    %pad/u 7;
    %ix/vec4 4;
    %load/vec4a v0x13f5a1c80, 4;
    %store/vec4 v0x13f5a1950_0, 0, 7;
T_44.1 ;
    %jmp T_44;
    .thread T_44, $push;
    .scope S_0x13f59fe30;
T_45 ;
    %wait E_0x13f54f620;
    %load/vec4 v0x13f5a1b60_0;
    %flag_set/vec4 8;
    %jmp/0xz  T_45.0, 8;
    %pushi/vec4 0, 0, 32;
    %store/vec4 v0x13f5a0f50_0, 0, 32;
T_45.2 ; Top of for-loop
    %load/vec4 v0x13f5a0f50_0;
    %cmpi/s 32, 0, 32;
	  %jmp/0xz T_45.3, 5;
    %load/vec4 v0x13f5a0f50_0;
    %parti/s 7, 0, 2;
    %ix/getv/s 3, v0x13f5a0f50_0;
    %ix/load 4, 0, 0; Constant delay
    %assign/vec4/a/d v0x13f5a1c80, 0, 4;
    %load/vec4 v0x13f5a0f50_0;
    %parti/s 7, 0, 2;
    %ix/getv/s 3, v0x13f5a0f50_0;
    %ix/load 4, 0, 0; Constant delay
    %assign/vec4/a/d v0x13f5a0e30, 0, 4;
T_45.4 ; for-loop step statement
    %load/vec4 v0x13f5a0f50_0;
    %addi 1, 0, 32;
    %store/vec4 v0x13f5a0f50_0, 0, 32;
    %jmp T_45.2;
T_45.3 ; for-loop exit label
    %jmp T_45.1;
T_45.0 ;
    %load/vec4 v0x13f5a1bf0_0;
    %flag_set/vec4 8;
    %jmp/0xz  T_45.5, 8;
    %pushi/vec4 0, 0, 32;
    %store/vec4 v0x13f5a0f50_0, 0, 32;
T_45.7 ; Top of for-loop
    %load/vec4 v0x13f5a0f50_0;
    %cmpi/s 32, 0, 32;
	  %jmp/0xz T_45.8, 5;
    %ix/getv/s 4, v0x13f5a0f50_0;
    %load/vec4a v0x13f5a0e30, 4;
    %ix/getv/s 3, v0x13f5a0f50_0;
    %ix/load 4, 0, 0; Constant delay
    %assign/vec4/a/d v0x13f5a1c80, 0, 4;
T_45.9 ; for-loop step statement
    %load/vec4 v0x13f5a0f50_0;
    %addi 1, 0, 32;
    %store/vec4 v0x13f5a0f50_0, 0, 32;
    %jmp T_45.7;
T_45.8 ; for-loop exit label
    %jmp T_45.6;
T_45.5 ;
    %load/vec4 v0x13f5a1740_0;
    %flag_set/vec4 8;
    %jmp/0xz  T_45.10, 8;
    %load/vec4 v0x13f5a1a00_0;
    %load/vec4 v0x13f5a15e0_0;
    %pad/u 7;
    %ix/vec4 3;
    %ix/load 4, 0, 0; Constant delay
    %assign/vec4/a/d v0x13f5a1c80, 0, 4;
T_45.10 ;
    %load/vec4 v0x13f5a17f0_0;
    %flag_set/vec4 8;
    %jmp/0xz  T_45.12, 8;
    %load/vec4 v0x13f5a1ab0_0;
    %load/vec4 v0x13f5a1690_0;
    %pad/u 7;
    %ix/vec4 3;
    %ix/load 4, 0, 0; Constant delay
    %assign/vec4/a/d v0x13f5a1c80, 0, 4;
T_45.12 ;
    %load/vec4 v0x13f5a0d80_0;
    %flag_set/vec4 8;
    %jmp/0xz  T_45.14, 8;
    %pushi/vec4 0, 0, 32;
    %store/vec4 v0x13f5a0f50_0, 0, 32;
T_45.16 ; Top of for-loop
    %load/vec4 v0x13f5a0f50_0;
    %cmpi/s 32, 0, 32;
	  %jmp/0xz T_45.17, 5;
    %ix/getv/s 4, v0x13f5a0f50_0;
    %load/vec4a v0x13f5a1c80, 4;
    %ix/getv/s 3, v0x13f5a0f50_0;
    %ix/load 4, 0, 0; Constant delay
    %assign/vec4/a/d v0x13f5a0e30, 0, 4;
T_45.18 ; for-loop step statement
    %load/vec4 v0x13f5a0f50_0;
    %addi 1, 0, 32;
    %store/vec4 v0x13f5a0f50_0, 0, 32;
    %jmp T_45.16;
T_45.17 ; for-loop exit label
    %load/vec4 v0x13f5a1740_0;
    %flag_set/vec4 8;
    %jmp/0xz  T_45.19, 8;
    %load/vec4 v0x13f5a1a00_0;
    %load/vec4 v0x13f5a15e0_0;
    %pad/u 7;
    %ix/vec4 3;
    %ix/load 4, 0, 0; Constant delay
    %assign/vec4/a/d v0x13f5a0e30, 0, 4;
T_45.19 ;
    %load/vec4 v0x13f5a17f0_0;
    %flag_set/vec4 8;
    %jmp/0xz  T_45.21, 8;
    %load/vec4 v0x13f5a1ab0_0;
    %load/vec4 v0x13f5a1690_0;
    %pad/u 7;
    %ix/vec4 3;
    %ix/load 4, 0, 0; Constant delay
    %assign/vec4/a/d v0x13f5a0e30, 0, 4;
T_45.21 ;
T_45.14 ;
T_45.6 ;
T_45.1 ;
    %jmp T_45;
    .thread T_45;
    .scope S_0x13f5808b0;
T_46 ;
    %wait E_0x13f54f620;
    %load/vec4 v0x13f582e00_0;
    %flag_set/vec4 8;
    %jmp/0xz  T_46.0, 8;
    %pushi/vec4 8192, 0, 64;
    %assign/vec4 v0x13f581b80_0, 0;
    %pushi/vec4 0, 0, 4;
    %assign/vec4 v0x13f583350_0, 0;
    %pushi/vec4 0, 0, 4;
    %assign/vec4 v0x13f582ce0_0, 0;
    %pushi/vec4 0, 0, 5;
    %assign/vec4 v0x13f582900_0, 0;
    %pushi/vec4 0, 0, 256;
    %assign/vec4 v0x13f581640_0, 0;
    %pushi/vec4 0, 0, 1;
    %assign/vec4 v0x13f582570_0, 0;
    %pushi/vec4 0, 0, 1;
    %assign/vec4 v0x13f5827d0_0, 0;
    %pushi/vec4 0, 0, 32;
    %assign/vec4 v0x13f582450_0, 0;
    %pushi/vec4 0, 0, 64;
    %assign/vec4 v0x13f5824e0_0, 0;
    %pushi/vec4 0, 0, 1;
    %assign/vec4 v0x13f5823a0_0, 0;
    %pushi/vec4 0, 0, 32;
    %assign/vec4 v0x13f582690_0, 0;
    %pushi/vec4 0, 0, 64;
    %assign/vec4 v0x13f582720_0, 0;
    %pushi/vec4 0, 0, 1;
    %assign/vec4 v0x13f582600_0, 0;
    %jmp T_46.1;
T_46.0 ;
    %load/vec4 v0x13f5817d0_0;
    %flag_set/vec4 9;
    %flag_get/vec4 9;
    %jmp/0 T_46.4, 9;
    %load/vec4 v0x13f5816f0_0;
    %load/vec4 v0x13f581590_0;
    %cmp/ne;
    %flag_get/vec4 4;
    %and;
T_46.4;
    %flag_set/vec4 8;
    %jmp/0xz  T_46.2, 8;
    %load/vec4 v0x13f581640_0;
    %load/vec4 v0x13f581870_0;
    %parti/s 8, 2, 3;
    %part/u 1;
    %inv;
    %ix/load 5, 0, 0;
    %load/vec4 v0x13f581870_0;
    %parti/s 8, 2, 3;
    %ix/vec4 4;
    %assign/vec4/off/d v0x13f581640_0, 4, 5;
T_46.2 ;
    %load/vec4 v0x13f581c10_0;
    %flag_set/vec4 8;
    %jmp/0xz  T_46.5, 8;
    %load/vec4 v0x13f581ca0_0;
    %assign/vec4 v0x13f581b80_0, 0;
    %pushi/vec4 0, 0, 4;
    %assign/vec4 v0x13f583350_0, 0;
    %pushi/vec4 0, 0, 4;
    %assign/vec4 v0x13f582ce0_0, 0;
    %pushi/vec4 0, 0, 5;
    %assign/vec4 v0x13f582900_0, 0;
    %pushi/vec4 0, 0, 1;
    %assign/vec4 v0x13f582570_0, 0;
    %pushi/vec4 0, 0, 1;
    %assign/vec4 v0x13f5827d0_0, 0;
    %jmp T_46.6;
T_46.5 ;
    %load/vec4 v0x13f582900_0;
    %store/vec4 v0x13f5819b0_0, 0, 5;
    %load/vec4 v0x13f582ce0_0;
    %store/vec4 v0x13f582e90_0, 0, 4;
    %load/vec4 v0x13f583350_0;
    %store/vec4 v0x13f5832a0_0, 0, 4;
    %load/vec4 v0x13f581b80_0;
    %store/vec4 v0x13f581d30_0, 0, 64;
    %load/vec4 v0x13f581ac0_0;
    %dup/vec4;
    %pushi/vec4 0, 0, 2;
    %cmp/u;
    %jmp/1 T_46.7, 6;
    %dup/vec4;
    %pushi/vec4 1, 0, 2;
    %cmp/u;
    %jmp/1 T_46.8, 6;
    %load/vec4 v0x13f5819b0_0;
    %cmpi/u 2, 0, 5;
    %flag_inv 5; GE is !LT
    %flag_mov 8, 5;
    %jmp/0 T_46.11, 8;
    %pushi/vec4 2, 0, 2;
    %jmp/1 T_46.12, 8;
T_46.11 ; End of true expr.
    %load/vec4 v0x13f5819b0_0;
    %cmpi/e 1, 0, 5;
    %flag_mov 9, 4;
    %jmp/0 T_46.13, 9;
    %pushi/vec4 1, 0, 2;
    %jmp/1 T_46.14, 9;
T_46.13 ; End of true expr.
    %pushi/vec4 0, 0, 2;
    %jmp/0 T_46.14, 9;
 ; End of false expr.
    %blend;
T_46.14;
    %jmp/0 T_46.12, 8;
 ; End of false expr.
    %blend;
T_46.12;
    %store/vec4 v0x13f583140_0, 0, 2;
    %jmp T_46.10;
T_46.7 ;
    %pushi/vec4 0, 0, 2;
    %store/vec4 v0x13f583140_0, 0, 2;
    %jmp T_46.10;
T_46.8 ;
    %load/vec4 v0x13f5819b0_0;
    %cmpi/u 1, 0, 5;
    %flag_inv 5; GE is !LT
    %flag_mov 8, 5;
    %jmp/0 T_46.15, 8;
    %pushi/vec4 1, 0, 2;
    %jmp/1 T_46.16, 8;
T_46.15 ; End of true expr.
    %pushi/vec4 0, 0, 2;
    %jmp/0 T_46.16, 8;
 ; End of false expr.
    %blend;
T_46.16;
    %store/vec4 v0x13f583140_0, 0, 2;
    %jmp T_46.10;
T_46.10 ;
    %pop/vec4 1;
    %load/vec4 v0x13f583140_0;
    %cmpi/e 2, 0, 2;
    %jmp/0xz  T_46.17, 4;
    %load/vec4 v0x13f5819b0_0;
    %subi 2, 0, 5;
    %store/vec4 v0x13f5819b0_0, 0, 5;
    %alloc S_0x13f580de0;
    %alloc S_0x13f580de0;
    %load/vec4 v0x13f582ce0_0;
    %store/vec4 v0x13f581070_0, 0, 4;
    %callf/vec4 TD_tinker_tb.dut.u_fu.inc_ptr, S_0x13f580de0;
    %free S_0x13f580de0;
    %store/vec4 v0x13f581070_0, 0, 4;
    %callf/vec4 TD_tinker_tb.dut.u_fu.inc_ptr, S_0x13f580de0;
    %free S_0x13f580de0;
    %store/vec4 v0x13f582e90_0, 0, 4;
    %jmp T_46.18;
T_46.17 ;
    %load/vec4 v0x13f583140_0;
    %cmpi/e 1, 0, 2;
    %jmp/0xz  T_46.19, 4;
    %load/vec4 v0x13f5819b0_0;
    %subi 1, 0, 5;
    %store/vec4 v0x13f5819b0_0, 0, 5;
    %alloc S_0x13f580de0;
    %load/vec4 v0x13f582ce0_0;
    %store/vec4 v0x13f581070_0, 0, 4;
    %callf/vec4 TD_tinker_tb.dut.u_fu.inc_ptr, S_0x13f580de0;
    %free S_0x13f580de0;
    %store/vec4 v0x13f582e90_0, 0, 4;
T_46.19 ;
T_46.18 ;
    %pushi/vec4 0, 0, 1;
    %store/vec4 v0x13f582ff0_0, 0, 1;
    %load/vec4 v0x13f581d30_0;
    %parti/s 58, 6, 4;
    %concati/vec4 0, 0, 6;
    %store/vec4 v0x13f582240_0, 0, 64;
    %load/vec4 v0x13f581d30_0;
    %parti/s 4, 2, 3;
    %store/vec4 v0x13f583090_0, 0, 4;
    %load/vec4 v0x13f5819b0_0;
    %cmpi/u 16, 0, 5;
    %jmp/0xz  T_46.21, 5;
    %load/vec4 v0x13f583090_0;
    %pad/u 32;
    %store/vec4 v0x13f5831f0_0, 0, 32;
T_46.23 ; Top of for-loop
    %load/vec4 v0x13f5831f0_0;
    %cmpi/s 15, 0, 32;
    %flag_or 5, 4;
	  %jmp/0xz T_46.24, 5;
    %load/vec4 v0x13f582ff0_0;
    %flag_set/vec4 9;
    %flag_get/vec4 9;
    %jmp/1 T_46.28, 9;
    %pushi/vec4 16, 0, 5;
    %load/vec4 v0x13f5819b0_0;
    %cmp/u;
    %flag_get/vec4 4;
    %flag_get/vec4 5;
    %or;
    %or;
T_46.28;
    %nor/r;
    %flag_set/vec4 8;
    %jmp/0xz  T_46.26, 8;
    %load/vec4 v0x13f5820f0_0;
    %load/vec4 v0x13f5831f0_0;
    %muli 32, 0, 32;
    %part/s 32;
    %store/vec4 v0x13f581e90_0, 0, 32;
    %load/vec4 v0x13f582240_0;
    %load/vec4 v0x13f5831f0_0;
    %pad/u 64;
    %ix/load 4, 2, 0;
    %flag_set/imm 4, 0;
    %shiftl 4;
    %add;
    %store/vec4 v0x13f581de0_0, 0, 64;
    %load/vec4 v0x13f581e90_0;
    %parti/s 5, 27, 6;
    %store/vec4 v0x13f5822f0_0, 0, 5;
    %alloc S_0x13f581110;
    %load/vec4 v0x13f5822f0_0;
    %store/vec4 v0x13f581370_0, 0, 5;
    %callf/vec4 TD_tinker_tb.dut.u_fu.is_branch_opcode, S_0x13f581110;
    %free S_0x13f581110;
    %store/vec4 v0x13f5821a0_0, 0, 1;
    %pushi/vec4 0, 0, 1;
    %store/vec4 v0x13f582860_0, 0, 1;
    %load/vec4 v0x13f5822f0_0;
    %cmpi/e 10, 0, 5;
    %jmp/0xz  T_46.29, 4;
    %load/vec4 v0x13f581e90_0;
    %parti/s 1, 11, 5;
    %flag_set/vec4 8;
    %jmp/0xz  T_46.31, 8;
    %pushi/vec4 1, 0, 1;
    %store/vec4 v0x13f582860_0, 0, 1;
    %jmp T_46.32;
T_46.31 ;
    %load/vec4 v0x13f581640_0;
    %load/vec4 v0x13f581de0_0;
    %parti/s 8, 2, 3;
    %part/u 1;
    %store/vec4 v0x13f582860_0, 0, 1;
T_46.32 ;
T_46.29 ;
    %load/vec4 v0x13f581e90_0;
    %load/vec4 v0x13f5832a0_0;
    %pad/u 6;
    %ix/vec4 4;
    %store/vec4a v0x13f5829b0, 4, 0;
    %load/vec4 v0x13f581de0_0;
    %load/vec4 v0x13f5832a0_0;
    %pad/u 6;
    %ix/vec4 4;
    %store/vec4a v0x13f582a50, 4, 0;
    %load/vec4 v0x13f582860_0;
    %ix/getv 4, v0x13f5832a0_0;
    %store/vec4 v0x13f581fe0_0, 4, 1;
    %alloc S_0x13f580de0;
    %load/vec4 v0x13f5832a0_0;
    %store/vec4 v0x13f581070_0, 0, 4;
    %callf/vec4 TD_tinker_tb.dut.u_fu.inc_ptr, S_0x13f580de0;
    %free S_0x13f580de0;
    %store/vec4 v0x13f5832a0_0, 0, 4;
    %load/vec4 v0x13f5819b0_0;
    %addi 1, 0, 5;
    %store/vec4 v0x13f5819b0_0, 0, 5;
    %load/vec4 v0x13f581de0_0;
    %addi 4, 0, 64;
    %store/vec4 v0x13f581d30_0, 0, 64;
    %load/vec4 v0x13f5822f0_0;
    %cmpi/e 10, 0, 5;
    %flag_get/vec4 4;
    %jmp/0 T_46.35, 4;
    %load/vec4 v0x13f582860_0;
    %and;
T_46.35;
    %flag_set/vec4 8;
    %jmp/0xz  T_46.33, 8;
    %load/vec4 v0x13f581e90_0;
    %parti/s 1, 11, 5;
    %replicate 52;
    %load/vec4 v0x13f581e90_0;
    %parti/s 12, 0, 2;
    %concat/vec4; draw_concat_vec4
    %store/vec4 v0x13f582f40_0, 0, 64;
    %load/vec4 v0x13f581de0_0;
    %load/vec4 v0x13f582f40_0;
    %add;
    %store/vec4 v0x13f581d30_0, 0, 64;
    %pushi/vec4 1, 0, 1;
    %store/vec4 v0x13f582ff0_0, 0, 1;
T_46.33 ;
T_46.26 ;
T_46.25 ; for-loop step statement
    %load/vec4 v0x13f5831f0_0;
    %addi 1, 0, 32;
    %store/vec4 v0x13f5831f0_0, 0, 32;
    %jmp T_46.23;
T_46.24 ; for-loop exit label
T_46.21 ;
    %load/vec4 v0x13f581d30_0;
    %assign/vec4 v0x13f581b80_0, 0;
    %load/vec4 v0x13f5832a0_0;
    %assign/vec4 v0x13f583350_0, 0;
    %load/vec4 v0x13f582e90_0;
    %assign/vec4 v0x13f582ce0_0, 0;
    %load/vec4 v0x13f5819b0_0;
    %assign/vec4 v0x13f582900_0, 0;
    %alloc S_0x13f580de0;
    %load/vec4 v0x13f582e90_0;
    %store/vec4 v0x13f581070_0, 0, 4;
    %callf/vec4 TD_tinker_tb.dut.u_fu.inc_ptr, S_0x13f580de0;
    %free S_0x13f580de0;
    %store/vec4 v0x13f582d70_0, 0, 4;
    %pushi/vec4 1, 0, 5;
    %load/vec4 v0x13f5819b0_0;
    %cmp/u;
    %flag_get/vec4 4;
    %flag_get/vec4 5;
    %or;
    %assign/vec4 v0x13f582570_0, 0;
    %pushi/vec4 2, 0, 5;
    %load/vec4 v0x13f5819b0_0;
    %cmp/u;
    %flag_get/vec4 4;
    %flag_get/vec4 5;
    %or;
    %assign/vec4 v0x13f5827d0_0, 0;
    %load/vec4 v0x13f582e90_0;
    %pad/u 6;
    %ix/vec4 4;
    %load/vec4a v0x13f5829b0, 4;
    %assign/vec4 v0x13f582450_0, 0;
    %load/vec4 v0x13f582e90_0;
    %pad/u 6;
    %ix/vec4 4;
    %load/vec4a v0x13f582a50, 4;
    %assign/vec4 v0x13f5824e0_0, 0;
    %load/vec4 v0x13f581fe0_0;
    %load/vec4 v0x13f582e90_0;
    %part/u 1;
    %assign/vec4 v0x13f5823a0_0, 0;
    %load/vec4 v0x13f582d70_0;
    %pad/u 6;
    %ix/vec4 4;
    %load/vec4a v0x13f5829b0, 4;
    %assign/vec4 v0x13f582690_0, 0;
    %load/vec4 v0x13f582d70_0;
    %pad/u 6;
    %ix/vec4 4;
    %load/vec4a v0x13f582a50, 4;
    %assign/vec4 v0x13f582720_0, 0;
    %load/vec4 v0x13f581fe0_0;
    %load/vec4 v0x13f582d70_0;
    %part/u 1;
    %assign/vec4 v0x13f582600_0, 0;
T_46.6 ;
T_46.1 ;
    %jmp T_46;
    .thread T_46;
    .scope S_0x13f5a21c0;
T_47 ;
    %wait E_0x13f5a29f0;
    %pushi/vec4 0, 0, 1;
    %store/vec4 v0x13f5a5200_0, 0, 1;
    %pushi/vec4 0, 0, 3;
    %store/vec4 v0x13f5a58c0_0, 0, 3;
    %pushi/vec4 0, 0, 5;
    %store/vec4 v0x13f5a50a0_0, 0, 5;
    %pushi/vec4 0, 0, 7;
    %store/vec4 v0x13f5a54a0_0, 0, 7;
    %pushi/vec4 0, 0, 7;
    %store/vec4 v0x13f5a5340_0, 0, 7;
    %pushi/vec4 0, 0, 64;
    %store/vec4 v0x13f5a5600_0, 0, 64;
    %pushi/vec4 0, 0, 64;
    %store/vec4 v0x13f5a5760_0, 0, 64;
    %pushi/vec4 0, 0, 1;
    %store/vec4 v0x13f5a52a0_0, 0, 1;
    %pushi/vec4 0, 0, 3;
    %store/vec4 v0x13f5a5970_0, 0, 3;
    %pushi/vec4 0, 0, 5;
    %store/vec4 v0x13f5a5150_0, 0, 5;
    %pushi/vec4 0, 0, 7;
    %store/vec4 v0x13f5a5550_0, 0, 7;
    %pushi/vec4 0, 0, 7;
    %store/vec4 v0x13f5a53f0_0, 0, 7;
    %pushi/vec4 0, 0, 64;
    %store/vec4 v0x13f5a56b0_0, 0, 64;
    %pushi/vec4 0, 0, 64;
    %store/vec4 v0x13f5a5810_0, 0, 64;
    %pushi/vec4 0, 0, 1;
    %store/vec4 v0x13f5a3650_0, 0, 1;
    %pushi/vec4 0, 0, 1;
    %store/vec4 v0x13f5a4630_0, 0, 1;
    %load/vec4 v0x13f5a5f00_0;
    %nor/r;
    %flag_set/vec4 12;
    %flag_get/vec4 12;
    %jmp/0 T_47.5, 12;
    %load/vec4 v0x13f5a5e60_0;
    %nor/r;
    %and;
T_47.5;
    %flag_set/vec4 11;
    %flag_get/vec4 11;
    %jmp/0 T_47.4, 11;
    %pushi/vec4 0, 0, 32;
    %load/vec4 v0x13f5a5bb0_0;
    %pad/u 32;
    %cmp/u;
    %flag_get/vec4 5;
    %and;
T_47.4;
    %flag_set/vec4 10;
    %flag_get/vec4 10;
    %jmp/0 T_47.3, 10;
    %load/vec4 v0x13f5a4ef0_0;
    %pad/u 7;
    %ix/vec4 4;
    %load/vec4a v0x13f5a7a50, 4;
    %and;
T_47.3;
    %flag_set/vec4 9;
    %flag_get/vec4 9;
    %jmp/0 T_47.2, 9;
    %load/vec4 v0x13f5a4ef0_0;
    %pad/u 7;
    %ix/vec4 4;
    %load/vec4a v0x13f5a5a20, 4;
    %and;
T_47.2;
    %flag_set/vec4 8;
    %jmp/0xz  T_47.0, 8;
    %pushi/vec4 1, 0, 1;
    %store/vec4 v0x13f5a3650_0, 0, 1;
    %pushi/vec4 1, 0, 1;
    %store/vec4 v0x13f5a5200_0, 0, 1;
    %load/vec4 v0x13f5a4ef0_0;
    %pad/u 7;
    %ix/vec4 4;
    %load/vec4a v0x13f5a68b0, 4;
    %store/vec4 v0x13f5a58c0_0, 0, 3;
    %load/vec4 v0x13f5a4ef0_0;
    %pad/u 7;
    %ix/vec4 4;
    %load/vec4a v0x13f5a3fe0, 4;
    %store/vec4 v0x13f5a50a0_0, 0, 5;
    %load/vec4 v0x13f5a4ef0_0;
    %pad/u 7;
    %ix/vec4 4;
    %load/vec4a v0x13f5a7080, 4;
    %store/vec4 v0x13f5a54a0_0, 0, 7;
    %load/vec4 v0x13f5a4ef0_0;
    %pad/u 7;
    %ix/vec4 4;
    %load/vec4a v0x13f5a6ce0, 4;
    %store/vec4 v0x13f5a5340_0, 0, 7;
    %load/vec4 v0x13f5a4ef0_0;
    %pad/u 7;
    %ix/vec4 4;
    %load/vec4a v0x13f5a7550, 4;
    %store/vec4 v0x13f5a5600_0, 0, 64;
    %load/vec4 v0x13f5a4ef0_0;
    %pad/u 7;
    %ix/vec4 4;
    %load/vec4a v0x13f5a7de0, 4;
    %store/vec4 v0x13f5a5760_0, 0, 64;
    %load/vec4 v0x13f5a4ef0_0;
    %pad/u 7;
    %ix/vec4 4;
    %load/vec4a v0x13f5a68b0, 4;
    %cmpi/ne 3, 0, 3;
    %flag_get/vec4 4;
    %jmp/0 T_47.11, 4;
    %load/vec4 v0x13f5a4ef0_0;
    %pad/u 7;
    %ix/vec4 4;
    %load/vec4a v0x13f5a68b0, 4;
    %pushi/vec4 5, 0, 3;
    %cmp/ne;
    %flag_get/vec4 4;
    %and;
T_47.11;
    %flag_set/vec4 11;
    %flag_get/vec4 11;
    %jmp/0 T_47.10, 11;
    %pushi/vec4 1, 0, 32;
    %load/vec4 v0x13f5a5bb0_0;
    %pad/u 32;
    %cmp/u;
    %flag_get/vec4 5;
    %and;
T_47.10;
    %flag_set/vec4 10;
    %flag_get/vec4 10;
    %jmp/0 T_47.9, 10;
    %load/vec4 v0x13f5a4f80_0;
    %pad/u 7;
    %ix/vec4 4;
    %load/vec4a v0x13f5a7a50, 4;
    %and;
T_47.9;
    %flag_set/vec4 9;
    %flag_get/vec4 9;
    %jmp/0 T_47.8, 9;
    %load/vec4 v0x13f5a4f80_0;
    %pad/u 7;
    %ix/vec4 4;
    %load/vec4a v0x13f5a5a20, 4;
    %and;
T_47.8;
    %flag_set/vec4 8;
    %jmp/0xz  T_47.6, 8;
    %pushi/vec4 1, 0, 1;
    %store/vec4 v0x13f5a4630_0, 0, 1;
    %pushi/vec4 1, 0, 1;
    %store/vec4 v0x13f5a52a0_0, 0, 1;
    %load/vec4 v0x13f5a4f80_0;
    %pad/u 7;
    %ix/vec4 4;
    %load/vec4a v0x13f5a68b0, 4;
    %store/vec4 v0x13f5a5970_0, 0, 3;
    %load/vec4 v0x13f5a4f80_0;
    %pad/u 7;
    %ix/vec4 4;
    %load/vec4a v0x13f5a3fe0, 4;
    %store/vec4 v0x13f5a5150_0, 0, 5;
    %load/vec4 v0x13f5a4f80_0;
    %pad/u 7;
    %ix/vec4 4;
    %load/vec4a v0x13f5a7080, 4;
    %store/vec4 v0x13f5a5550_0, 0, 7;
    %load/vec4 v0x13f5a4f80_0;
    %pad/u 7;
    %ix/vec4 4;
    %load/vec4a v0x13f5a6ce0, 4;
    %store/vec4 v0x13f5a53f0_0, 0, 7;
    %load/vec4 v0x13f5a4f80_0;
    %pad/u 7;
    %ix/vec4 4;
    %load/vec4a v0x13f5a7550, 4;
    %store/vec4 v0x13f5a56b0_0, 0, 64;
    %load/vec4 v0x13f5a4f80_0;
    %pad/u 7;
    %ix/vec4 4;
    %load/vec4a v0x13f5a7de0, 4;
    %store/vec4 v0x13f5a5810_0, 0, 64;
T_47.6 ;
T_47.0 ;
    %jmp T_47;
    .thread T_47, $push;
    .scope S_0x13f5a21c0;
T_48 ;
    %wait E_0x13f54f620;
    %load/vec4 v0x13f5a74c0_0;
    %flag_set/vec4 8;
    %jmp/0xz  T_48.0, 8;
    %pushi/vec4 0, 0, 6;
    %assign/vec4 v0x13f5a6620_0, 0;
    %pushi/vec4 0, 0, 6;
    %assign/vec4 v0x13f5a78f0_0, 0;
    %pushi/vec4 0, 0, 1;
    %assign/vec4 v0x13f5a6760_0, 0;
    %pushi/vec4 0, 0, 1;
    %assign/vec4 v0x13f5a5e60_0, 0;
    %pushi/vec4 0, 0, 1;
    %assign/vec4 v0x13f5a5f90_0, 0;
    %pushi/vec4 0, 0, 1;
    %assign/vec4 v0x13f5a6030_0, 0;
    %pushi/vec4 0, 0, 64;
    %assign/vec4 v0x13f5a6390_0, 0;
    %pushi/vec4 0, 0, 6;
    %assign/vec4 v0x13f5a5d10_0, 0;
    %pushi/vec4 0, 0, 6;
    %assign/vec4 v0x13f5a5c60_0, 0;
    %pushi/vec4 0, 0, 32;
    %store/vec4 v0x13f5a6800_0, 0, 32;
T_48.2 ; Top of for-loop
    %load/vec4 v0x13f5a6800_0;
    %cmpi/s 32, 0, 32;
	  %jmp/0xz T_48.3, 5;
    %pushi/vec4 0, 0, 1;
    %ix/getv/s 3, v0x13f5a6800_0;
    %ix/load 4, 0, 0; Constant delay
    %assign/vec4/a/d v0x13f5a7a50, 0, 4;
    %pushi/vec4 0, 0, 1;
    %ix/getv/s 3, v0x13f5a6800_0;
    %ix/load 4, 0, 0; Constant delay
    %assign/vec4/a/d v0x13f5a5a20, 0, 4;
T_48.4 ; for-loop step statement
    %load/vec4 v0x13f5a6800_0;
    %addi 1, 0, 32;
    %store/vec4 v0x13f5a6800_0, 0, 32;
    %jmp T_48.2;
T_48.3 ; for-loop exit label
    %jmp T_48.1;
T_48.0 ;
    %pushi/vec4 0, 0, 1;
    %assign/vec4 v0x13f5a5f90_0, 0;
    %pushi/vec4 0, 0, 1;
    %assign/vec4 v0x13f5a6030_0, 0;
    %load/vec4 v0x13f5a4bb0_0;
    %flag_set/vec4 8;
    %jmp/0xz  T_48.5, 8;
    %pushi/vec4 1, 0, 1;
    %load/vec4 v0x13f5a4900_0;
    %pad/u 7;
    %ix/vec4 3;
    %ix/load 4, 0, 0; Constant delay
    %assign/vec4/a/d v0x13f5a5a20, 0, 4;
    %load/vec4 v0x13f5a4d50_0;
    %load/vec4 v0x13f5a4900_0;
    %pad/u 7;
    %ix/vec4 3;
    %ix/load 4, 0, 0; Constant delay
    %assign/vec4/a/d v0x13f5a7de0, 0, 4;
    %load/vec4 v0x13f5a4a60_0;
    %load/vec4 v0x13f5a4900_0;
    %pad/u 7;
    %ix/vec4 3;
    %ix/load 4, 0, 0; Constant delay
    %assign/vec4/a/d v0x13f5a7550, 0, 4;
    %load/vec4 v0x13f5a46c0_0;
    %load/vec4 v0x13f5a4900_0;
    %pad/u 7;
    %ix/vec4 3;
    %ix/load 4, 0, 0; Constant delay
    %assign/vec4/a/d v0x13f5a4310, 0, 4;
    %load/vec4 v0x13f5a47e0_0;
    %load/vec4 v0x13f5a4900_0;
    %pad/u 7;
    %ix/vec4 3;
    %ix/load 4, 0, 0; Constant delay
    %assign/vec4/a/d v0x13f5a6c50, 0, 4;
T_48.5 ;
    %load/vec4 v0x13f5a4c80_0;
    %flag_set/vec4 8;
    %jmp/0xz  T_48.7, 8;
    %pushi/vec4 1, 0, 1;
    %load/vec4 v0x13f5a49b0_0;
    %pad/u 7;
    %ix/vec4 3;
    %ix/load 4, 0, 0; Constant delay
    %assign/vec4/a/d v0x13f5a5a20, 0, 4;
    %load/vec4 v0x13f5a4e20_0;
    %load/vec4 v0x13f5a49b0_0;
    %pad/u 7;
    %ix/vec4 3;
    %ix/load 4, 0, 0; Constant delay
    %assign/vec4/a/d v0x13f5a7de0, 0, 4;
    %load/vec4 v0x13f5a4b00_0;
    %load/vec4 v0x13f5a49b0_0;
    %pad/u 7;
    %ix/vec4 3;
    %ix/load 4, 0, 0; Constant delay
    %assign/vec4/a/d v0x13f5a7550, 0, 4;
    %load/vec4 v0x13f5a4750_0;
    %load/vec4 v0x13f5a49b0_0;
    %pad/u 7;
    %ix/vec4 3;
    %ix/load 4, 0, 0; Constant delay
    %assign/vec4/a/d v0x13f5a4310, 0, 4;
    %load/vec4 v0x13f5a4870_0;
    %load/vec4 v0x13f5a49b0_0;
    %pad/u 7;
    %ix/vec4 3;
    %ix/load 4, 0, 0; Constant delay
    %assign/vec4/a/d v0x13f5a6c50, 0, 4;
T_48.7 ;
    %load/vec4 v0x13f5a5f00_0;
    %flag_set/vec4 8;
    %jmp/0xz  T_48.9, 8;
    %load/vec4 v0x13f5a4bb0_0;
    %flag_set/vec4 9;
    %flag_get/vec4 9;
    %jmp/0 T_48.13, 9;
    %load/vec4 v0x13f5a4900_0;
    %load/vec4 v0x13f5a6440_0;
    %cmp/e;
    %flag_get/vec4 4;
    %and;
T_48.13;
    %flag_set/vec4 8;
    %jmp/0xz  T_48.11, 8;
    %load/vec4 v0x13f5a4d50_0;
    %assign/vec4 v0x13f5a6390_0, 0;
    %jmp T_48.12;
T_48.11 ;
    %load/vec4 v0x13f5a4c80_0;
    %flag_set/vec4 9;
    %flag_get/vec4 9;
    %jmp/0 T_48.16, 9;
    %load/vec4 v0x13f5a49b0_0;
    %load/vec4 v0x13f5a6440_0;
    %cmp/e;
    %flag_get/vec4 4;
    %and;
T_48.16;
    %flag_set/vec4 8;
    %jmp/0xz  T_48.14, 8;
    %load/vec4 v0x13f5a4e20_0;
    %assign/vec4 v0x13f5a6390_0, 0;
    %jmp T_48.15;
T_48.14 ;
    %load/vec4 v0x13f5a6440_0;
    %pad/u 7;
    %ix/vec4 4;
    %load/vec4a v0x13f5a7de0, 4;
    %assign/vec4 v0x13f5a6390_0, 0;
T_48.15 ;
T_48.12 ;
    %load/vec4 v0x13f5a6230_0;
    %assign/vec4 v0x13f5a78f0_0, 0;
    %load/vec4 v0x13f5a6230_0;
    %assign/vec4 v0x13f5a5d10_0, 0;
    %load/vec4 v0x13f5a78f0_0;
    %assign/vec4 v0x13f5a5c60_0, 0;
    %load/vec4 v0x13f5a6230_0;
    %load/vec4 v0x13f5a78f0_0;
    %cmp/ne;
    %flag_get/vec4 4;
    %assign/vec4 v0x13f5a5e60_0, 0;
    %jmp T_48.10;
T_48.9 ;
    %load/vec4 v0x13f5a5e60_0;
    %flag_set/vec4 8;
    %jmp/0xz  T_48.17, 8;
    %load/vec4 v0x13f5a5c60_0;
    %pad/u 32;
    %load/vec4 v0x13f5a5d10_0;
    %pad/u 32;
    %sub;
    %cmpi/u 2, 0, 32;
    %flag_inv 5; GE is !LT
    %jmp/0xz  T_48.19, 5;
    %load/vec4 v0x13f5a5d10_0;
    %parti/s 5, 0, 2;
    %pad/u 7;
    %ix/vec4 4;
    %load/vec4a v0x13f5a6590, 4;
    %flag_set/vec4 8;
    %jmp/0xz  T_48.21, 8;
    %pushi/vec4 1, 0, 1;
    %assign/vec4 v0x13f5a5f90_0, 0;
    %load/vec4 v0x13f5a5d10_0;
    %parti/s 5, 0, 2;
    %pad/u 7;
    %ix/vec4 4;
    %load/vec4a v0x13f5a6ce0, 4;
    %assign/vec4 v0x13f5a60d0_0, 0;
T_48.21 ;
    %load/vec4 v0x13f5a5d10_0;
    %parti/s 5, 0, 2;
    %addi 1, 0, 5;
    %pad/u 7;
    %ix/vec4 4;
    %load/vec4a v0x13f5a6590, 4;
    %flag_set/vec4 8;
    %jmp/0xz  T_48.23, 8;
    %pushi/vec4 1, 0, 1;
    %assign/vec4 v0x13f5a6030_0, 0;
    %load/vec4 v0x13f5a5d10_0;
    %parti/s 5, 0, 2;
    %addi 1, 0, 5;
    %pad/u 7;
    %ix/vec4 4;
    %load/vec4a v0x13f5a6ce0, 4;
    %assign/vec4 v0x13f5a6180_0, 0;
T_48.23 ;
    %pushi/vec4 0, 0, 1;
    %load/vec4 v0x13f5a5d10_0;
    %parti/s 5, 0, 2;
    %pad/u 7;
    %ix/vec4 3;
    %ix/load 4, 0, 0; Constant delay
    %assign/vec4/a/d v0x13f5a7a50, 0, 4;
    %pushi/vec4 0, 0, 1;
    %load/vec4 v0x13f5a5d10_0;
    %parti/s 5, 0, 2;
    %addi 1, 0, 5;
    %pad/u 7;
    %ix/vec4 3;
    %ix/load 4, 0, 0; Constant delay
    %assign/vec4/a/d v0x13f5a7a50, 0, 4;
    %load/vec4 v0x13f5a5d10_0;
    %addi 2, 0, 6;
    %assign/vec4 v0x13f5a5d10_0, 0;
    %load/vec4 v0x13f5a5c60_0;
    %pad/u 32;
    %load/vec4 v0x13f5a5d10_0;
    %pad/u 32;
    %sub;
    %cmpi/u 2, 0, 32;
    %flag_or 5, 4;
    %jmp/0xz  T_48.25, 5;
    %pushi/vec4 0, 0, 1;
    %assign/vec4 v0x13f5a5e60_0, 0;
T_48.25 ;
    %jmp T_48.20;
T_48.19 ;
    %load/vec4 v0x13f5a5c60_0;
    %pad/u 32;
    %load/vec4 v0x13f5a5d10_0;
    %pad/u 32;
    %sub;
    %cmpi/e 1, 0, 32;
    %jmp/0xz  T_48.27, 4;
    %load/vec4 v0x13f5a5d10_0;
    %parti/s 5, 0, 2;
    %pad/u 7;
    %ix/vec4 4;
    %load/vec4a v0x13f5a6590, 4;
    %flag_set/vec4 8;
    %jmp/0xz  T_48.29, 8;
    %pushi/vec4 1, 0, 1;
    %assign/vec4 v0x13f5a5f90_0, 0;
    %load/vec4 v0x13f5a5d10_0;
    %parti/s 5, 0, 2;
    %pad/u 7;
    %ix/vec4 4;
    %load/vec4a v0x13f5a6ce0, 4;
    %assign/vec4 v0x13f5a60d0_0, 0;
T_48.29 ;
    %pushi/vec4 0, 0, 1;
    %load/vec4 v0x13f5a5d10_0;
    %parti/s 5, 0, 2;
    %pad/u 7;
    %ix/vec4 3;
    %ix/load 4, 0, 0; Constant delay
    %assign/vec4/a/d v0x13f5a7a50, 0, 4;
    %load/vec4 v0x13f5a5d10_0;
    %addi 1, 0, 6;
    %assign/vec4 v0x13f5a5d10_0, 0;
    %pushi/vec4 0, 0, 1;
    %assign/vec4 v0x13f5a5e60_0, 0;
    %jmp T_48.28;
T_48.27 ;
    %pushi/vec4 0, 0, 1;
    %assign/vec4 v0x13f5a5e60_0, 0;
T_48.28 ;
T_48.20 ;
    %jmp T_48.18;
T_48.17 ;
    %load/vec4 v0x13f5a3650_0;
    %flag_set/vec4 9;
    %flag_get/vec4 9;
    %jmp/0 T_48.33, 9;
    %load/vec4 v0x13f5a4630_0;
    %and;
T_48.33;
    %flag_set/vec4 8;
    %jmp/0xz  T_48.31, 8;
    %pushi/vec4 0, 0, 1;
    %load/vec4 v0x13f5a4ef0_0;
    %pad/u 7;
    %ix/vec4 3;
    %ix/load 4, 0, 0; Constant delay
    %assign/vec4/a/d v0x13f5a7a50, 0, 4;
    %pushi/vec4 0, 0, 1;
    %load/vec4 v0x13f5a4f80_0;
    %pad/u 7;
    %ix/vec4 3;
    %ix/load 4, 0, 0; Constant delay
    %assign/vec4/a/d v0x13f5a7a50, 0, 4;
    %load/vec4 v0x13f5a6620_0;
    %addi 2, 0, 6;
    %assign/vec4 v0x13f5a6620_0, 0;
    %load/vec4 v0x13f5a4ef0_0;
    %pad/u 7;
    %ix/vec4 4;
    %load/vec4a v0x13f5a68b0, 4;
    %cmpi/e 5, 0, 3;
    %jmp/1 T_48.36, 4;
    %flag_mov 8, 4;
    %load/vec4 v0x13f5a4f80_0;
    %pad/u 7;
    %ix/vec4 4;
    %load/vec4a v0x13f5a68b0, 4;
    %cmpi/e 5, 0, 3;
    %flag_or 4, 8;
T_48.36;
    %jmp/0xz  T_48.34, 4;
    %pushi/vec4 1, 0, 1;
    %assign/vec4 v0x13f5a6760_0, 0;
T_48.34 ;
    %jmp T_48.32;
T_48.31 ;
    %load/vec4 v0x13f5a3650_0;
    %flag_set/vec4 8;
    %jmp/0xz  T_48.37, 8;
    %pushi/vec4 0, 0, 1;
    %load/vec4 v0x13f5a4ef0_0;
    %pad/u 7;
    %ix/vec4 3;
    %ix/load 4, 0, 0; Constant delay
    %assign/vec4/a/d v0x13f5a7a50, 0, 4;
    %load/vec4 v0x13f5a6620_0;
    %addi 1, 0, 6;
    %assign/vec4 v0x13f5a6620_0, 0;
    %load/vec4 v0x13f5a4ef0_0;
    %pad/u 7;
    %ix/vec4 4;
    %load/vec4a v0x13f5a68b0, 4;
    %cmpi/e 5, 0, 3;
    %jmp/0xz  T_48.39, 4;
    %pushi/vec4 1, 0, 1;
    %assign/vec4 v0x13f5a6760_0, 0;
T_48.39 ;
T_48.37 ;
T_48.32 ;
    %load/vec4 v0x13f5a35c0_0;
    %flag_set/vec4 10;
    %flag_get/vec4 10;
    %jmp/0 T_48.44, 10;
    %load/vec4 v0x13f5a3770_0;
    %and;
T_48.44;
    %flag_set/vec4 9;
    %flag_get/vec4 9;
    %jmp/0 T_48.43, 9;
    %load/vec4 v0x13f5a64e0_0;
    %nor/r;
    %and;
T_48.43;
    %flag_set/vec4 8;
    %jmp/0xz  T_48.41, 8;
    %pushi/vec4 1, 0, 1;
    %load/vec4 v0x13f5a79a0_0;
    %pad/u 7;
    %ix/vec4 3;
    %ix/load 4, 0, 0; Constant delay
    %assign/vec4/a/d v0x13f5a7a50, 0, 4;
    %load/vec4 v0x13f5a3e80_0;
    %load/vec4 v0x13f5a79a0_0;
    %pad/u 7;
    %ix/vec4 3;
    %ix/load 4, 0, 0; Constant delay
    %assign/vec4/a/d v0x13f5a68b0, 0, 4;
    %load/vec4 v0x13f5a3330_0;
    %load/vec4 v0x13f5a79a0_0;
    %pad/u 7;
    %ix/vec4 3;
    %ix/load 4, 0, 0; Constant delay
    %assign/vec4/a/d v0x13f5a3fe0, 0, 4;
    %load/vec4 v0x13f5a3bc0_0;
    %load/vec4 v0x13f5a79a0_0;
    %pad/u 7;
    %ix/vec4 3;
    %ix/load 4, 0, 0; Constant delay
    %assign/vec4/a/d v0x13f5a7080, 0, 4;
    %load/vec4 v0x13f5a3a60_0;
    %load/vec4 v0x13f5a79a0_0;
    %pad/u 7;
    %ix/vec4 3;
    %ix/load 4, 0, 0; Constant delay
    %assign/vec4/a/d v0x13f5a6ce0, 0, 4;
    %load/vec4 v0x13f5a3800_0;
    %load/vec4 v0x13f5a79a0_0;
    %pad/u 7;
    %ix/vec4 3;
    %ix/load 4, 0, 0; Constant delay
    %assign/vec4/a/d v0x13f5a6590, 0, 4;
    %load/vec4 v0x13f5a3e80_0;
    %pushi/vec4 5, 0, 3;
    %cmp/e;
    %flag_get/vec4 4;
    %load/vec4 v0x13f5a79a0_0;
    %pad/u 7;
    %ix/vec4 3;
    %ix/load 4, 0, 0; Constant delay
    %assign/vec4/a/d v0x13f5a5a20, 0, 4;
    %load/vec4 v0x13f5a3480_0;
    %load/vec4 v0x13f5a79a0_0;
    %pad/u 7;
    %ix/vec4 3;
    %ix/load 4, 0, 0; Constant delay
    %assign/vec4/a/d v0x13f5a43a0, 0, 4;
    %pushi/vec4 0, 0, 1;
    %load/vec4 v0x13f5a79a0_0;
    %pad/u 7;
    %ix/vec4 3;
    %ix/load 4, 0, 0; Constant delay
    %assign/vec4/a/d v0x13f5a6c50, 0, 4;
    %load/vec4 v0x13f5a3d20_0;
    %load/vec4 v0x13f5a79a0_0;
    %pad/u 7;
    %ix/vec4 3;
    %ix/load 4, 0, 0; Constant delay
    %assign/vec4/a/d v0x13f5a7420, 0, 4;
    %pushi/vec4 1, 0, 1;
    %load/vec4 v0x13f5a79a0_0;
    %addi 1, 0, 5;
    %pad/u 7;
    %ix/vec4 3;
    %ix/load 4, 0, 0; Constant delay
    %assign/vec4/a/d v0x13f5a7a50, 0, 4;
    %load/vec4 v0x13f5a3f30_0;
    %load/vec4 v0x13f5a79a0_0;
    %addi 1, 0, 5;
    %pad/u 7;
    %ix/vec4 3;
    %ix/load 4, 0, 0; Constant delay
    %assign/vec4/a/d v0x13f5a68b0, 0, 4;
    %load/vec4 v0x13f5a33f0_0;
    %load/vec4 v0x13f5a79a0_0;
    %addi 1, 0, 5;
    %pad/u 7;
    %ix/vec4 3;
    %ix/load 4, 0, 0; Constant delay
    %assign/vec4/a/d v0x13f5a3fe0, 0, 4;
    %load/vec4 v0x13f5a3c70_0;
    %load/vec4 v0x13f5a79a0_0;
    %addi 1, 0, 5;
    %pad/u 7;
    %ix/vec4 3;
    %ix/load 4, 0, 0; Constant delay
    %assign/vec4/a/d v0x13f5a7080, 0, 4;
    %load/vec4 v0x13f5a3b10_0;
    %load/vec4 v0x13f5a79a0_0;
    %addi 1, 0, 5;
    %pad/u 7;
    %ix/vec4 3;
    %ix/load 4, 0, 0; Constant delay
    %assign/vec4/a/d v0x13f5a6ce0, 0, 4;
    %load/vec4 v0x13f5a3890_0;
    %load/vec4 v0x13f5a79a0_0;
    %addi 1, 0, 5;
    %pad/u 7;
    %ix/vec4 3;
    %ix/load 4, 0, 0; Constant delay
    %assign/vec4/a/d v0x13f5a6590, 0, 4;
    %load/vec4 v0x13f5a3f30_0;
    %pushi/vec4 5, 0, 3;
    %cmp/e;
    %flag_get/vec4 4;
    %load/vec4 v0x13f5a79a0_0;
    %addi 1, 0, 5;
    %pad/u 7;
    %ix/vec4 3;
    %ix/load 4, 0, 0; Constant delay
    %assign/vec4/a/d v0x13f5a5a20, 0, 4;
    %load/vec4 v0x13f5a3510_0;
    %load/vec4 v0x13f5a79a0_0;
    %addi 1, 0, 5;
    %pad/u 7;
    %ix/vec4 3;
    %ix/load 4, 0, 0; Constant delay
    %assign/vec4/a/d v0x13f5a43a0, 0, 4;
    %pushi/vec4 0, 0, 1;
    %load/vec4 v0x13f5a79a0_0;
    %addi 1, 0, 5;
    %pad/u 7;
    %ix/vec4 3;
    %ix/load 4, 0, 0; Constant delay
    %assign/vec4/a/d v0x13f5a6c50, 0, 4;
    %load/vec4 v0x13f5a3dd0_0;
    %load/vec4 v0x13f5a79a0_0;
    %addi 1, 0, 5;
    %pad/u 7;
    %ix/vec4 3;
    %ix/load 4, 0, 0; Constant delay
    %assign/vec4/a/d v0x13f5a7420, 0, 4;
    %load/vec4 v0x13f5a78f0_0;
    %addi 2, 0, 6;
    %assign/vec4 v0x13f5a78f0_0, 0;
    %jmp T_48.42;
T_48.41 ;
    %load/vec4 v0x13f5a35c0_0;
    %flag_set/vec4 9;
    %flag_get/vec4 9;
    %jmp/0 T_48.47, 9;
    %load/vec4 v0x13f5a5bb0_0;
    %pad/u 32;
    %cmpi/u 32, 0, 32;
    %flag_get/vec4 5;
    %and;
T_48.47;
    %flag_set/vec4 8;
    %jmp/0xz  T_48.45, 8;
    %pushi/vec4 1, 0, 1;
    %load/vec4 v0x13f5a79a0_0;
    %pad/u 7;
    %ix/vec4 3;
    %ix/load 4, 0, 0; Constant delay
    %assign/vec4/a/d v0x13f5a7a50, 0, 4;
    %load/vec4 v0x13f5a3e80_0;
    %load/vec4 v0x13f5a79a0_0;
    %pad/u 7;
    %ix/vec4 3;
    %ix/load 4, 0, 0; Constant delay
    %assign/vec4/a/d v0x13f5a68b0, 0, 4;
    %load/vec4 v0x13f5a3330_0;
    %load/vec4 v0x13f5a79a0_0;
    %pad/u 7;
    %ix/vec4 3;
    %ix/load 4, 0, 0; Constant delay
    %assign/vec4/a/d v0x13f5a3fe0, 0, 4;
    %load/vec4 v0x13f5a3bc0_0;
    %load/vec4 v0x13f5a79a0_0;
    %pad/u 7;
    %ix/vec4 3;
    %ix/load 4, 0, 0; Constant delay
    %assign/vec4/a/d v0x13f5a7080, 0, 4;
    %load/vec4 v0x13f5a3a60_0;
    %load/vec4 v0x13f5a79a0_0;
    %pad/u 7;
    %ix/vec4 3;
    %ix/load 4, 0, 0; Constant delay
    %assign/vec4/a/d v0x13f5a6ce0, 0, 4;
    %load/vec4 v0x13f5a3800_0;
    %load/vec4 v0x13f5a79a0_0;
    %pad/u 7;
    %ix/vec4 3;
    %ix/load 4, 0, 0; Constant delay
    %assign/vec4/a/d v0x13f5a6590, 0, 4;
    %load/vec4 v0x13f5a3e80_0;
    %pushi/vec4 5, 0, 3;
    %cmp/e;
    %flag_get/vec4 4;
    %load/vec4 v0x13f5a79a0_0;
    %pad/u 7;
    %ix/vec4 3;
    %ix/load 4, 0, 0; Constant delay
    %assign/vec4/a/d v0x13f5a5a20, 0, 4;
    %load/vec4 v0x13f5a3480_0;
    %load/vec4 v0x13f5a79a0_0;
    %pad/u 7;
    %ix/vec4 3;
    %ix/load 4, 0, 0; Constant delay
    %assign/vec4/a/d v0x13f5a43a0, 0, 4;
    %pushi/vec4 0, 0, 1;
    %load/vec4 v0x13f5a79a0_0;
    %pad/u 7;
    %ix/vec4 3;
    %ix/load 4, 0, 0; Constant delay
    %assign/vec4/a/d v0x13f5a6c50, 0, 4;
    %load/vec4 v0x13f5a3d20_0;
    %load/vec4 v0x13f5a79a0_0;
    %pad/u 7;
    %ix/vec4 3;
    %ix/load 4, 0, 0; Constant delay
    %assign/vec4/a/d v0x13f5a7420, 0, 4;
    %load/vec4 v0x13f5a78f0_0;
    %addi 1, 0, 6;
    %assign/vec4 v0x13f5a78f0_0, 0;
T_48.45 ;
T_48.42 ;
T_48.18 ;
T_48.10 ;
T_48.1 ;
    %jmp T_48;
    .thread T_48;
    .scope S_0x13f5642a0;
T_49 ;
    %wait E_0x13f564900;
    %pushi/vec4 0, 0, 1;
    %store/vec4 v0x13f56da50_0, 0, 1;
    %pushi/vec4 0, 0, 1;
    %store/vec4 v0x13f56daf0_0, 0, 1;
    %load/vec4 v0x13f5673b0_0;
    %flag_set/vec4 8;
    %jmp/0xz  T_49.0, 8;
    %load/vec4 v0x13f56ae50_0;
    %flag_set/vec4 8;
    %jmp/0xz  T_49.2, 8;
    %pushi/vec4 1, 0, 1;
    %store/vec4 v0x13f56da50_0, 0, 1;
T_49.2 ;
    %load/vec4 v0x13f566f10_0;
    %flag_set/vec4 9;
    %flag_get/vec4 9;
    %jmp/0 T_49.6, 9;
    %load/vec4 v0x13f566e70_0;
    %and;
T_49.6;
    %flag_set/vec4 8;
    %jmp/0xz  T_49.4, 8;
    %pushi/vec4 1, 0, 1;
    %store/vec4 v0x13f56da50_0, 0, 1;
T_49.4 ;
    %load/vec4 v0x13f56db90_0;
    %dup/vec4;
    %pushi/vec4 0, 0, 3;
    %cmp/u;
    %jmp/1 T_49.7, 6;
    %dup/vec4;
    %pushi/vec4 4, 0, 3;
    %cmp/u;
    %jmp/1 T_49.8, 6;
    %dup/vec4;
    %pushi/vec4 1, 0, 3;
    %cmp/u;
    %jmp/1 T_49.9, 6;
    %dup/vec4;
    %pushi/vec4 2, 0, 3;
    %cmp/u;
    %jmp/1 T_49.10, 6;
    %dup/vec4;
    %pushi/vec4 3, 0, 3;
    %cmp/u;
    %jmp/1 T_49.11, 6;
    %jmp T_49.13;
T_49.7 ;
    %load/vec4 v0x13f56c1a0_0;
    %flag_set/vec4 8;
    %jmp/0xz  T_49.14, 8;
    %pushi/vec4 1, 0, 1;
    %store/vec4 v0x13f56da50_0, 0, 1;
T_49.14 ;
    %jmp T_49.13;
T_49.8 ;
    %load/vec4 v0x13f56c1a0_0;
    %flag_set/vec4 8;
    %jmp/0xz  T_49.16, 8;
    %pushi/vec4 1, 0, 1;
    %store/vec4 v0x13f56da50_0, 0, 1;
T_49.16 ;
    %jmp T_49.13;
T_49.9 ;
    %load/vec4 v0x13f56d4f0_0;
    %flag_set/vec4 8;
    %jmp/0xz  T_49.18, 8;
    %pushi/vec4 1, 0, 1;
    %store/vec4 v0x13f56da50_0, 0, 1;
T_49.18 ;
    %jmp T_49.13;
T_49.10 ;
    %load/vec4 v0x13f568050_0;
    %flag_set/vec4 8;
    %jmp/0xz  T_49.20, 8;
    %pushi/vec4 1, 0, 1;
    %store/vec4 v0x13f56da50_0, 0, 1;
T_49.20 ;
    %jmp T_49.13;
T_49.11 ;
    %load/vec4 v0x13f568830_0;
    %flag_set/vec4 8;
    %jmp/0xz  T_49.22, 8;
    %pushi/vec4 1, 0, 1;
    %store/vec4 v0x13f56da50_0, 0, 1;
T_49.22 ;
    %jmp T_49.13;
T_49.13 ;
    %pop/vec4 1;
T_49.0 ;
    %load/vec4 v0x13f567780_0;
    %flag_set/vec4 9;
    %flag_get/vec4 9;
    %jmp/0 T_49.26, 9;
    %load/vec4 v0x13f56da50_0;
    %nor/r;
    %and;
T_49.26;
    %flag_set/vec4 8;
    %jmp/0xz  T_49.24, 8;
    %load/vec4 v0x13f56ae50_0;
    %flag_set/vec4 8;
    %jmp/0xz  T_49.27, 8;
    %pushi/vec4 1, 0, 1;
    %store/vec4 v0x13f56daf0_0, 0, 1;
T_49.27 ;
    %load/vec4 v0x13f566fb0_0;
    %flag_set/vec4 8;
    %jmp/0xz  T_49.29, 8;
    %load/vec4 v0x13f566f10_0;
    %flag_set/vec4 9;
    %flag_get/vec4 9;
    %jmp/0 T_49.33, 9;
    %load/vec4 v0x13f566dd0_0;
    %and;
T_49.33;
    %flag_set/vec4 8;
    %jmp/0xz  T_49.31, 8;
    %pushi/vec4 1, 0, 1;
    %store/vec4 v0x13f56daf0_0, 0, 1;
    %jmp T_49.32;
T_49.31 ;
    %load/vec4 v0x13f566f10_0;
    %nor/r;
    %flag_set/vec4 9;
    %flag_get/vec4 9;
    %jmp/0 T_49.36, 9;
    %load/vec4 v0x13f566e70_0;
    %and;
T_49.36;
    %flag_set/vec4 8;
    %jmp/0xz  T_49.34, 8;
    %pushi/vec4 1, 0, 1;
    %store/vec4 v0x13f56daf0_0, 0, 1;
T_49.34 ;
T_49.32 ;
T_49.29 ;
    %load/vec4 v0x13f56dc40_0;
    %dup/vec4;
    %pushi/vec4 0, 0, 3;
    %cmp/u;
    %jmp/1 T_49.37, 6;
    %dup/vec4;
    %pushi/vec4 4, 0, 3;
    %cmp/u;
    %jmp/1 T_49.38, 6;
    %dup/vec4;
    %pushi/vec4 1, 0, 3;
    %cmp/u;
    %jmp/1 T_49.39, 6;
    %dup/vec4;
    %pushi/vec4 2, 0, 3;
    %cmp/u;
    %jmp/1 T_49.40, 6;
    %dup/vec4;
    %pushi/vec4 3, 0, 3;
    %cmp/u;
    %jmp/1 T_49.41, 6;
    %jmp T_49.43;
T_49.37 ;
    %load/vec4 v0x13f56c1a0_0;
    %flag_set/vec4 8;
    %jmp/0xz  T_49.44, 8;
    %pushi/vec4 1, 0, 1;
    %store/vec4 v0x13f56daf0_0, 0, 1;
T_49.44 ;
    %jmp T_49.43;
T_49.38 ;
    %load/vec4 v0x13f56c1a0_0;
    %flag_set/vec4 8;
    %jmp/0xz  T_49.46, 8;
    %pushi/vec4 1, 0, 1;
    %store/vec4 v0x13f56daf0_0, 0, 1;
T_49.46 ;
    %jmp T_49.43;
T_49.39 ;
    %load/vec4 v0x13f56d4f0_0;
    %flag_set/vec4 8;
    %jmp/0xz  T_49.48, 8;
    %pushi/vec4 1, 0, 1;
    %store/vec4 v0x13f56daf0_0, 0, 1;
T_49.48 ;
    %jmp T_49.43;
T_49.40 ;
    %load/vec4 v0x13f568050_0;
    %flag_set/vec4 8;
    %jmp/0xz  T_49.50, 8;
    %pushi/vec4 1, 0, 1;
    %store/vec4 v0x13f56daf0_0, 0, 1;
T_49.50 ;
    %jmp T_49.43;
T_49.41 ;
    %load/vec4 v0x13f568830_0;
    %flag_set/vec4 8;
    %jmp/0xz  T_49.52, 8;
    %pushi/vec4 1, 0, 1;
    %store/vec4 v0x13f56daf0_0, 0, 1;
T_49.52 ;
    %jmp T_49.43;
T_49.43 ;
    %pop/vec4 1;
    %load/vec4 v0x13f567a70_0;
    %flag_set/vec4 8;
    %jmp/0xz  T_49.54, 8;
    %load/vec4 v0x13f56db90_0;
    %cmpi/e 0, 0, 3;
    %jmp/1 T_49.61, 4;
    %flag_mov 9, 4;
    %load/vec4 v0x13f56db90_0;
    %cmpi/e 4, 0, 3;
    %flag_or 4, 9;
T_49.61;
    %jmp/1 T_49.60, 4;
    %flag_mov 9, 4;
    %load/vec4 v0x13f56db90_0;
    %cmpi/e 2, 0, 3;
    %flag_or 4, 9;
T_49.60;
    %jmp/1 T_49.59, 4;
    %flag_mov 9, 4;
    %load/vec4 v0x13f56db90_0;
    %cmpi/e 3, 0, 3;
    %flag_or 4, 9;
T_49.59;
    %flag_get/vec4 4;
    %jmp/0 T_49.58, 4;
    %load/vec4 v0x13f56dc40_0;
    %cmpi/e 0, 0, 3;
    %jmp/1 T_49.64, 4;
    %flag_mov 9, 4;
    %load/vec4 v0x13f56dc40_0;
    %cmpi/e 4, 0, 3;
    %flag_or 4, 9;
T_49.64;
    %jmp/1 T_49.63, 4;
    %flag_mov 9, 4;
    %load/vec4 v0x13f56dc40_0;
    %cmpi/e 2, 0, 3;
    %flag_or 4, 9;
T_49.63;
    %flag_get/vec4 4;
    %jmp/1 T_49.62, 4;
    %load/vec4 v0x13f56dc40_0;
    %pushi/vec4 3, 0, 3;
    %cmp/e;
    %flag_get/vec4 4;
    %or;
T_49.62;
    %and;
T_49.58;
    %flag_set/vec4 8;
    %jmp/0xz  T_49.56, 8;
    %load/vec4 v0x13f56afa0_0;
    %flag_set/vec4 8;
    %jmp/0xz  T_49.65, 8;
    %pushi/vec4 1, 0, 1;
    %store/vec4 v0x13f56daf0_0, 0, 1;
T_49.65 ;
T_49.56 ;
    %load/vec4 v0x13f56db90_0;
    %cmpi/e 1, 0, 3;
    %flag_get/vec4 4;
    %jmp/0 T_49.69, 4;
    %load/vec4 v0x13f56dc40_0;
    %pushi/vec4 1, 0, 3;
    %cmp/e;
    %flag_get/vec4 4;
    %and;
T_49.69;
    %flag_set/vec4 8;
    %jmp/0xz  T_49.67, 8;
    %load/vec4 v0x13f56c2f0_0;
    %flag_set/vec4 8;
    %jmp/0xz  T_49.70, 8;
    %pushi/vec4 1, 0, 1;
    %store/vec4 v0x13f56daf0_0, 0, 1;
T_49.70 ;
T_49.67 ;
    %load/vec4 v0x13f56db90_0;
    %cmpi/e 2, 0, 3;
    %flag_get/vec4 4;
    %jmp/0 T_49.74, 4;
    %load/vec4 v0x13f56dc40_0;
    %pushi/vec4 2, 0, 3;
    %cmp/e;
    %flag_get/vec4 4;
    %and;
T_49.74;
    %flag_set/vec4 8;
    %jmp/0xz  T_49.72, 8;
    %load/vec4 v0x13f567bb0_0;
    %flag_set/vec4 8;
    %jmp/0xz  T_49.75, 8;
    %pushi/vec4 1, 0, 1;
    %store/vec4 v0x13f56daf0_0, 0, 1;
T_49.75 ;
T_49.72 ;
    %load/vec4 v0x13f56db90_0;
    %cmpi/e 3, 0, 3;
    %flag_get/vec4 4;
    %jmp/0 T_49.79, 4;
    %load/vec4 v0x13f56dc40_0;
    %pushi/vec4 3, 0, 3;
    %cmp/e;
    %flag_get/vec4 4;
    %and;
T_49.79;
    %flag_set/vec4 8;
    %jmp/0xz  T_49.77, 8;
    %load/vec4 v0x13f5680f0_0;
    %flag_set/vec4 8;
    %jmp/0xz  T_49.80, 8;
    %pushi/vec4 1, 0, 1;
    %store/vec4 v0x13f56daf0_0, 0, 1;
T_49.80 ;
T_49.77 ;
T_49.54 ;
T_49.24 ;
    %load/vec4 v0x13f5673b0_0;
    %flag_set/vec4 8;
    %flag_get/vec4 8;
    %jmp/0 T_49.82, 8;
    %load/vec4 v0x13f56da50_0;
    %nor/r;
    %and;
T_49.82;
    %store/vec4 v0x13f567a70_0, 0, 1;
    %load/vec4 v0x13f567780_0;
    %flag_set/vec4 9;
    %flag_get/vec4 9;
    %jmp/0 T_49.84, 9;
    %load/vec4 v0x13f56da50_0;
    %nor/r;
    %and;
T_49.84;
    %flag_set/vec4 8;
    %flag_get/vec4 8;
    %jmp/0 T_49.83, 8;
    %load/vec4 v0x13f56daf0_0;
    %nor/r;
    %and;
T_49.83;
    %store/vec4 v0x13f567b10_0, 0, 1;
    %load/vec4 v0x13f56da50_0;
    %store/vec4 v0x13f56d9b0_0, 0, 1;
    %pushi/vec4 0, 0, 1;
    %load/vec4 v0x13f567a70_0;
    %concat/vec4; draw_concat_vec4
    %pushi/vec4 0, 0, 1;
    %load/vec4 v0x13f567b10_0;
    %concat/vec4; draw_concat_vec4
    %add;
    %store/vec4 v0x13f5669c0_0, 0, 2;
    %jmp T_49;
    .thread T_49, $push;
    .scope S_0x13f5642a0;
T_50 ;
    %wait E_0x13f564870;
    %load/vec4 v0x13f56d6f0_0;
    %store/vec4 v0x13f569610_0, 0, 5;
    %load/vec4 v0x13f568a30_0;
    %flag_set/vec4 8;
    %jmp/0 T_50.0, 8;
    %load/vec4 v0x13f56d850_0;
    %jmp/1 T_50.1, 8;
T_50.0 ; End of true expr.
    %pushi/vec4 0, 0, 5;
    %jmp/0 T_50.1, 8;
 ; End of false expr.
    %blend;
T_50.1;
    %store/vec4 v0x13f5696c0_0, 0, 5;
    %load/vec4 v0x13f56d7a0_0;
    %store/vec4 v0x13f569770_0, 0, 5;
    %load/vec4 v0x13f568ad0_0;
    %flag_set/vec4 8;
    %jmp/0 T_50.2, 8;
    %load/vec4 v0x13f56d900_0;
    %jmp/1 T_50.3, 8;
T_50.2 ; End of true expr.
    %pushi/vec4 0, 0, 5;
    %jmp/0 T_50.3, 8;
 ; End of false expr.
    %blend;
T_50.3;
    %store/vec4 v0x13f569820_0, 0, 5;
    %load/vec4 v0x13f569a30_0;
    %store/vec4 v0x13f569030_0, 0, 7;
    %load/vec4 v0x13f569ae0_0;
    %store/vec4 v0x13f5690e0_0, 0, 7;
    %load/vec4 v0x13f569b90_0;
    %store/vec4 v0x13f569190_0, 0, 7;
    %load/vec4 v0x13f569c40_0;
    %store/vec4 v0x13f569240_0, 0, 7;
    %jmp T_50;
    .thread T_50, $push;
    .scope S_0x13f5642a0;
T_51 ;
    %wait E_0x13f564700;
    %pushi/vec4 0, 0, 1;
    %store/vec4 v0x13f569e50_0, 0, 1;
    %pushi/vec4 0, 0, 5;
    %store/vec4 v0x13f569cf0_0, 0, 5;
    %pushi/vec4 0, 0, 7;
    %store/vec4 v0x13f569f90_0, 0, 7;
    %pushi/vec4 0, 0, 1;
    %store/vec4 v0x13f569ef0_0, 0, 1;
    %pushi/vec4 0, 0, 5;
    %store/vec4 v0x13f569da0_0, 0, 5;
    %pushi/vec4 0, 0, 7;
    %store/vec4 v0x13f56a040_0, 0, 7;
    %pushi/vec4 0, 0, 1;
    %store/vec4 v0x13f569570_0, 0, 1;
    %pushi/vec4 0, 0, 1;
    %store/vec4 v0x13f566b50_0, 0, 1;
    %pushi/vec4 0, 0, 1;
    %store/vec4 v0x13f566be0_0, 0, 1;
    %pushi/vec4 0, 0, 1;
    %store/vec4 v0x13f568c30_0, 0, 1;
    %pushi/vec4 0, 0, 7;
    %store/vec4 v0x13f5676f0_0, 0, 7;
    %pushi/vec4 0, 0, 1;
    %store/vec4 v0x13f568cd0_0, 0, 1;
    %pushi/vec4 0, 0, 7;
    %store/vec4 v0x13f568b80_0, 0, 7;
    %pushi/vec4 0, 0, 1;
    %store/vec4 v0x13f56a4f0_0, 0, 1;
    %pushi/vec4 0, 0, 3;
    %store/vec4 v0x13f56acf0_0, 0, 3;
    %pushi/vec4 0, 0, 5;
    %store/vec4 v0x13f56a250_0, 0, 5;
    %pushi/vec4 0, 0, 7;
    %store/vec4 v0x13f56aa30_0, 0, 7;
    %pushi/vec4 0, 0, 7;
    %store/vec4 v0x13f56a8d0_0, 0, 7;
    %pushi/vec4 0, 0, 1;
    %store/vec4 v0x13f56a630_0, 0, 1;
    %pushi/vec4 0, 0, 1;
    %store/vec4 v0x13f56a3b0_0, 0, 1;
    %pushi/vec4 0, 0, 64;
    %store/vec4 v0x13f56ab90_0, 0, 64;
    %pushi/vec4 0, 0, 1;
    %store/vec4 v0x13f56a590_0, 0, 1;
    %pushi/vec4 0, 0, 3;
    %store/vec4 v0x13f56ada0_0, 0, 3;
    %pushi/vec4 0, 0, 5;
    %store/vec4 v0x13f56a300_0, 0, 5;
    %pushi/vec4 0, 0, 7;
    %store/vec4 v0x13f56aae0_0, 0, 7;
    %pushi/vec4 0, 0, 7;
    %store/vec4 v0x13f56a980_0, 0, 7;
    %pushi/vec4 0, 0, 1;
    %store/vec4 v0x13f56a6d0_0, 0, 1;
    %pushi/vec4 0, 0, 1;
    %store/vec4 v0x13f56a450_0, 0, 1;
    %pushi/vec4 0, 0, 64;
    %store/vec4 v0x13f56ac40_0, 0, 64;
    %pushi/vec4 0, 0, 1;
    %store/vec4 v0x13f56b2e0_0, 0, 1;
    %pushi/vec4 0, 0, 5;
    %store/vec4 v0x13f56b580_0, 0, 5;
    %pushi/vec4 0, 0, 64;
    %store/vec4 v0x13f56bc40_0, 0, 64;
    %pushi/vec4 0, 0, 7;
    %store/vec4 v0x13f56bae0_0, 0, 7;
    %pushi/vec4 0, 0, 1;
    %store/vec4 v0x13f56b9a0_0, 0, 1;
    %pushi/vec4 0, 0, 64;
    %store/vec4 v0x13f56c040_0, 0, 64;
    %pushi/vec4 0, 0, 7;
    %store/vec4 v0x13f56bee0_0, 0, 7;
    %pushi/vec4 0, 0, 1;
    %store/vec4 v0x13f56bda0_0, 0, 1;
    %pushi/vec4 0, 0, 7;
    %store/vec4 v0x13f56b180_0, 0, 7;
    %pushi/vec4 0, 0, 5;
    %store/vec4 v0x13f56b840_0, 0, 5;
    %pushi/vec4 0, 0, 64;
    %store/vec4 v0x13f56b420_0, 0, 64;
    %pushi/vec4 0, 0, 64;
    %store/vec4 v0x13f56b6e0_0, 0, 64;
    %pushi/vec4 0, 0, 1;
    %store/vec4 v0x13f56b040_0, 0, 1;
    %pushi/vec4 0, 0, 1;
    %store/vec4 v0x13f56b380_0, 0, 1;
    %pushi/vec4 0, 0, 5;
    %store/vec4 v0x13f56b630_0, 0, 5;
    %pushi/vec4 0, 0, 64;
    %store/vec4 v0x13f56bcf0_0, 0, 64;
    %pushi/vec4 0, 0, 7;
    %store/vec4 v0x13f56bb90_0, 0, 7;
    %pushi/vec4 0, 0, 1;
    %store/vec4 v0x13f56ba40_0, 0, 1;
    %pushi/vec4 0, 0, 64;
    %store/vec4 v0x13f56c0f0_0, 0, 64;
    %pushi/vec4 0, 0, 7;
    %store/vec4 v0x13f56bf90_0, 0, 7;
    %pushi/vec4 0, 0, 1;
    %store/vec4 v0x13f56be40_0, 0, 1;
    %pushi/vec4 0, 0, 7;
    %store/vec4 v0x13f56b230_0, 0, 7;
    %pushi/vec4 0, 0, 5;
    %store/vec4 v0x13f56b8f0_0, 0, 5;
    %pushi/vec4 0, 0, 64;
    %store/vec4 v0x13f56b4d0_0, 0, 64;
    %pushi/vec4 0, 0, 64;
    %store/vec4 v0x13f56b790_0, 0, 64;
    %pushi/vec4 0, 0, 1;
    %store/vec4 v0x13f56b0e0_0, 0, 1;
    %pushi/vec4 0, 0, 1;
    %store/vec4 v0x13f56c630_0, 0, 1;
    %pushi/vec4 0, 0, 5;
    %store/vec4 v0x13f56c8d0_0, 0, 5;
    %pushi/vec4 0, 0, 64;
    %store/vec4 v0x13f56cf90_0, 0, 64;
    %pushi/vec4 0, 0, 7;
    %store/vec4 v0x13f56ce30_0, 0, 7;
    %pushi/vec4 0, 0, 1;
    %store/vec4 v0x13f56ccf0_0, 0, 1;
    %pushi/vec4 0, 0, 64;
    %store/vec4 v0x13f56d390_0, 0, 64;
    %pushi/vec4 0, 0, 7;
    %store/vec4 v0x13f56d230_0, 0, 7;
    %pushi/vec4 0, 0, 1;
    %store/vec4 v0x13f56d0f0_0, 0, 1;
    %pushi/vec4 0, 0, 7;
    %store/vec4 v0x13f56c4d0_0, 0, 7;
    %pushi/vec4 0, 0, 5;
    %store/vec4 v0x13f56cb90_0, 0, 5;
    %pushi/vec4 0, 0, 64;
    %store/vec4 v0x13f56c770_0, 0, 64;
    %pushi/vec4 0, 0, 64;
    %store/vec4 v0x13f56ca30_0, 0, 64;
    %pushi/vec4 0, 0, 1;
    %store/vec4 v0x13f56c390_0, 0, 1;
    %pushi/vec4 0, 0, 1;
    %store/vec4 v0x13f56c6d0_0, 0, 1;
    %pushi/vec4 0, 0, 5;
    %store/vec4 v0x13f56c980_0, 0, 5;
    %pushi/vec4 0, 0, 64;
    %store/vec4 v0x13f56d040_0, 0, 64;
    %pushi/vec4 0, 0, 7;
    %store/vec4 v0x13f56cee0_0, 0, 7;
    %pushi/vec4 0, 0, 1;
    %store/vec4 v0x13f56cd90_0, 0, 1;
    %pushi/vec4 0, 0, 64;
    %store/vec4 v0x13f56d440_0, 0, 64;
    %pushi/vec4 0, 0, 7;
    %store/vec4 v0x13f56d2e0_0, 0, 7;
    %pushi/vec4 0, 0, 1;
    %store/vec4 v0x13f56d190_0, 0, 1;
    %pushi/vec4 0, 0, 7;
    %store/vec4 v0x13f56c580_0, 0, 7;
    %pushi/vec4 0, 0, 5;
    %store/vec4 v0x13f56cc40_0, 0, 5;
    %pushi/vec4 0, 0, 64;
    %store/vec4 v0x13f56c820_0, 0, 64;
    %pushi/vec4 0, 0, 64;
    %store/vec4 v0x13f56cae0_0, 0, 64;
    %pushi/vec4 0, 0, 1;
    %store/vec4 v0x13f56c430_0, 0, 1;
    %pushi/vec4 0, 0, 1;
    %store/vec4 v0x13f567db0_0, 0, 1;
    %pushi/vec4 0, 0, 5;
    %store/vec4 v0x13f567ef0_0, 0, 5;
    %pushi/vec4 0, 0, 7;
    %store/vec4 v0x13f567c50_0, 0, 7;
    %pushi/vec4 0, 0, 1;
    %store/vec4 v0x13f567e50_0, 0, 1;
    %pushi/vec4 0, 0, 5;
    %store/vec4 v0x13f567fa0_0, 0, 5;
    %pushi/vec4 0, 0, 7;
    %store/vec4 v0x13f567d00_0, 0, 7;
    %pushi/vec4 0, 0, 1;
    %store/vec4 v0x13f568590_0, 0, 1;
    %pushi/vec4 0, 0, 5;
    %store/vec4 v0x13f5686d0_0, 0, 5;
    %pushi/vec4 0, 0, 64;
    %store/vec4 v0x13f568190_0, 0, 64;
    %pushi/vec4 0, 0, 1;
    %store/vec4 v0x13f5682f0_0, 0, 1;
    %pushi/vec4 0, 0, 7;
    %store/vec4 v0x13f568430_0, 0, 7;
    %pushi/vec4 0, 0, 1;
    %store/vec4 v0x13f568630_0, 0, 1;
    %pushi/vec4 0, 0, 5;
    %store/vec4 v0x13f568780_0, 0, 5;
    %pushi/vec4 0, 0, 64;
    %store/vec4 v0x13f568240_0, 0, 64;
    %pushi/vec4 0, 0, 1;
    %store/vec4 v0x13f568390_0, 0, 1;
    %pushi/vec4 0, 0, 7;
    %store/vec4 v0x13f5684e0_0, 0, 7;
    %load/vec4 v0x13f567a70_0;
    %flag_set/vec4 8;
    %jmp/0xz  T_51.0, 8;
    %pushi/vec4 1, 0, 1;
    %store/vec4 v0x13f56a4f0_0, 0, 1;
    %load/vec4 v0x13f56db90_0;
    %store/vec4 v0x13f56acf0_0, 0, 3;
    %load/vec4 v0x13f56a0f0_0;
    %store/vec4 v0x13f56a250_0, 0, 5;
    %load/vec4 v0x13f5698d0_0;
    %store/vec4 v0x13f56aa30_0, 0, 7;
    %load/vec4 v0x13f566f10_0;
    %flag_set/vec4 8;
    %jmp/0 T_51.2, 8;
    %load/vec4 v0x13f5688d0_0;
    %jmp/1 T_51.3, 8;
T_51.2 ; End of true expr.
    %pushi/vec4 0, 0, 7;
    %jmp/0 T_51.3, 8;
 ; End of false expr.
    %blend;
T_51.3;
    %store/vec4 v0x13f56a8d0_0, 0, 7;
    %load/vec4 v0x13f566f10_0;
    %store/vec4 v0x13f56a630_0, 0, 1;
    %load/vec4 v0x13f5671b0_0;
    %store/vec4 v0x13f56a3b0_0, 0, 1;
    %load/vec4 v0x13f567300_0;
    %store/vec4 v0x13f56ab90_0, 0, 64;
    %load/vec4 v0x13f566f10_0;
    %flag_set/vec4 8;
    %jmp/0xz  T_51.4, 8;
    %pushi/vec4 1, 0, 1;
    %store/vec4 v0x13f569e50_0, 0, 1;
    %load/vec4 v0x13f56a0f0_0;
    %store/vec4 v0x13f569cf0_0, 0, 5;
    %load/vec4 v0x13f5688d0_0;
    %store/vec4 v0x13f569f90_0, 0, 7;
    %pushi/vec4 1, 0, 1;
    %store/vec4 v0x13f566b50_0, 0, 1;
    %pushi/vec4 1, 0, 1;
    %store/vec4 v0x13f568c30_0, 0, 1;
    %load/vec4 v0x13f5688d0_0;
    %store/vec4 v0x13f5676f0_0, 0, 7;
T_51.4 ;
    %load/vec4 v0x13f567930_0;
    %flag_set/vec4 8;
    %jmp/0xz  T_51.6, 8;
    %pushi/vec4 1, 0, 1;
    %store/vec4 v0x13f569570_0, 0, 1;
T_51.6 ;
    %load/vec4 v0x13f56db90_0;
    %dup/vec4;
    %pushi/vec4 0, 0, 3;
    %cmp/u;
    %jmp/1 T_51.8, 6;
    %dup/vec4;
    %pushi/vec4 4, 0, 3;
    %cmp/u;
    %jmp/1 T_51.9, 6;
    %dup/vec4;
    %pushi/vec4 1, 0, 3;
    %cmp/u;
    %jmp/1 T_51.10, 6;
    %dup/vec4;
    %pushi/vec4 2, 0, 3;
    %cmp/u;
    %jmp/1 T_51.11, 6;
    %dup/vec4;
    %pushi/vec4 3, 0, 3;
    %cmp/u;
    %jmp/1 T_51.12, 6;
    %jmp T_51.14;
T_51.8 ;
    %pushi/vec4 1, 0, 1;
    %store/vec4 v0x13f56b2e0_0, 0, 1;
    %load/vec4 v0x13f567590_0;
    %store/vec4 v0x13f56b580_0, 0, 5;
    %load/vec4 v0x13f568d70_0;
    %store/vec4 v0x13f56bc40_0, 0, 64;
    %load/vec4 v0x13f569a30_0;
    %store/vec4 v0x13f56bae0_0, 0, 7;
    %load/vec4 v0x13f5692f0_0;
    %store/vec4 v0x13f56b9a0_0, 0, 1;
    %load/vec4 v0x13f568a30_0;
    %flag_set/vec4 8;
    %jmp/0 T_51.15, 8;
    %load/vec4 v0x13f568e20_0;
    %jmp/1 T_51.16, 8;
T_51.15 ; End of true expr.
    %pushi/vec4 0, 0, 64;
    %jmp/0 T_51.16, 8;
 ; End of false expr.
    %blend;
T_51.16;
    %store/vec4 v0x13f56c040_0, 0, 64;
    %load/vec4 v0x13f568a30_0;
    %flag_set/vec4 8;
    %jmp/0 T_51.17, 8;
    %load/vec4 v0x13f569ae0_0;
    %jmp/1 T_51.18, 8;
T_51.17 ; End of true expr.
    %pushi/vec4 0, 0, 7;
    %jmp/0 T_51.18, 8;
 ; End of false expr.
    %blend;
T_51.18;
    %store/vec4 v0x13f56bee0_0, 0, 7;
    %load/vec4 v0x13f568a30_0;
    %flag_set/vec4 8;
    %jmp/0 T_51.19, 8;
    %load/vec4 v0x13f569390_0;
    %jmp/1 T_51.20, 8;
T_51.19 ; End of true expr.
    %pushi/vec4 1, 0, 1;
    %jmp/0 T_51.20, 8;
 ; End of false expr.
    %blend;
T_51.20;
    %store/vec4 v0x13f56bda0_0, 0, 1;
    %load/vec4 v0x13f566f10_0;
    %flag_set/vec4 8;
    %jmp/0 T_51.21, 8;
    %load/vec4 v0x13f5688d0_0;
    %jmp/1 T_51.22, 8;
T_51.21 ; End of true expr.
    %pushi/vec4 0, 0, 7;
    %jmp/0 T_51.22, 8;
 ; End of false expr.
    %blend;
T_51.22;
    %store/vec4 v0x13f56b180_0, 0, 7;
    %load/vec4 v0x13f56a770_0;
    %store/vec4 v0x13f56b840_0, 0, 5;
    %load/vec4 v0x13f567050_0;
    %store/vec4 v0x13f56b420_0, 0, 64;
    %load/vec4 v0x13f567300_0;
    %store/vec4 v0x13f56b6e0_0, 0, 64;
    %load/vec4 v0x13f5671b0_0;
    %store/vec4 v0x13f56b040_0, 0, 1;
    %jmp T_51.14;
T_51.9 ;
    %pushi/vec4 1, 0, 1;
    %store/vec4 v0x13f56b2e0_0, 0, 1;
    %load/vec4 v0x13f567590_0;
    %store/vec4 v0x13f56b580_0, 0, 5;
    %load/vec4 v0x13f568d70_0;
    %store/vec4 v0x13f56bc40_0, 0, 64;
    %load/vec4 v0x13f569a30_0;
    %store/vec4 v0x13f56bae0_0, 0, 7;
    %load/vec4 v0x13f5692f0_0;
    %store/vec4 v0x13f56b9a0_0, 0, 1;
    %load/vec4 v0x13f568a30_0;
    %flag_set/vec4 8;
    %jmp/0 T_51.23, 8;
    %load/vec4 v0x13f568e20_0;
    %jmp/1 T_51.24, 8;
T_51.23 ; End of true expr.
    %pushi/vec4 0, 0, 64;
    %jmp/0 T_51.24, 8;
 ; End of false expr.
    %blend;
T_51.24;
    %store/vec4 v0x13f56c040_0, 0, 64;
    %load/vec4 v0x13f568a30_0;
    %flag_set/vec4 8;
    %jmp/0 T_51.25, 8;
    %load/vec4 v0x13f569ae0_0;
    %jmp/1 T_51.26, 8;
T_51.25 ; End of true expr.
    %pushi/vec4 0, 0, 7;
    %jmp/0 T_51.26, 8;
 ; End of false expr.
    %blend;
T_51.26;
    %store/vec4 v0x13f56bee0_0, 0, 7;
    %load/vec4 v0x13f568a30_0;
    %flag_set/vec4 8;
    %jmp/0 T_51.27, 8;
    %load/vec4 v0x13f569390_0;
    %jmp/1 T_51.28, 8;
T_51.27 ; End of true expr.
    %pushi/vec4 1, 0, 1;
    %jmp/0 T_51.28, 8;
 ; End of false expr.
    %blend;
T_51.28;
    %store/vec4 v0x13f56bda0_0, 0, 1;
    %load/vec4 v0x13f566f10_0;
    %flag_set/vec4 8;
    %jmp/0 T_51.29, 8;
    %load/vec4 v0x13f5688d0_0;
    %jmp/1 T_51.30, 8;
T_51.29 ; End of true expr.
    %pushi/vec4 0, 0, 7;
    %jmp/0 T_51.30, 8;
 ; End of false expr.
    %blend;
T_51.30;
    %store/vec4 v0x13f56b180_0, 0, 7;
    %load/vec4 v0x13f56a770_0;
    %store/vec4 v0x13f56b840_0, 0, 5;
    %load/vec4 v0x13f567050_0;
    %store/vec4 v0x13f56b420_0, 0, 64;
    %load/vec4 v0x13f567300_0;
    %store/vec4 v0x13f56b6e0_0, 0, 64;
    %load/vec4 v0x13f5671b0_0;
    %store/vec4 v0x13f56b040_0, 0, 1;
    %jmp T_51.14;
T_51.10 ;
    %pushi/vec4 1, 0, 1;
    %store/vec4 v0x13f56c630_0, 0, 1;
    %load/vec4 v0x13f567590_0;
    %store/vec4 v0x13f56c8d0_0, 0, 5;
    %load/vec4 v0x13f568d70_0;
    %store/vec4 v0x13f56cf90_0, 0, 64;
    %load/vec4 v0x13f569a30_0;
    %store/vec4 v0x13f56ce30_0, 0, 7;
    %load/vec4 v0x13f5692f0_0;
    %store/vec4 v0x13f56ccf0_0, 0, 1;
    %load/vec4 v0x13f568e20_0;
    %store/vec4 v0x13f56d390_0, 0, 64;
    %load/vec4 v0x13f569ae0_0;
    %store/vec4 v0x13f56d230_0, 0, 7;
    %load/vec4 v0x13f569390_0;
    %store/vec4 v0x13f56d0f0_0, 0, 1;
    %load/vec4 v0x13f5688d0_0;
    %store/vec4 v0x13f56c4d0_0, 0, 7;
    %load/vec4 v0x13f56a770_0;
    %store/vec4 v0x13f56cb90_0, 0, 5;
    %load/vec4 v0x13f567050_0;
    %store/vec4 v0x13f56c770_0, 0, 64;
    %load/vec4 v0x13f567300_0;
    %store/vec4 v0x13f56ca30_0, 0, 64;
    %jmp T_51.14;
T_51.11 ;
    %pushi/vec4 1, 0, 1;
    %store/vec4 v0x13f567db0_0, 0, 1;
    %load/vec4 v0x13f56a770_0;
    %store/vec4 v0x13f567ef0_0, 0, 5;
    %load/vec4 v0x13f5688d0_0;
    %store/vec4 v0x13f567c50_0, 0, 7;
    %pushi/vec4 1, 0, 1;
    %store/vec4 v0x13f56b2e0_0, 0, 1;
    %load/vec4 v0x13f567590_0;
    %store/vec4 v0x13f56b580_0, 0, 5;
    %load/vec4 v0x13f568d70_0;
    %store/vec4 v0x13f56bc40_0, 0, 64;
    %load/vec4 v0x13f569a30_0;
    %store/vec4 v0x13f56bae0_0, 0, 7;
    %load/vec4 v0x13f5692f0_0;
    %store/vec4 v0x13f56b9a0_0, 0, 1;
    %pushi/vec4 1, 0, 1;
    %store/vec4 v0x13f56bda0_0, 0, 1;
    %load/vec4 v0x13f5688d0_0;
    %store/vec4 v0x13f56b180_0, 0, 7;
    %load/vec4 v0x13f56a770_0;
    %store/vec4 v0x13f56b840_0, 0, 5;
    %load/vec4 v0x13f567050_0;
    %store/vec4 v0x13f56b420_0, 0, 64;
    %load/vec4 v0x13f567300_0;
    %store/vec4 v0x13f56b6e0_0, 0, 64;
    %jmp T_51.14;
T_51.12 ;
    %pushi/vec4 1, 0, 1;
    %store/vec4 v0x13f568590_0, 0, 1;
    %load/vec4 v0x13f56a770_0;
    %store/vec4 v0x13f5686d0_0, 0, 5;
    %load/vec4 v0x13f568e20_0;
    %store/vec4 v0x13f568190_0, 0, 64;
    %load/vec4 v0x13f569390_0;
    %store/vec4 v0x13f5682f0_0, 0, 1;
    %load/vec4 v0x13f569ae0_0;
    %store/vec4 v0x13f568430_0, 0, 7;
    %pushi/vec4 1, 0, 1;
    %store/vec4 v0x13f56b2e0_0, 0, 1;
    %load/vec4 v0x13f567590_0;
    %store/vec4 v0x13f56b580_0, 0, 5;
    %load/vec4 v0x13f568d70_0;
    %store/vec4 v0x13f56bc40_0, 0, 64;
    %load/vec4 v0x13f569a30_0;
    %store/vec4 v0x13f56bae0_0, 0, 7;
    %load/vec4 v0x13f5692f0_0;
    %store/vec4 v0x13f56b9a0_0, 0, 1;
    %pushi/vec4 1, 0, 1;
    %store/vec4 v0x13f56bda0_0, 0, 1;
    %pushi/vec4 0, 0, 7;
    %store/vec4 v0x13f56b180_0, 0, 7;
    %load/vec4 v0x13f56a770_0;
    %store/vec4 v0x13f56b840_0, 0, 5;
    %load/vec4 v0x13f567050_0;
    %store/vec4 v0x13f56b420_0, 0, 64;
    %load/vec4 v0x13f567300_0;
    %store/vec4 v0x13f56b6e0_0, 0, 64;
    %jmp T_51.14;
T_51.14 ;
    %pop/vec4 1;
T_51.0 ;
    %load/vec4 v0x13f567b10_0;
    %flag_set/vec4 8;
    %jmp/0xz  T_51.31, 8;
    %pushi/vec4 1, 0, 1;
    %store/vec4 v0x13f56a590_0, 0, 1;
    %load/vec4 v0x13f56dc40_0;
    %store/vec4 v0x13f56ada0_0, 0, 3;
    %load/vec4 v0x13f56a1a0_0;
    %store/vec4 v0x13f56a300_0, 0, 5;
    %load/vec4 v0x13f569980_0;
    %store/vec4 v0x13f56aae0_0, 0, 7;
    %load/vec4 v0x13f566fb0_0;
    %flag_set/vec4 8;
    %jmp/0 T_51.33, 8;
    %load/vec4 v0x13f568980_0;
    %jmp/1 T_51.34, 8;
T_51.33 ; End of true expr.
    %pushi/vec4 0, 0, 7;
    %jmp/0 T_51.34, 8;
 ; End of false expr.
    %blend;
T_51.34;
    %store/vec4 v0x13f56a980_0, 0, 7;
    %load/vec4 v0x13f566fb0_0;
    %store/vec4 v0x13f56a6d0_0, 0, 1;
    %load/vec4 v0x13f567450_0;
    %store/vec4 v0x13f56a450_0, 0, 1;
    %load/vec4 v0x13f566a70_0;
    %store/vec4 v0x13f56ac40_0, 0, 64;
    %load/vec4 v0x13f566fb0_0;
    %flag_set/vec4 8;
    %jmp/0xz  T_51.35, 8;
    %pushi/vec4 1, 0, 1;
    %store/vec4 v0x13f569ef0_0, 0, 1;
    %load/vec4 v0x13f56a1a0_0;
    %store/vec4 v0x13f569da0_0, 0, 5;
    %load/vec4 v0x13f568980_0;
    %store/vec4 v0x13f56a040_0, 0, 7;
    %load/vec4 v0x13f566f10_0;
    %flag_set/vec4 8;
    %jmp/0xz  T_51.37, 8;
    %pushi/vec4 1, 0, 1;
    %store/vec4 v0x13f566be0_0, 0, 1;
    %jmp T_51.38;
T_51.37 ;
    %pushi/vec4 1, 0, 1;
    %store/vec4 v0x13f566b50_0, 0, 1;
T_51.38 ;
    %pushi/vec4 1, 0, 1;
    %store/vec4 v0x13f568cd0_0, 0, 1;
    %load/vec4 v0x13f568980_0;
    %store/vec4 v0x13f568b80_0, 0, 7;
T_51.35 ;
    %load/vec4 v0x13f5679d0_0;
    %flag_set/vec4 9;
    %flag_get/vec4 9;
    %jmp/0 T_51.41, 9;
    %load/vec4 v0x13f567930_0;
    %nor/r;
    %and;
T_51.41;
    %flag_set/vec4 8;
    %jmp/0xz  T_51.39, 8;
    %pushi/vec4 1, 0, 1;
    %store/vec4 v0x13f569570_0, 0, 1;
T_51.39 ;
    %load/vec4 v0x13f56dc40_0;
    %dup/vec4;
    %pushi/vec4 0, 0, 3;
    %cmp/u;
    %jmp/1 T_51.42, 6;
    %dup/vec4;
    %pushi/vec4 4, 0, 3;
    %cmp/u;
    %jmp/1 T_51.43, 6;
    %dup/vec4;
    %pushi/vec4 1, 0, 3;
    %cmp/u;
    %jmp/1 T_51.44, 6;
    %dup/vec4;
    %pushi/vec4 2, 0, 3;
    %cmp/u;
    %jmp/1 T_51.45, 6;
    %dup/vec4;
    %pushi/vec4 3, 0, 3;
    %cmp/u;
    %jmp/1 T_51.46, 6;
    %jmp T_51.48;
T_51.42 ;
    %pushi/vec4 1, 0, 1;
    %store/vec4 v0x13f56b380_0, 0, 1;
    %load/vec4 v0x13f567640_0;
    %store/vec4 v0x13f56b630_0, 0, 5;
    %load/vec4 v0x13f568ed0_0;
    %store/vec4 v0x13f56bcf0_0, 0, 64;
    %load/vec4 v0x13f569b90_0;
    %store/vec4 v0x13f56bb90_0, 0, 7;
    %load/vec4 v0x13f566880_0;
    %store/vec4 v0x13f56ba40_0, 0, 1;
    %load/vec4 v0x13f568ad0_0;
    %flag_set/vec4 8;
    %jmp/0 T_51.49, 8;
    %load/vec4 v0x13f568f80_0;
    %jmp/1 T_51.50, 8;
T_51.49 ; End of true expr.
    %pushi/vec4 0, 0, 64;
    %jmp/0 T_51.50, 8;
 ; End of false expr.
    %blend;
T_51.50;
    %store/vec4 v0x13f56c0f0_0, 0, 64;
    %load/vec4 v0x13f568ad0_0;
    %flag_set/vec4 8;
    %jmp/0 T_51.51, 8;
    %load/vec4 v0x13f569c40_0;
    %jmp/1 T_51.52, 8;
T_51.51 ; End of true expr.
    %pushi/vec4 0, 0, 7;
    %jmp/0 T_51.52, 8;
 ; End of false expr.
    %blend;
T_51.52;
    %store/vec4 v0x13f56bf90_0, 0, 7;
    %load/vec4 v0x13f568ad0_0;
    %flag_set/vec4 8;
    %jmp/0 T_51.53, 8;
    %load/vec4 v0x13f566920_0;
    %jmp/1 T_51.54, 8;
T_51.53 ; End of true expr.
    %pushi/vec4 1, 0, 1;
    %jmp/0 T_51.54, 8;
 ; End of false expr.
    %blend;
T_51.54;
    %store/vec4 v0x13f56be40_0, 0, 1;
    %load/vec4 v0x13f566fb0_0;
    %flag_set/vec4 8;
    %jmp/0 T_51.55, 8;
    %load/vec4 v0x13f568980_0;
    %jmp/1 T_51.56, 8;
T_51.55 ; End of true expr.
    %pushi/vec4 0, 0, 7;
    %jmp/0 T_51.56, 8;
 ; End of false expr.
    %blend;
T_51.56;
    %store/vec4 v0x13f56b230_0, 0, 7;
    %load/vec4 v0x13f56a820_0;
    %store/vec4 v0x13f56b8f0_0, 0, 5;
    %load/vec4 v0x13f567100_0;
    %store/vec4 v0x13f56b4d0_0, 0, 64;
    %load/vec4 v0x13f566a70_0;
    %store/vec4 v0x13f56b790_0, 0, 64;
    %load/vec4 v0x13f567450_0;
    %store/vec4 v0x13f56b0e0_0, 0, 1;
    %jmp T_51.48;
T_51.43 ;
    %pushi/vec4 1, 0, 1;
    %store/vec4 v0x13f56b380_0, 0, 1;
    %load/vec4 v0x13f567640_0;
    %store/vec4 v0x13f56b630_0, 0, 5;
    %load/vec4 v0x13f568ed0_0;
    %store/vec4 v0x13f56bcf0_0, 0, 64;
    %load/vec4 v0x13f569b90_0;
    %store/vec4 v0x13f56bb90_0, 0, 7;
    %load/vec4 v0x13f566880_0;
    %store/vec4 v0x13f56ba40_0, 0, 1;
    %load/vec4 v0x13f568ad0_0;
    %flag_set/vec4 8;
    %jmp/0 T_51.57, 8;
    %load/vec4 v0x13f568f80_0;
    %jmp/1 T_51.58, 8;
T_51.57 ; End of true expr.
    %pushi/vec4 0, 0, 64;
    %jmp/0 T_51.58, 8;
 ; End of false expr.
    %blend;
T_51.58;
    %store/vec4 v0x13f56c0f0_0, 0, 64;
    %load/vec4 v0x13f568ad0_0;
    %flag_set/vec4 8;
    %jmp/0 T_51.59, 8;
    %load/vec4 v0x13f569c40_0;
    %jmp/1 T_51.60, 8;
T_51.59 ; End of true expr.
    %pushi/vec4 0, 0, 7;
    %jmp/0 T_51.60, 8;
 ; End of false expr.
    %blend;
T_51.60;
    %store/vec4 v0x13f56bf90_0, 0, 7;
    %load/vec4 v0x13f568ad0_0;
    %flag_set/vec4 8;
    %jmp/0 T_51.61, 8;
    %load/vec4 v0x13f566920_0;
    %jmp/1 T_51.62, 8;
T_51.61 ; End of true expr.
    %pushi/vec4 1, 0, 1;
    %jmp/0 T_51.62, 8;
 ; End of false expr.
    %blend;
T_51.62;
    %store/vec4 v0x13f56be40_0, 0, 1;
    %load/vec4 v0x13f566fb0_0;
    %flag_set/vec4 8;
    %jmp/0 T_51.63, 8;
    %load/vec4 v0x13f568980_0;
    %jmp/1 T_51.64, 8;
T_51.63 ; End of true expr.
    %pushi/vec4 0, 0, 7;
    %jmp/0 T_51.64, 8;
 ; End of false expr.
    %blend;
T_51.64;
    %store/vec4 v0x13f56b230_0, 0, 7;
    %load/vec4 v0x13f56a820_0;
    %store/vec4 v0x13f56b8f0_0, 0, 5;
    %load/vec4 v0x13f567100_0;
    %store/vec4 v0x13f56b4d0_0, 0, 64;
    %load/vec4 v0x13f566a70_0;
    %store/vec4 v0x13f56b790_0, 0, 64;
    %load/vec4 v0x13f567450_0;
    %store/vec4 v0x13f56b0e0_0, 0, 1;
    %jmp T_51.48;
T_51.44 ;
    %pushi/vec4 1, 0, 1;
    %store/vec4 v0x13f56c6d0_0, 0, 1;
    %load/vec4 v0x13f567640_0;
    %store/vec4 v0x13f56c980_0, 0, 5;
    %load/vec4 v0x13f568ed0_0;
    %store/vec4 v0x13f56d040_0, 0, 64;
    %load/vec4 v0x13f569b90_0;
    %store/vec4 v0x13f56cee0_0, 0, 7;
    %load/vec4 v0x13f566880_0;
    %store/vec4 v0x13f56cd90_0, 0, 1;
    %load/vec4 v0x13f568f80_0;
    %store/vec4 v0x13f56d440_0, 0, 64;
    %load/vec4 v0x13f569c40_0;
    %store/vec4 v0x13f56d2e0_0, 0, 7;
    %load/vec4 v0x13f566920_0;
    %store/vec4 v0x13f56d190_0, 0, 1;
    %load/vec4 v0x13f568980_0;
    %store/vec4 v0x13f56c580_0, 0, 7;
    %load/vec4 v0x13f56a820_0;
    %store/vec4 v0x13f56cc40_0, 0, 5;
    %load/vec4 v0x13f567100_0;
    %store/vec4 v0x13f56c820_0, 0, 64;
    %load/vec4 v0x13f566a70_0;
    %store/vec4 v0x13f56cae0_0, 0, 64;
    %jmp T_51.48;
T_51.45 ;
    %pushi/vec4 1, 0, 1;
    %store/vec4 v0x13f567e50_0, 0, 1;
    %load/vec4 v0x13f56a820_0;
    %store/vec4 v0x13f567fa0_0, 0, 5;
    %load/vec4 v0x13f568980_0;
    %store/vec4 v0x13f567d00_0, 0, 7;
    %pushi/vec4 1, 0, 1;
    %store/vec4 v0x13f56b380_0, 0, 1;
    %load/vec4 v0x13f567640_0;
    %store/vec4 v0x13f56b630_0, 0, 5;
    %load/vec4 v0x13f568ed0_0;
    %store/vec4 v0x13f56bcf0_0, 0, 64;
    %load/vec4 v0x13f569b90_0;
    %store/vec4 v0x13f56bb90_0, 0, 7;
    %load/vec4 v0x13f566880_0;
    %store/vec4 v0x13f56ba40_0, 0, 1;
    %pushi/vec4 1, 0, 1;
    %store/vec4 v0x13f56be40_0, 0, 1;
    %load/vec4 v0x13f568980_0;
    %store/vec4 v0x13f56b230_0, 0, 7;
    %load/vec4 v0x13f56a820_0;
    %store/vec4 v0x13f56b8f0_0, 0, 5;
    %load/vec4 v0x13f567100_0;
    %store/vec4 v0x13f56b4d0_0, 0, 64;
    %load/vec4 v0x13f566a70_0;
    %store/vec4 v0x13f56b790_0, 0, 64;
    %jmp T_51.48;
T_51.46 ;
    %pushi/vec4 1, 0, 1;
    %store/vec4 v0x13f568630_0, 0, 1;
    %load/vec4 v0x13f56a820_0;
    %store/vec4 v0x13f568780_0, 0, 5;
    %load/vec4 v0x13f568f80_0;
    %store/vec4 v0x13f568240_0, 0, 64;
    %load/vec4 v0x13f566920_0;
    %store/vec4 v0x13f568390_0, 0, 1;
    %load/vec4 v0x13f569c40_0;
    %store/vec4 v0x13f5684e0_0, 0, 7;
    %pushi/vec4 1, 0, 1;
    %store/vec4 v0x13f56b380_0, 0, 1;
    %load/vec4 v0x13f567640_0;
    %store/vec4 v0x13f56b630_0, 0, 5;
    %load/vec4 v0x13f568ed0_0;
    %store/vec4 v0x13f56bcf0_0, 0, 64;
    %load/vec4 v0x13f569b90_0;
    %store/vec4 v0x13f56bb90_0, 0, 7;
    %load/vec4 v0x13f566880_0;
    %store/vec4 v0x13f56ba40_0, 0, 1;
    %pushi/vec4 1, 0, 1;
    %store/vec4 v0x13f56be40_0, 0, 1;
    %pushi/vec4 0, 0, 7;
    %store/vec4 v0x13f56b230_0, 0, 7;
    %load/vec4 v0x13f56a820_0;
    %store/vec4 v0x13f56b8f0_0, 0, 5;
    %load/vec4 v0x13f567100_0;
    %store/vec4 v0x13f56b4d0_0, 0, 64;
    %load/vec4 v0x13f566a70_0;
    %store/vec4 v0x13f56b790_0, 0, 64;
    %jmp T_51.48;
T_51.48 ;
    %pop/vec4 1;
T_51.31 ;
    %jmp T_51;
    .thread T_51, $push;
    .scope S_0x13f5a2820;
T_52 ;
    %wait E_0x13f5a8c40;
    %pushi/vec4 0, 0, 1;
    %store/vec4 v0x13f5ab980_0, 0, 1;
    %pushi/vec4 0, 0, 4;
    %store/vec4 v0x13f5ab790_0, 0, 4;
    %pushi/vec4 0, 0, 1;
    %store/vec4 v0x13f5aba10_0, 0, 1;
    %pushi/vec4 0, 0, 4;
    %store/vec4 v0x13f5ab840_0, 0, 4;
    %pushi/vec4 0, 0, 32;
    %store/vec4 v0x13f5ab430_0, 0, 32;
T_52.0 ; Top of for-loop
    %load/vec4 v0x13f5ab430_0;
    %cmpi/s 8, 0, 32;
	  %jmp/0xz T_52.1, 5;
    %load/vec4 v0x13f5ab380_0;
    %load/vec4 v0x13f5ab430_0;
    %part/s 1;
    %nor/r;
    %flag_set/vec4 8;
    %jmp/0xz  T_52.3, 8;
    %load/vec4 v0x13f5ab980_0;
    %nor/r;
    %flag_set/vec4 8;
    %jmp/0xz  T_52.5, 8;
    %pushi/vec4 1, 0, 1;
    %store/vec4 v0x13f5ab980_0, 0, 1;
    %load/vec4 v0x13f5ab430_0;
    %parti/s 4, 0, 2;
    %store/vec4 v0x13f5ab790_0, 0, 4;
    %jmp T_52.6;
T_52.5 ;
    %load/vec4 v0x13f5aba10_0;
    %nor/r;
    %flag_set/vec4 8;
    %jmp/0xz  T_52.7, 8;
    %pushi/vec4 1, 0, 1;
    %store/vec4 v0x13f5aba10_0, 0, 1;
    %load/vec4 v0x13f5ab430_0;
    %parti/s 4, 0, 2;
    %store/vec4 v0x13f5ab840_0, 0, 4;
T_52.7 ;
T_52.6 ;
T_52.3 ;
T_52.2 ; for-loop step statement
    %load/vec4 v0x13f5ab430_0;
    %addi 1, 0, 32;
    %store/vec4 v0x13f5ab430_0, 0, 32;
    %jmp T_52.0;
T_52.1 ; for-loop exit label
    %jmp T_52;
    .thread T_52, $push;
    .scope S_0x13f5a2820;
T_53 ;
    %wait E_0x13f5a89e0;
    %pushi/vec4 0, 0, 1;
    %store/vec4 v0x13f5ab650_0, 0, 1;
    %pushi/vec4 0, 0, 4;
    %store/vec4 v0x13f5ac810_0, 0, 4;
    %pushi/vec4 31, 0, 5;
    %store/vec4 v0x13f5a8df0_0, 0, 5;
    %pushi/vec4 0, 0, 1;
    %store/vec4 v0x13f5ab6f0_0, 0, 1;
    %pushi/vec4 0, 0, 4;
    %store/vec4 v0x13f5ac8b0_0, 0, 4;
    %pushi/vec4 31, 0, 5;
    %store/vec4 v0x13f5a8e80_0, 0, 5;
    %pushi/vec4 0, 0, 1;
    %store/vec4 v0x13f5ac590_0, 0, 1;
    %pushi/vec4 0, 0, 5;
    %store/vec4 v0x13f5abeb0_0, 0, 5;
    %pushi/vec4 0, 0, 64;
    %store/vec4 v0x13f5ac2d0_0, 0, 64;
    %pushi/vec4 0, 0, 64;
    %store/vec4 v0x13f5ac430_0, 0, 64;
    %pushi/vec4 0, 0, 7;
    %store/vec4 v0x13f5abcc0_0, 0, 7;
    %pushi/vec4 0, 0, 5;
    %store/vec4 v0x13f5ac170_0, 0, 5;
    %pushi/vec4 0, 0, 64;
    %store/vec4 v0x13f5aa480_0, 0, 64;
    %pushi/vec4 0, 0, 64;
    %store/vec4 v0x13f5ac010_0, 0, 64;
    %pushi/vec4 0, 0, 1;
    %store/vec4 v0x13f5abb60_0, 0, 1;
    %pushi/vec4 0, 0, 1;
    %store/vec4 v0x13f5ac620_0, 0, 1;
    %pushi/vec4 0, 0, 5;
    %store/vec4 v0x13f5abf60_0, 0, 5;
    %pushi/vec4 0, 0, 64;
    %store/vec4 v0x13f5ac380_0, 0, 64;
    %pushi/vec4 0, 0, 64;
    %store/vec4 v0x13f5ac4e0_0, 0, 64;
    %pushi/vec4 0, 0, 7;
    %store/vec4 v0x13f5abd70_0, 0, 7;
    %pushi/vec4 0, 0, 5;
    %store/vec4 v0x13f5ac220_0, 0, 5;
    %pushi/vec4 0, 0, 64;
    %store/vec4 v0x13f5abe00_0, 0, 64;
    %pushi/vec4 0, 0, 64;
    %store/vec4 v0x13f5ac0c0_0, 0, 64;
    %pushi/vec4 0, 0, 1;
    %store/vec4 v0x13f5abc10_0, 0, 1;
    %pushi/vec4 0, 0, 32;
    %store/vec4 v0x13f5abab0_0, 0, 32;
T_53.0 ; Top of for-loop
    %load/vec4 v0x13f5abab0_0;
    %cmpi/s 8, 0, 32;
	  %jmp/0xz T_53.1, 5;
    %load/vec4 v0x13f5ab380_0;
    %load/vec4 v0x13f5abab0_0;
    %part/s 1;
    %flag_set/vec4 10;
    %flag_get/vec4 10;
    %jmp/0 T_53.6, 10;
    %load/vec4 v0x13f5aae20_0;
    %load/vec4 v0x13f5abab0_0;
    %part/s 1;
    %and;
T_53.6;
    %flag_set/vec4 9;
    %flag_get/vec4 9;
    %jmp/0 T_53.5, 9;
    %load/vec4 v0x13f5ab0d0_0;
    %load/vec4 v0x13f5abab0_0;
    %part/s 1;
    %and;
T_53.5;
    %flag_set/vec4 8;
    %jmp/0xz  T_53.3, 8;
    %ix/getv/s 4, v0x13f5abab0_0;
    %load/vec4a v0x13f5aacc0, 4;
    %load/vec4 v0x13f5ac750_0;
    %sub;
    %load/vec4 v0x13f5a8df0_0;
    %cmp/u;
    %jmp/1 T_53.9, 5;
    %flag_mov 8, 5;
    %load/vec4 v0x13f5ab650_0;
    %nor/r;
    %flag_set/vec4 9;
    %flag_or 9, 8;
    %flag_mov 5, 9;
T_53.9;
    %jmp/0xz  T_53.7, 5;
    %pushi/vec4 1, 0, 1;
    %store/vec4 v0x13f5ab650_0, 0, 1;
    %ix/getv/s 4, v0x13f5abab0_0;
    %load/vec4a v0x13f5aacc0, 4;
    %load/vec4 v0x13f5ac750_0;
    %sub;
    %store/vec4 v0x13f5a8df0_0, 0, 5;
    %load/vec4 v0x13f5abab0_0;
    %parti/s 4, 0, 2;
    %store/vec4 v0x13f5ac810_0, 0, 4;
T_53.7 ;
T_53.3 ;
T_53.2 ; for-loop step statement
    %load/vec4 v0x13f5abab0_0;
    %addi 1, 0, 32;
    %store/vec4 v0x13f5abab0_0, 0, 32;
    %jmp T_53.0;
T_53.1 ; for-loop exit label
    %pushi/vec4 0, 0, 32;
    %store/vec4 v0x13f5abab0_0, 0, 32;
T_53.10 ; Top of for-loop
    %load/vec4 v0x13f5abab0_0;
    %cmpi/s 8, 0, 32;
	  %jmp/0xz T_53.11, 5;
    %load/vec4 v0x13f5ab380_0;
    %load/vec4 v0x13f5abab0_0;
    %part/s 1;
    %flag_set/vec4 11;
    %flag_get/vec4 11;
    %jmp/0 T_53.17, 11;
    %load/vec4 v0x13f5aae20_0;
    %load/vec4 v0x13f5abab0_0;
    %part/s 1;
    %and;
T_53.17;
    %flag_set/vec4 10;
    %flag_get/vec4 10;
    %jmp/0 T_53.16, 10;
    %load/vec4 v0x13f5ab0d0_0;
    %load/vec4 v0x13f5abab0_0;
    %part/s 1;
    %and;
T_53.16;
    %flag_set/vec4 9;
    %flag_get/vec4 9;
    %jmp/0 T_53.15, 9;
    %load/vec4 v0x13f5abab0_0;
    %parti/s 4, 0, 2;
    %load/vec4 v0x13f5ac810_0;
    %cmp/ne;
    %flag_get/vec4 4;
    %jmp/1 T_53.18, 4;
    %load/vec4 v0x13f5ab650_0;
    %nor/r;
    %or;
T_53.18;
    %and;
T_53.15;
    %flag_set/vec4 8;
    %jmp/0xz  T_53.13, 8;
    %ix/getv/s 4, v0x13f5abab0_0;
    %load/vec4a v0x13f5aacc0, 4;
    %load/vec4 v0x13f5ac750_0;
    %sub;
    %load/vec4 v0x13f5a8e80_0;
    %cmp/u;
    %jmp/1 T_53.21, 5;
    %flag_mov 8, 5;
    %load/vec4 v0x13f5ab6f0_0;
    %nor/r;
    %flag_set/vec4 9;
    %flag_or 9, 8;
    %flag_mov 5, 9;
T_53.21;
    %jmp/0xz  T_53.19, 5;
    %load/vec4 v0x13f5abab0_0;
    %parti/s 4, 0, 2;
    %load/vec4 v0x13f5ac810_0;
    %cmp/ne;
    %jmp/0xz  T_53.22, 4;
    %pushi/vec4 1, 0, 1;
    %store/vec4 v0x13f5ab6f0_0, 0, 1;
    %ix/getv/s 4, v0x13f5abab0_0;
    %load/vec4a v0x13f5aacc0, 4;
    %load/vec4 v0x13f5ac750_0;
    %sub;
    %store/vec4 v0x13f5a8e80_0, 0, 5;
    %load/vec4 v0x13f5abab0_0;
    %parti/s 4, 0, 2;
    %store/vec4 v0x13f5ac8b0_0, 0, 4;
T_53.22 ;
T_53.19 ;
T_53.13 ;
T_53.12 ; for-loop step statement
    %load/vec4 v0x13f5abab0_0;
    %addi 1, 0, 32;
    %store/vec4 v0x13f5abab0_0, 0, 32;
    %jmp T_53.10;
T_53.11 ; for-loop exit label
    %load/vec4 v0x13f5ab650_0;
    %flag_set/vec4 8;
    %jmp/0xz  T_53.24, 8;
    %pushi/vec4 1, 0, 1;
    %store/vec4 v0x13f5ac590_0, 0, 1;
    %load/vec4 v0x13f5ac810_0;
    %pad/u 5;
    %ix/vec4 4;
    %load/vec4a v0x13f5aaa00, 4;
    %store/vec4 v0x13f5abeb0_0, 0, 5;
    %load/vec4 v0x13f5ac810_0;
    %pad/u 5;
    %ix/vec4 4;
    %load/vec4a v0x13f5aaf70, 4;
    %store/vec4 v0x13f5ac2d0_0, 0, 64;
    %load/vec4 v0x13f5ac810_0;
    %pad/u 5;
    %ix/vec4 4;
    %load/vec4a v0x13f5ab220, 4;
    %store/vec4 v0x13f5ac430_0, 0, 64;
    %load/vec4 v0x13f5ac810_0;
    %pad/u 5;
    %ix/vec4 4;
    %load/vec4a v0x13f5aa7c0, 4;
    %store/vec4 v0x13f5abcc0_0, 0, 7;
    %load/vec4 v0x13f5ac810_0;
    %pad/u 5;
    %ix/vec4 4;
    %load/vec4a v0x13f5aacc0, 4;
    %store/vec4 v0x13f5ac170_0, 0, 5;
    %load/vec4 v0x13f5ac810_0;
    %pad/u 5;
    %ix/vec4 4;
    %load/vec4a v0x13f5aa8a0, 4;
    %store/vec4 v0x13f5aa480_0, 0, 64;
    %load/vec4 v0x13f5ac810_0;
    %pad/u 5;
    %ix/vec4 4;
    %load/vec4a v0x13f5aab60, 4;
    %store/vec4 v0x13f5ac010_0, 0, 64;
    %load/vec4 v0x13f5aa730_0;
    %load/vec4 v0x13f5ac810_0;
    %part/u 1;
    %store/vec4 v0x13f5abb60_0, 0, 1;
T_53.24 ;
    %load/vec4 v0x13f5ab6f0_0;
    %flag_set/vec4 8;
    %jmp/0xz  T_53.26, 8;
    %pushi/vec4 1, 0, 1;
    %store/vec4 v0x13f5ac620_0, 0, 1;
    %load/vec4 v0x13f5ac8b0_0;
    %pad/u 5;
    %ix/vec4 4;
    %load/vec4a v0x13f5aaa00, 4;
    %store/vec4 v0x13f5abf60_0, 0, 5;
    %load/vec4 v0x13f5ac8b0_0;
    %pad/u 5;
    %ix/vec4 4;
    %load/vec4a v0x13f5aaf70, 4;
    %store/vec4 v0x13f5ac380_0, 0, 64;
    %load/vec4 v0x13f5ac8b0_0;
    %pad/u 5;
    %ix/vec4 4;
    %load/vec4a v0x13f5ab220, 4;
    %store/vec4 v0x13f5ac4e0_0, 0, 64;
    %load/vec4 v0x13f5ac8b0_0;
    %pad/u 5;
    %ix/vec4 4;
    %load/vec4a v0x13f5aa7c0, 4;
    %store/vec4 v0x13f5abd70_0, 0, 7;
    %load/vec4 v0x13f5ac8b0_0;
    %pad/u 5;
    %ix/vec4 4;
    %load/vec4a v0x13f5aacc0, 4;
    %store/vec4 v0x13f5ac220_0, 0, 5;
    %load/vec4 v0x13f5ac8b0_0;
    %pad/u 5;
    %ix/vec4 4;
    %load/vec4a v0x13f5aa8a0, 4;
    %store/vec4 v0x13f5abe00_0, 0, 64;
    %load/vec4 v0x13f5ac8b0_0;
    %pad/u 5;
    %ix/vec4 4;
    %load/vec4a v0x13f5aab60, 4;
    %store/vec4 v0x13f5ac0c0_0, 0, 64;
    %load/vec4 v0x13f5aa730_0;
    %load/vec4 v0x13f5ac8b0_0;
    %part/u 1;
    %store/vec4 v0x13f5abc10_0, 0, 1;
T_53.26 ;
    %jmp T_53;
    .thread T_53, $push;
    .scope S_0x13f5a2820;
T_54 ;
    %wait E_0x13f54f620;
    %load/vec4 v0x13f5ac6c0_0;
    %flag_set/vec4 8;
    %jmp/0xz  T_54.0, 8;
    %pushi/vec4 0, 0, 8;
    %assign/vec4 v0x13f5ab380_0, 0;
    %pushi/vec4 0, 0, 8;
    %assign/vec4 v0x13f5aae20_0, 0;
    %pushi/vec4 0, 0, 8;
    %assign/vec4 v0x13f5ab0d0_0, 0;
    %pushi/vec4 0, 0, 8;
    %assign/vec4 v0x13f5aa730_0, 0;
    %pushi/vec4 0, 0, 32;
    %store/vec4 v0x13f5ac960_0, 0, 32;
T_54.2 ; Top of for-loop
    %load/vec4 v0x13f5ac960_0;
    %cmpi/s 8, 0, 32;
	  %jmp/0xz T_54.3, 5;
    %pushi/vec4 0, 0, 5;
    %ix/getv/s 3, v0x13f5ac960_0;
    %ix/load 4, 0, 0; Constant delay
    %assign/vec4/a/d v0x13f5aaa00, 0, 4;
    %pushi/vec4 0, 0, 64;
    %ix/getv/s 3, v0x13f5ac960_0;
    %ix/load 4, 0, 0; Constant delay
    %assign/vec4/a/d v0x13f5aaf70, 0, 4;
    %pushi/vec4 0, 0, 7;
    %ix/getv/s 3, v0x13f5ac960_0;
    %ix/load 4, 0, 0; Constant delay
    %assign/vec4/a/d v0x13f5aaed0, 0, 4;
    %pushi/vec4 0, 0, 64;
    %ix/getv/s 3, v0x13f5ac960_0;
    %ix/load 4, 0, 0; Constant delay
    %assign/vec4/a/d v0x13f5ab220, 0, 4;
    %pushi/vec4 0, 0, 7;
    %ix/getv/s 3, v0x13f5ac960_0;
    %ix/load 4, 0, 0; Constant delay
    %assign/vec4/a/d v0x13f5ab180, 0, 4;
    %pushi/vec4 0, 0, 7;
    %ix/getv/s 3, v0x13f5ac960_0;
    %ix/load 4, 0, 0; Constant delay
    %assign/vec4/a/d v0x13f5aa7c0, 0, 4;
    %pushi/vec4 0, 0, 5;
    %ix/getv/s 3, v0x13f5ac960_0;
    %ix/load 4, 0, 0; Constant delay
    %assign/vec4/a/d v0x13f5aacc0, 0, 4;
    %pushi/vec4 0, 0, 64;
    %ix/getv/s 3, v0x13f5ac960_0;
    %ix/load 4, 0, 0; Constant delay
    %assign/vec4/a/d v0x13f5aa8a0, 0, 4;
    %pushi/vec4 0, 0, 64;
    %ix/getv/s 3, v0x13f5ac960_0;
    %ix/load 4, 0, 0; Constant delay
    %assign/vec4/a/d v0x13f5aab60, 0, 4;
T_54.4 ; for-loop step statement
    %load/vec4 v0x13f5ac960_0;
    %addi 1, 0, 32;
    %store/vec4 v0x13f5ac960_0, 0, 32;
    %jmp T_54.2;
T_54.3 ; for-loop exit label
    %jmp T_54.1;
T_54.0 ;
    %load/vec4 v0x13f5a9680_0;
    %flag_set/vec4 9;
    %flag_get/vec4 9;
    %jmp/0 T_54.7, 9;
    %load/vec4 v0x13f5ab980_0;
    %and;
T_54.7;
    %flag_set/vec4 8;
    %jmp/0xz  T_54.5, 8;
    %pushi/vec4 1, 0, 1;
    %ix/load 5, 0, 0;
    %ix/getv 4, v0x13f5ab790_0;
    %assign/vec4/off/d v0x13f5ab380_0, 4, 5;
    %load/vec4 v0x13f5a9a00_0;
    %load/vec4 v0x13f5ab790_0;
    %pad/u 5;
    %ix/vec4 3;
    %ix/load 4, 0, 0; Constant delay
    %assign/vec4/a/d v0x13f5aaa00, 0, 4;
    %load/vec4 v0x13f5aa0a0_0;
    %load/vec4 v0x13f5ab790_0;
    %pad/u 5;
    %ix/vec4 3;
    %ix/load 4, 0, 0; Constant delay
    %assign/vec4/a/d v0x13f5aaf70, 0, 4;
    %load/vec4 v0x13f5a9f40_0;
    %load/vec4 v0x13f5ab790_0;
    %pad/u 5;
    %ix/vec4 3;
    %ix/load 4, 0, 0; Constant delay
    %assign/vec4/a/d v0x13f5aaed0, 0, 4;
    %load/vec4 v0x13f5a9de0_0;
    %ix/load 5, 0, 0;
    %ix/getv 4, v0x13f5ab790_0;
    %assign/vec4/off/d v0x13f5aae20_0, 4, 5;
    %load/vec4 v0x13f5aa5d0_0;
    %load/vec4 v0x13f5ab790_0;
    %pad/u 5;
    %ix/vec4 3;
    %ix/load 4, 0, 0; Constant delay
    %assign/vec4/a/d v0x13f5ab220, 0, 4;
    %load/vec4 v0x13f5a97e0_0;
    %load/vec4 v0x13f5ab790_0;
    %pad/u 5;
    %ix/vec4 3;
    %ix/load 4, 0, 0; Constant delay
    %assign/vec4/a/d v0x13f5ab180, 0, 4;
    %load/vec4 v0x13f5aa200_0;
    %ix/load 5, 0, 0;
    %ix/getv 4, v0x13f5ab790_0;
    %assign/vec4/off/d v0x13f5ab0d0_0, 4, 5;
    %load/vec4 v0x13f5a9560_0;
    %load/vec4 v0x13f5ab790_0;
    %pad/u 5;
    %ix/vec4 3;
    %ix/load 4, 0, 0; Constant delay
    %assign/vec4/a/d v0x13f5aa7c0, 0, 4;
    %load/vec4 v0x13f5a9c80_0;
    %load/vec4 v0x13f5ab790_0;
    %pad/u 5;
    %ix/vec4 3;
    %ix/load 4, 0, 0; Constant delay
    %assign/vec4/a/d v0x13f5aacc0, 0, 4;
    %load/vec4 v0x13f5a98e0_0;
    %load/vec4 v0x13f5ab790_0;
    %pad/u 5;
    %ix/vec4 3;
    %ix/load 4, 0, 0; Constant delay
    %assign/vec4/a/d v0x13f5aa8a0, 0, 4;
    %load/vec4 v0x13f5a9b20_0;
    %load/vec4 v0x13f5ab790_0;
    %pad/u 5;
    %ix/vec4 3;
    %ix/load 4, 0, 0; Constant delay
    %assign/vec4/a/d v0x13f5aab60, 0, 4;
    %load/vec4 v0x13f5a9440_0;
    %ix/load 5, 0, 0;
    %ix/getv 4, v0x13f5ab790_0;
    %assign/vec4/off/d v0x13f5aa730_0, 4, 5;
T_54.5 ;
    %load/vec4 v0x13f5a9730_0;
    %flag_set/vec4 9;
    %flag_get/vec4 9;
    %jmp/0 T_54.10, 9;
    %load/vec4 v0x13f5aba10_0;
    %and;
T_54.10;
    %flag_set/vec4 8;
    %jmp/0xz  T_54.8, 8;
    %pushi/vec4 1, 0, 1;
    %ix/load 5, 0, 0;
    %ix/getv 4, v0x13f5ab840_0;
    %assign/vec4/off/d v0x13f5ab380_0, 4, 5;
    %load/vec4 v0x13f5a9a90_0;
    %load/vec4 v0x13f5ab840_0;
    %pad/u 5;
    %ix/vec4 3;
    %ix/load 4, 0, 0; Constant delay
    %assign/vec4/a/d v0x13f5aaa00, 0, 4;
    %load/vec4 v0x13f5aa150_0;
    %load/vec4 v0x13f5ab840_0;
    %pad/u 5;
    %ix/vec4 3;
    %ix/load 4, 0, 0; Constant delay
    %assign/vec4/a/d v0x13f5aaf70, 0, 4;
    %load/vec4 v0x13f5a9ff0_0;
    %load/vec4 v0x13f5ab840_0;
    %pad/u 5;
    %ix/vec4 3;
    %ix/load 4, 0, 0; Constant delay
    %assign/vec4/a/d v0x13f5aaed0, 0, 4;
    %load/vec4 v0x13f5a9e90_0;
    %ix/load 5, 0, 0;
    %ix/getv 4, v0x13f5ab840_0;
    %assign/vec4/off/d v0x13f5aae20_0, 4, 5;
    %load/vec4 v0x13f5aa680_0;
    %load/vec4 v0x13f5ab840_0;
    %pad/u 5;
    %ix/vec4 3;
    %ix/load 4, 0, 0; Constant delay
    %assign/vec4/a/d v0x13f5ab220, 0, 4;
    %load/vec4 v0x13f5aa540_0;
    %load/vec4 v0x13f5ab840_0;
    %pad/u 5;
    %ix/vec4 3;
    %ix/load 4, 0, 0; Constant delay
    %assign/vec4/a/d v0x13f5ab180, 0, 4;
    %load/vec4 v0x13f5aa2b0_0;
    %ix/load 5, 0, 0;
    %ix/getv 4, v0x13f5ab840_0;
    %assign/vec4/off/d v0x13f5ab0d0_0, 4, 5;
    %load/vec4 v0x13f5a95f0_0;
    %load/vec4 v0x13f5ab840_0;
    %pad/u 5;
    %ix/vec4 3;
    %ix/load 4, 0, 0; Constant delay
    %assign/vec4/a/d v0x13f5aa7c0, 0, 4;
    %load/vec4 v0x13f5a9d30_0;
    %load/vec4 v0x13f5ab840_0;
    %pad/u 5;
    %ix/vec4 3;
    %ix/load 4, 0, 0; Constant delay
    %assign/vec4/a/d v0x13f5aacc0, 0, 4;
    %load/vec4 v0x13f5a9970_0;
    %load/vec4 v0x13f5ab840_0;
    %pad/u 5;
    %ix/vec4 3;
    %ix/load 4, 0, 0; Constant delay
    %assign/vec4/a/d v0x13f5aa8a0, 0, 4;
    %load/vec4 v0x13f5a9bd0_0;
    %load/vec4 v0x13f5ab840_0;
    %pad/u 5;
    %ix/vec4 3;
    %ix/load 4, 0, 0; Constant delay
    %assign/vec4/a/d v0x13f5aab60, 0, 4;
    %load/vec4 v0x13f5a94d0_0;
    %ix/load 5, 0, 0;
    %ix/getv 4, v0x13f5ab840_0;
    %assign/vec4/off/d v0x13f5aa730_0, 4, 5;
T_54.8 ;
    %pushi/vec4 0, 0, 32;
    %store/vec4 v0x13f5ac960_0, 0, 32;
T_54.11 ; Top of for-loop
    %load/vec4 v0x13f5ac960_0;
    %cmpi/s 8, 0, 32;
	  %jmp/0xz T_54.12, 5;
    %load/vec4 v0x13f5ab380_0;
    %load/vec4 v0x13f5ac960_0;
    %part/s 1;
    %flag_set/vec4 8;
    %jmp/0xz  T_54.14, 8;
    %load/vec4 v0x13f5a90f0_0;
    %flag_set/vec4 10;
    %flag_get/vec4 10;
    %jmp/0 T_54.19, 10;
    %load/vec4 v0x13f5aae20_0;
    %load/vec4 v0x13f5ac960_0;
    %part/s 1;
    %nor/r;
    %and;
T_54.19;
    %flag_set/vec4 9;
    %flag_get/vec4 9;
    %jmp/0 T_54.18, 9;
    %ix/getv/s 4, v0x13f5ac960_0;
    %load/vec4a v0x13f5aaed0, 4;
    %load/vec4 v0x13f5a8f10_0;
    %cmp/e;
    %flag_get/vec4 4;
    %and;
T_54.18;
    %flag_set/vec4 8;
    %jmp/0xz  T_54.16, 8;
    %load/vec4 v0x13f5a9210_0;
    %ix/getv/s 3, v0x13f5ac960_0;
    %ix/load 4, 0, 0; Constant delay
    %assign/vec4/a/d v0x13f5aaf70, 0, 4;
    %pushi/vec4 1, 0, 1;
    %ix/load 5, 0, 0;
    %ix/getv/s 4, v0x13f5ac960_0;
    %assign/vec4/off/d v0x13f5aae20_0, 4, 5;
T_54.16 ;
    %load/vec4 v0x13f5a90f0_0;
    %flag_set/vec4 10;
    %flag_get/vec4 10;
    %jmp/0 T_54.23, 10;
    %load/vec4 v0x13f5ab0d0_0;
    %load/vec4 v0x13f5ac960_0;
    %part/s 1;
    %nor/r;
    %and;
T_54.23;
    %flag_set/vec4 9;
    %flag_get/vec4 9;
    %jmp/0 T_54.22, 9;
    %ix/getv/s 4, v0x13f5ac960_0;
    %load/vec4a v0x13f5ab180, 4;
    %load/vec4 v0x13f5a8f10_0;
    %cmp/e;
    %flag_get/vec4 4;
    %and;
T_54.22;
    %flag_set/vec4 8;
    %jmp/0xz  T_54.20, 8;
    %load/vec4 v0x13f5a9210_0;
    %ix/getv/s 3, v0x13f5ac960_0;
    %ix/load 4, 0, 0; Constant delay
    %assign/vec4/a/d v0x13f5ab220, 0, 4;
    %pushi/vec4 1, 0, 1;
    %ix/load 5, 0, 0;
    %ix/getv/s 4, v0x13f5ac960_0;
    %assign/vec4/off/d v0x13f5ab0d0_0, 4, 5;
T_54.20 ;
    %load/vec4 v0x13f5a9180_0;
    %flag_set/vec4 10;
    %flag_get/vec4 10;
    %jmp/0 T_54.27, 10;
    %load/vec4 v0x13f5aae20_0;
    %load/vec4 v0x13f5ac960_0;
    %part/s 1;
    %nor/r;
    %and;
T_54.27;
    %flag_set/vec4 9;
    %flag_get/vec4 9;
    %jmp/0 T_54.26, 9;
    %ix/getv/s 4, v0x13f5ac960_0;
    %load/vec4a v0x13f5aaed0, 4;
    %load/vec4 v0x13f5a9020_0;
    %cmp/e;
    %flag_get/vec4 4;
    %and;
T_54.26;
    %flag_set/vec4 8;
    %jmp/0xz  T_54.24, 8;
    %load/vec4 v0x13f5a9320_0;
    %ix/getv/s 3, v0x13f5ac960_0;
    %ix/load 4, 0, 0; Constant delay
    %assign/vec4/a/d v0x13f5aaf70, 0, 4;
    %pushi/vec4 1, 0, 1;
    %ix/load 5, 0, 0;
    %ix/getv/s 4, v0x13f5ac960_0;
    %assign/vec4/off/d v0x13f5aae20_0, 4, 5;
T_54.24 ;
    %load/vec4 v0x13f5a9180_0;
    %flag_set/vec4 10;
    %flag_get/vec4 10;
    %jmp/0 T_54.31, 10;
    %load/vec4 v0x13f5ab0d0_0;
    %load/vec4 v0x13f5ac960_0;
    %part/s 1;
    %nor/r;
    %and;
T_54.31;
    %flag_set/vec4 9;
    %flag_get/vec4 9;
    %jmp/0 T_54.30, 9;
    %ix/getv/s 4, v0x13f5ac960_0;
    %load/vec4a v0x13f5ab180, 4;
    %load/vec4 v0x13f5a9020_0;
    %cmp/e;
    %flag_get/vec4 4;
    %and;
T_54.30;
    %flag_set/vec4 8;
    %jmp/0xz  T_54.28, 8;
    %load/vec4 v0x13f5a9320_0;
    %ix/getv/s 3, v0x13f5ac960_0;
    %ix/load 4, 0, 0; Constant delay
    %assign/vec4/a/d v0x13f5ab220, 0, 4;
    %pushi/vec4 1, 0, 1;
    %ix/load 5, 0, 0;
    %ix/getv/s 4, v0x13f5ac960_0;
    %assign/vec4/off/d v0x13f5ab0d0_0, 4, 5;
T_54.28 ;
T_54.14 ;
T_54.13 ; for-loop step statement
    %load/vec4 v0x13f5ac960_0;
    %addi 1, 0, 32;
    %store/vec4 v0x13f5ac960_0, 0, 32;
    %jmp T_54.11;
T_54.12 ; for-loop exit label
    %load/vec4 v0x13f5ac590_0;
    %flag_set/vec4 9;
    %flag_get/vec4 9;
    %jmp/0 T_54.34, 9;
    %load/vec4 v0x13f5aa360_0;
    %and;
T_54.34;
    %flag_set/vec4 8;
    %jmp/0xz  T_54.32, 8;
    %pushi/vec4 0, 0, 1;
    %ix/load 5, 0, 0;
    %ix/getv 4, v0x13f5ac810_0;
    %assign/vec4/off/d v0x13f5ab380_0, 4, 5;
T_54.32 ;
    %load/vec4 v0x13f5ac620_0;
    %flag_set/vec4 9;
    %flag_get/vec4 9;
    %jmp/0 T_54.37, 9;
    %load/vec4 v0x13f5aa3f0_0;
    %and;
T_54.37;
    %flag_set/vec4 8;
    %jmp/0xz  T_54.35, 8;
    %pushi/vec4 0, 0, 1;
    %ix/load 5, 0, 0;
    %ix/getv 4, v0x13f5ac8b0_0;
    %assign/vec4/off/d v0x13f5ab380_0, 4, 5;
T_54.35 ;
    %load/vec4 v0x13f5ab4e0_0;
    %flag_set/vec4 8;
    %jmp/0xz  T_54.38, 8;
    %pushi/vec4 0, 0, 32;
    %store/vec4 v0x13f5ac960_0, 0, 32;
T_54.40 ; Top of for-loop
    %load/vec4 v0x13f5ac960_0;
    %cmpi/s 8, 0, 32;
	  %jmp/0xz T_54.41, 5;
    %load/vec4 v0x13f5ab380_0;
    %load/vec4 v0x13f5ac960_0;
    %part/s 1;
    %flag_set/vec4 10;
    %flag_get/vec4 10;
    %jmp/0 T_54.46, 10;
    %ix/getv/s 4, v0x13f5ac960_0;
    %load/vec4a v0x13f5aacc0, 4;
    %pad/u 32;
    %load/vec4 v0x13f5ab570_0;
    %pad/u 32;
    %sub;
    %pushi/vec4 0, 0, 32;
    %cmp/ne;
    %flag_get/vec4 4;
    %and;
T_54.46;
    %flag_set/vec4 9;
    %flag_get/vec4 9;
    %jmp/0 T_54.45, 9;
    %load/vec4 v0x13f5ab570_0;
    %load/vec4 v0x13f5ac750_0;
    %sub;
    %ix/getv/s 4, v0x13f5ac960_0;
    %load/vec4a v0x13f5aacc0, 4;
    %load/vec4 v0x13f5ac750_0;
    %sub;
    %cmp/u;
    %flag_get/vec4 5;
    %and;
T_54.45;
    %flag_set/vec4 8;
    %jmp/0xz  T_54.43, 8;
    %pushi/vec4 0, 0, 1;
    %ix/load 5, 0, 0;
    %ix/getv/s 4, v0x13f5ac960_0;
    %assign/vec4/off/d v0x13f5ab380_0, 4, 5;
T_54.43 ;
T_54.42 ; for-loop step statement
    %load/vec4 v0x13f5ac960_0;
    %addi 1, 0, 32;
    %store/vec4 v0x13f5ac960_0, 0, 32;
    %jmp T_54.40;
T_54.41 ; for-loop exit label
T_54.38 ;
T_54.1 ;
    %jmp T_54;
    .thread T_54;
    .scope S_0x13f5a8800;
T_55 ;
    %wait E_0x13f5ad4f0;
    %pushi/vec4 0, 0, 1;
    %store/vec4 v0x13f5b03d0_0, 0, 1;
    %pushi/vec4 0, 0, 4;
    %store/vec4 v0x13f5b01c0_0, 0, 4;
    %pushi/vec4 0, 0, 1;
    %store/vec4 v0x13f5b0460_0, 0, 1;
    %pushi/vec4 0, 0, 4;
    %store/vec4 v0x13f5b0270_0, 0, 4;
    %pushi/vec4 0, 0, 32;
    %store/vec4 v0x13f5afda0_0, 0, 32;
T_55.0 ; Top of for-loop
    %load/vec4 v0x13f5afda0_0;
    %cmpi/s 8, 0, 32;
	  %jmp/0xz T_55.1, 5;
    %load/vec4 v0x13f5afcf0_0;
    %load/vec4 v0x13f5afda0_0;
    %part/s 1;
    %nor/r;
    %flag_set/vec4 8;
    %jmp/0xz  T_55.3, 8;
    %load/vec4 v0x13f5b03d0_0;
    %nor/r;
    %flag_set/vec4 8;
    %jmp/0xz  T_55.5, 8;
    %pushi/vec4 1, 0, 1;
    %store/vec4 v0x13f5b03d0_0, 0, 1;
    %load/vec4 v0x13f5afda0_0;
    %parti/s 4, 0, 2;
    %store/vec4 v0x13f5b01c0_0, 0, 4;
    %jmp T_55.6;
T_55.5 ;
    %load/vec4 v0x13f5b0460_0;
    %nor/r;
    %flag_set/vec4 8;
    %jmp/0xz  T_55.7, 8;
    %pushi/vec4 1, 0, 1;
    %store/vec4 v0x13f5b0460_0, 0, 1;
    %load/vec4 v0x13f5afda0_0;
    %parti/s 4, 0, 2;
    %store/vec4 v0x13f5b0270_0, 0, 4;
T_55.7 ;
T_55.6 ;
T_55.3 ;
T_55.2 ; for-loop step statement
    %load/vec4 v0x13f5afda0_0;
    %addi 1, 0, 32;
    %store/vec4 v0x13f5afda0_0, 0, 32;
    %jmp T_55.0;
T_55.1 ; for-loop exit label
    %jmp T_55;
    .thread T_55, $push;
    .scope S_0x13f5a8800;
T_56 ;
    %wait E_0x13f5ad280;
    %pushi/vec4 0, 0, 1;
    %store/vec4 v0x13f5b0080_0, 0, 1;
    %pushi/vec4 0, 0, 4;
    %store/vec4 v0x13f5b1200_0, 0, 4;
    %pushi/vec4 31, 0, 5;
    %store/vec4 v0x13f5ad6a0_0, 0, 5;
    %pushi/vec4 0, 0, 1;
    %store/vec4 v0x13f5b0120_0, 0, 1;
    %pushi/vec4 0, 0, 4;
    %store/vec4 v0x13f5b12b0_0, 0, 4;
    %pushi/vec4 31, 0, 5;
    %store/vec4 v0x13f5ad730_0, 0, 5;
    %pushi/vec4 0, 0, 1;
    %store/vec4 v0x13f5b0f60_0, 0, 1;
    %pushi/vec4 0, 0, 5;
    %store/vec4 v0x13f5b0870_0, 0, 5;
    %pushi/vec4 0, 0, 64;
    %store/vec4 v0x13f5b0ca0_0, 0, 64;
    %pushi/vec4 0, 0, 64;
    %store/vec4 v0x13f5b0e00_0, 0, 64;
    %pushi/vec4 0, 0, 7;
    %store/vec4 v0x13f5b06a0_0, 0, 7;
    %pushi/vec4 0, 0, 5;
    %store/vec4 v0x13f5b0b30_0, 0, 5;
    %pushi/vec4 0, 0, 64;
    %store/vec4 v0x13f5aee00_0, 0, 64;
    %pushi/vec4 0, 0, 64;
    %store/vec4 v0x13f5b09e0_0, 0, 64;
    %pushi/vec4 0, 0, 1;
    %store/vec4 v0x13f5b0580_0, 0, 1;
    %pushi/vec4 0, 0, 1;
    %store/vec4 v0x13f5b0ff0_0, 0, 1;
    %pushi/vec4 0, 0, 5;
    %store/vec4 v0x13f5b0930_0, 0, 5;
    %pushi/vec4 0, 0, 64;
    %store/vec4 v0x13f5b0d50_0, 0, 64;
    %pushi/vec4 0, 0, 64;
    %store/vec4 v0x13f5b0eb0_0, 0, 64;
    %pushi/vec4 0, 0, 7;
    %store/vec4 v0x13f5b0730_0, 0, 7;
    %pushi/vec4 0, 0, 5;
    %store/vec4 v0x13f5b0bf0_0, 0, 5;
    %pushi/vec4 0, 0, 64;
    %store/vec4 v0x13f5b07c0_0, 0, 64;
    %pushi/vec4 0, 0, 64;
    %store/vec4 v0x13f5b0a80_0, 0, 64;
    %pushi/vec4 0, 0, 1;
    %store/vec4 v0x13f5b0610_0, 0, 1;
    %pushi/vec4 0, 0, 32;
    %store/vec4 v0x13f5b04f0_0, 0, 32;
T_56.0 ; Top of for-loop
    %load/vec4 v0x13f5b04f0_0;
    %cmpi/s 8, 0, 32;
	  %jmp/0xz T_56.1, 5;
    %load/vec4 v0x13f5afcf0_0;
    %load/vec4 v0x13f5b04f0_0;
    %part/s 1;
    %flag_set/vec4 10;
    %flag_get/vec4 10;
    %jmp/0 T_56.6, 10;
    %load/vec4 v0x13f5af790_0;
    %load/vec4 v0x13f5b04f0_0;
    %part/s 1;
    %and;
T_56.6;
    %flag_set/vec4 9;
    %flag_get/vec4 9;
    %jmp/0 T_56.5, 9;
    %load/vec4 v0x13f5afa40_0;
    %load/vec4 v0x13f5b04f0_0;
    %part/s 1;
    %and;
T_56.5;
    %flag_set/vec4 8;
    %jmp/0xz  T_56.3, 8;
    %ix/getv/s 4, v0x13f5b04f0_0;
    %load/vec4a v0x13f5af630, 4;
    %load/vec4 v0x13f5b1120_0;
    %sub;
    %load/vec4 v0x13f5ad6a0_0;
    %cmp/u;
    %jmp/1 T_56.9, 5;
    %flag_mov 8, 5;
    %load/vec4 v0x13f5b0080_0;
    %nor/r;
    %flag_set/vec4 9;
    %flag_or 9, 8;
    %flag_mov 5, 9;
T_56.9;
    %jmp/0xz  T_56.7, 5;
    %pushi/vec4 1, 0, 1;
    %store/vec4 v0x13f5b0080_0, 0, 1;
    %ix/getv/s 4, v0x13f5b04f0_0;
    %load/vec4a v0x13f5af630, 4;
    %load/vec4 v0x13f5b1120_0;
    %sub;
    %store/vec4 v0x13f5ad6a0_0, 0, 5;
    %load/vec4 v0x13f5b04f0_0;
    %parti/s 4, 0, 2;
    %store/vec4 v0x13f5b1200_0, 0, 4;
T_56.7 ;
T_56.3 ;
T_56.2 ; for-loop step statement
    %load/vec4 v0x13f5b04f0_0;
    %addi 1, 0, 32;
    %store/vec4 v0x13f5b04f0_0, 0, 32;
    %jmp T_56.0;
T_56.1 ; for-loop exit label
    %pushi/vec4 0, 0, 32;
    %store/vec4 v0x13f5b04f0_0, 0, 32;
T_56.10 ; Top of for-loop
    %load/vec4 v0x13f5b04f0_0;
    %cmpi/s 8, 0, 32;
	  %jmp/0xz T_56.11, 5;
    %load/vec4 v0x13f5afcf0_0;
    %load/vec4 v0x13f5b04f0_0;
    %part/s 1;
    %flag_set/vec4 11;
    %flag_get/vec4 11;
    %jmp/0 T_56.17, 11;
    %load/vec4 v0x13f5af790_0;
    %load/vec4 v0x13f5b04f0_0;
    %part/s 1;
    %and;
T_56.17;
    %flag_set/vec4 10;
    %flag_get/vec4 10;
    %jmp/0 T_56.16, 10;
    %load/vec4 v0x13f5afa40_0;
    %load/vec4 v0x13f5b04f0_0;
    %part/s 1;
    %and;
T_56.16;
    %flag_set/vec4 9;
    %flag_get/vec4 9;
    %jmp/0 T_56.15, 9;
    %load/vec4 v0x13f5b04f0_0;
    %parti/s 4, 0, 2;
    %load/vec4 v0x13f5b1200_0;
    %cmp/ne;
    %flag_get/vec4 4;
    %jmp/1 T_56.18, 4;
    %load/vec4 v0x13f5b0080_0;
    %nor/r;
    %or;
T_56.18;
    %and;
T_56.15;
    %flag_set/vec4 8;
    %jmp/0xz  T_56.13, 8;
    %ix/getv/s 4, v0x13f5b04f0_0;
    %load/vec4a v0x13f5af630, 4;
    %load/vec4 v0x13f5b1120_0;
    %sub;
    %load/vec4 v0x13f5ad730_0;
    %cmp/u;
    %jmp/1 T_56.21, 5;
    %flag_mov 8, 5;
    %load/vec4 v0x13f5b0120_0;
    %nor/r;
    %flag_set/vec4 9;
    %flag_or 9, 8;
    %flag_mov 5, 9;
T_56.21;
    %jmp/0xz  T_56.19, 5;
    %load/vec4 v0x13f5b04f0_0;
    %parti/s 4, 0, 2;
    %load/vec4 v0x13f5b1200_0;
    %cmp/ne;
    %jmp/0xz  T_56.22, 4;
    %pushi/vec4 1, 0, 1;
    %store/vec4 v0x13f5b0120_0, 0, 1;
    %ix/getv/s 4, v0x13f5b04f0_0;
    %load/vec4a v0x13f5af630, 4;
    %load/vec4 v0x13f5b1120_0;
    %sub;
    %store/vec4 v0x13f5ad730_0, 0, 5;
    %load/vec4 v0x13f5b04f0_0;
    %parti/s 4, 0, 2;
    %store/vec4 v0x13f5b12b0_0, 0, 4;
T_56.22 ;
T_56.19 ;
T_56.13 ;
T_56.12 ; for-loop step statement
    %load/vec4 v0x13f5b04f0_0;
    %addi 1, 0, 32;
    %store/vec4 v0x13f5b04f0_0, 0, 32;
    %jmp T_56.10;
T_56.11 ; for-loop exit label
    %load/vec4 v0x13f5b0080_0;
    %flag_set/vec4 8;
    %jmp/0xz  T_56.24, 8;
    %pushi/vec4 1, 0, 1;
    %store/vec4 v0x13f5b0f60_0, 0, 1;
    %load/vec4 v0x13f5b1200_0;
    %pad/u 5;
    %ix/vec4 4;
    %load/vec4a v0x13f5af370, 4;
    %store/vec4 v0x13f5b0870_0, 0, 5;
    %load/vec4 v0x13f5b1200_0;
    %pad/u 5;
    %ix/vec4 4;
    %load/vec4a v0x13f5af8e0, 4;
    %store/vec4 v0x13f5b0ca0_0, 0, 64;
    %load/vec4 v0x13f5b1200_0;
    %pad/u 5;
    %ix/vec4 4;
    %load/vec4a v0x13f5afb90, 4;
    %store/vec4 v0x13f5b0e00_0, 0, 64;
    %load/vec4 v0x13f5b1200_0;
    %pad/u 5;
    %ix/vec4 4;
    %load/vec4a v0x13f5af130, 4;
    %store/vec4 v0x13f5b06a0_0, 0, 7;
    %load/vec4 v0x13f5b1200_0;
    %pad/u 5;
    %ix/vec4 4;
    %load/vec4a v0x13f5af630, 4;
    %store/vec4 v0x13f5b0b30_0, 0, 5;
    %load/vec4 v0x13f5b1200_0;
    %pad/u 5;
    %ix/vec4 4;
    %load/vec4a v0x13f5af210, 4;
    %store/vec4 v0x13f5aee00_0, 0, 64;
    %load/vec4 v0x13f5b1200_0;
    %pad/u 5;
    %ix/vec4 4;
    %load/vec4a v0x13f5af4d0, 4;
    %store/vec4 v0x13f5b09e0_0, 0, 64;
    %load/vec4 v0x13f5af0a0_0;
    %load/vec4 v0x13f5b1200_0;
    %part/u 1;
    %store/vec4 v0x13f5b0580_0, 0, 1;
T_56.24 ;
    %load/vec4 v0x13f5b0120_0;
    %flag_set/vec4 8;
    %jmp/0xz  T_56.26, 8;
    %pushi/vec4 1, 0, 1;
    %store/vec4 v0x13f5b0ff0_0, 0, 1;
    %load/vec4 v0x13f5b12b0_0;
    %pad/u 5;
    %ix/vec4 4;
    %load/vec4a v0x13f5af370, 4;
    %store/vec4 v0x13f5b0930_0, 0, 5;
    %load/vec4 v0x13f5b12b0_0;
    %pad/u 5;
    %ix/vec4 4;
    %load/vec4a v0x13f5af8e0, 4;
    %store/vec4 v0x13f5b0d50_0, 0, 64;
    %load/vec4 v0x13f5b12b0_0;
    %pad/u 5;
    %ix/vec4 4;
    %load/vec4a v0x13f5afb90, 4;
    %store/vec4 v0x13f5b0eb0_0, 0, 64;
    %load/vec4 v0x13f5b12b0_0;
    %pad/u 5;
    %ix/vec4 4;
    %load/vec4a v0x13f5af130, 4;
    %store/vec4 v0x13f5b0730_0, 0, 7;
    %load/vec4 v0x13f5b12b0_0;
    %pad/u 5;
    %ix/vec4 4;
    %load/vec4a v0x13f5af630, 4;
    %store/vec4 v0x13f5b0bf0_0, 0, 5;
    %load/vec4 v0x13f5b12b0_0;
    %pad/u 5;
    %ix/vec4 4;
    %load/vec4a v0x13f5af210, 4;
    %store/vec4 v0x13f5b07c0_0, 0, 64;
    %load/vec4 v0x13f5b12b0_0;
    %pad/u 5;
    %ix/vec4 4;
    %load/vec4a v0x13f5af4d0, 4;
    %store/vec4 v0x13f5b0a80_0, 0, 64;
    %load/vec4 v0x13f5af0a0_0;
    %load/vec4 v0x13f5b12b0_0;
    %part/u 1;
    %store/vec4 v0x13f5b0610_0, 0, 1;
T_56.26 ;
    %jmp T_56;
    .thread T_56, $push;
    .scope S_0x13f5a8800;
T_57 ;
    %wait E_0x13f54f620;
    %load/vec4 v0x13f5b1090_0;
    %flag_set/vec4 8;
    %jmp/0xz  T_57.0, 8;
    %pushi/vec4 0, 0, 8;
    %assign/vec4 v0x13f5afcf0_0, 0;
    %pushi/vec4 0, 0, 8;
    %assign/vec4 v0x13f5af790_0, 0;
    %pushi/vec4 0, 0, 8;
    %assign/vec4 v0x13f5afa40_0, 0;
    %pushi/vec4 0, 0, 8;
    %assign/vec4 v0x13f5af0a0_0, 0;
    %pushi/vec4 0, 0, 32;
    %store/vec4 v0x13f5b1360_0, 0, 32;
T_57.2 ; Top of for-loop
    %load/vec4 v0x13f5b1360_0;
    %cmpi/s 8, 0, 32;
	  %jmp/0xz T_57.3, 5;
    %pushi/vec4 0, 0, 5;
    %ix/getv/s 3, v0x13f5b1360_0;
    %ix/load 4, 0, 0; Constant delay
    %assign/vec4/a/d v0x13f5af370, 0, 4;
    %pushi/vec4 0, 0, 64;
    %ix/getv/s 3, v0x13f5b1360_0;
    %ix/load 4, 0, 0; Constant delay
    %assign/vec4/a/d v0x13f5af8e0, 0, 4;
    %pushi/vec4 0, 0, 7;
    %ix/getv/s 3, v0x13f5b1360_0;
    %ix/load 4, 0, 0; Constant delay
    %assign/vec4/a/d v0x13f5af840, 0, 4;
    %pushi/vec4 0, 0, 64;
    %ix/getv/s 3, v0x13f5b1360_0;
    %ix/load 4, 0, 0; Constant delay
    %assign/vec4/a/d v0x13f5afb90, 0, 4;
    %pushi/vec4 0, 0, 7;
    %ix/getv/s 3, v0x13f5b1360_0;
    %ix/load 4, 0, 0; Constant delay
    %assign/vec4/a/d v0x13f5afaf0, 0, 4;
    %pushi/vec4 0, 0, 7;
    %ix/getv/s 3, v0x13f5b1360_0;
    %ix/load 4, 0, 0; Constant delay
    %assign/vec4/a/d v0x13f5af130, 0, 4;
    %pushi/vec4 0, 0, 5;
    %ix/getv/s 3, v0x13f5b1360_0;
    %ix/load 4, 0, 0; Constant delay
    %assign/vec4/a/d v0x13f5af630, 0, 4;
    %pushi/vec4 0, 0, 64;
    %ix/getv/s 3, v0x13f5b1360_0;
    %ix/load 4, 0, 0; Constant delay
    %assign/vec4/a/d v0x13f5af210, 0, 4;
    %pushi/vec4 0, 0, 64;
    %ix/getv/s 3, v0x13f5b1360_0;
    %ix/load 4, 0, 0; Constant delay
    %assign/vec4/a/d v0x13f5af4d0, 0, 4;
T_57.4 ; for-loop step statement
    %load/vec4 v0x13f5b1360_0;
    %addi 1, 0, 32;
    %store/vec4 v0x13f5b1360_0, 0, 32;
    %jmp T_57.2;
T_57.3 ; for-loop exit label
    %jmp T_57.1;
T_57.0 ;
    %load/vec4 v0x13f5ae0b0_0;
    %flag_set/vec4 9;
    %flag_get/vec4 9;
    %jmp/0 T_57.7, 9;
    %load/vec4 v0x13f5b03d0_0;
    %and;
T_57.7;
    %flag_set/vec4 8;
    %jmp/0xz  T_57.5, 8;
    %pushi/vec4 1, 0, 1;
    %ix/load 5, 0, 0;
    %ix/getv 4, v0x13f5b01c0_0;
    %assign/vec4/off/d v0x13f5afcf0_0, 4, 5;
    %load/vec4 v0x13f5ae3f0_0;
    %load/vec4 v0x13f5b01c0_0;
    %pad/u 5;
    %ix/vec4 3;
    %ix/load 4, 0, 0; Constant delay
    %assign/vec4/a/d v0x13f5af370, 0, 4;
    %load/vec4 v0x13f5aea10_0;
    %load/vec4 v0x13f5b01c0_0;
    %pad/u 5;
    %ix/vec4 3;
    %ix/load 4, 0, 0; Constant delay
    %assign/vec4/a/d v0x13f5af8e0, 0, 4;
    %load/vec4 v0x13f5ae8b0_0;
    %load/vec4 v0x13f5b01c0_0;
    %pad/u 5;
    %ix/vec4 3;
    %ix/load 4, 0, 0; Constant delay
    %assign/vec4/a/d v0x13f5af840, 0, 4;
    %load/vec4 v0x13f5ae750_0;
    %ix/load 5, 0, 0;
    %ix/getv 4, v0x13f5b01c0_0;
    %assign/vec4/off/d v0x13f5af790_0, 4, 5;
    %load/vec4 v0x13f5aef40_0;
    %load/vec4 v0x13f5b01c0_0;
    %pad/u 5;
    %ix/vec4 3;
    %ix/load 4, 0, 0; Constant delay
    %assign/vec4/a/d v0x13f5afb90, 0, 4;
    %load/vec4 v0x13f5ae1f0_0;
    %load/vec4 v0x13f5b01c0_0;
    %pad/u 5;
    %ix/vec4 3;
    %ix/load 4, 0, 0; Constant delay
    %assign/vec4/a/d v0x13f5afaf0, 0, 4;
    %load/vec4 v0x13f5aeb70_0;
    %ix/load 5, 0, 0;
    %ix/getv 4, v0x13f5b01c0_0;
    %assign/vec4/off/d v0x13f5afa40_0, 4, 5;
    %load/vec4 v0x13f5adf90_0;
    %load/vec4 v0x13f5b01c0_0;
    %pad/u 5;
    %ix/vec4 3;
    %ix/load 4, 0, 0; Constant delay
    %assign/vec4/a/d v0x13f5af130, 0, 4;
    %load/vec4 v0x13f5ae630_0;
    %load/vec4 v0x13f5b01c0_0;
    %pad/u 5;
    %ix/vec4 3;
    %ix/load 4, 0, 0; Constant delay
    %assign/vec4/a/d v0x13f5af630, 0, 4;
    %load/vec4 v0x13f5ae2d0_0;
    %load/vec4 v0x13f5b01c0_0;
    %pad/u 5;
    %ix/vec4 3;
    %ix/load 4, 0, 0; Constant delay
    %assign/vec4/a/d v0x13f5af210, 0, 4;
    %load/vec4 v0x13f5ae510_0;
    %load/vec4 v0x13f5b01c0_0;
    %pad/u 5;
    %ix/vec4 3;
    %ix/load 4, 0, 0; Constant delay
    %assign/vec4/a/d v0x13f5af4d0, 0, 4;
    %load/vec4 v0x13f5ade70_0;
    %ix/load 5, 0, 0;
    %ix/getv 4, v0x13f5b01c0_0;
    %assign/vec4/off/d v0x13f5af0a0_0, 4, 5;
T_57.5 ;
    %load/vec4 v0x13f5ae140_0;
    %flag_set/vec4 9;
    %flag_get/vec4 9;
    %jmp/0 T_57.10, 9;
    %load/vec4 v0x13f5b0460_0;
    %and;
T_57.10;
    %flag_set/vec4 8;
    %jmp/0xz  T_57.8, 8;
    %pushi/vec4 1, 0, 1;
    %ix/load 5, 0, 0;
    %ix/getv 4, v0x13f5b0270_0;
    %assign/vec4/off/d v0x13f5afcf0_0, 4, 5;
    %load/vec4 v0x13f5ae480_0;
    %load/vec4 v0x13f5b0270_0;
    %pad/u 5;
    %ix/vec4 3;
    %ix/load 4, 0, 0; Constant delay
    %assign/vec4/a/d v0x13f5af370, 0, 4;
    %load/vec4 v0x13f5aeac0_0;
    %load/vec4 v0x13f5b0270_0;
    %pad/u 5;
    %ix/vec4 3;
    %ix/load 4, 0, 0; Constant delay
    %assign/vec4/a/d v0x13f5af8e0, 0, 4;
    %load/vec4 v0x13f5ae960_0;
    %load/vec4 v0x13f5b0270_0;
    %pad/u 5;
    %ix/vec4 3;
    %ix/load 4, 0, 0; Constant delay
    %assign/vec4/a/d v0x13f5af840, 0, 4;
    %load/vec4 v0x13f5ae800_0;
    %ix/load 5, 0, 0;
    %ix/getv 4, v0x13f5b0270_0;
    %assign/vec4/off/d v0x13f5af790_0, 4, 5;
    %load/vec4 v0x13f5aeff0_0;
    %load/vec4 v0x13f5b0270_0;
    %pad/u 5;
    %ix/vec4 3;
    %ix/load 4, 0, 0; Constant delay
    %assign/vec4/a/d v0x13f5afb90, 0, 4;
    %load/vec4 v0x13f5aeeb0_0;
    %load/vec4 v0x13f5b0270_0;
    %pad/u 5;
    %ix/vec4 3;
    %ix/load 4, 0, 0; Constant delay
    %assign/vec4/a/d v0x13f5afaf0, 0, 4;
    %load/vec4 v0x13f5aec20_0;
    %ix/load 5, 0, 0;
    %ix/getv 4, v0x13f5b0270_0;
    %assign/vec4/off/d v0x13f5afa40_0, 4, 5;
    %load/vec4 v0x13f5ae020_0;
    %load/vec4 v0x13f5b0270_0;
    %pad/u 5;
    %ix/vec4 3;
    %ix/load 4, 0, 0; Constant delay
    %assign/vec4/a/d v0x13f5af130, 0, 4;
    %load/vec4 v0x13f5ae6c0_0;
    %load/vec4 v0x13f5b0270_0;
    %pad/u 5;
    %ix/vec4 3;
    %ix/load 4, 0, 0; Constant delay
    %assign/vec4/a/d v0x13f5af630, 0, 4;
    %load/vec4 v0x13f5ae360_0;
    %load/vec4 v0x13f5b0270_0;
    %pad/u 5;
    %ix/vec4 3;
    %ix/load 4, 0, 0; Constant delay
    %assign/vec4/a/d v0x13f5af210, 0, 4;
    %load/vec4 v0x13f5ae5a0_0;
    %load/vec4 v0x13f5b0270_0;
    %pad/u 5;
    %ix/vec4 3;
    %ix/load 4, 0, 0; Constant delay
    %assign/vec4/a/d v0x13f5af4d0, 0, 4;
    %load/vec4 v0x13f5adf00_0;
    %ix/load 5, 0, 0;
    %ix/getv 4, v0x13f5b0270_0;
    %assign/vec4/off/d v0x13f5af0a0_0, 4, 5;
T_57.8 ;
    %pushi/vec4 0, 0, 32;
    %store/vec4 v0x13f5b1360_0, 0, 32;
T_57.11 ; Top of for-loop
    %load/vec4 v0x13f5b1360_0;
    %cmpi/s 8, 0, 32;
	  %jmp/0xz T_57.12, 5;
    %load/vec4 v0x13f5afcf0_0;
    %load/vec4 v0x13f5b1360_0;
    %part/s 1;
    %flag_set/vec4 8;
    %jmp/0xz  T_57.14, 8;
    %load/vec4 v0x13f5ad920_0;
    %flag_set/vec4 10;
    %flag_get/vec4 10;
    %jmp/0 T_57.19, 10;
    %load/vec4 v0x13f5af790_0;
    %load/vec4 v0x13f5b1360_0;
    %part/s 1;
    %nor/r;
    %and;
T_57.19;
    %flag_set/vec4 9;
    %flag_get/vec4 9;
    %jmp/0 T_57.18, 9;
    %ix/getv/s 4, v0x13f5b1360_0;
    %load/vec4a v0x13f5af840, 4;
    %load/vec4 v0x13f5ad7c0_0;
    %cmp/e;
    %flag_get/vec4 4;
    %and;
T_57.18;
    %flag_set/vec4 8;
    %jmp/0xz  T_57.16, 8;
    %load/vec4 v0x13f5adb40_0;
    %ix/getv/s 3, v0x13f5b1360_0;
    %ix/load 4, 0, 0; Constant delay
    %assign/vec4/a/d v0x13f5af8e0, 0, 4;
    %pushi/vec4 1, 0, 1;
    %ix/load 5, 0, 0;
    %ix/getv/s 4, v0x13f5b1360_0;
    %assign/vec4/off/d v0x13f5af790_0, 4, 5;
T_57.16 ;
    %load/vec4 v0x13f5ad920_0;
    %flag_set/vec4 10;
    %flag_get/vec4 10;
    %jmp/0 T_57.23, 10;
    %load/vec4 v0x13f5afa40_0;
    %load/vec4 v0x13f5b1360_0;
    %part/s 1;
    %nor/r;
    %and;
T_57.23;
    %flag_set/vec4 9;
    %flag_get/vec4 9;
    %jmp/0 T_57.22, 9;
    %ix/getv/s 4, v0x13f5b1360_0;
    %load/vec4a v0x13f5afaf0, 4;
    %load/vec4 v0x13f5ad7c0_0;
    %cmp/e;
    %flag_get/vec4 4;
    %and;
T_57.22;
    %flag_set/vec4 8;
    %jmp/0xz  T_57.20, 8;
    %load/vec4 v0x13f5adb40_0;
    %ix/getv/s 3, v0x13f5b1360_0;
    %ix/load 4, 0, 0; Constant delay
    %assign/vec4/a/d v0x13f5afb90, 0, 4;
    %pushi/vec4 1, 0, 1;
    %ix/load 5, 0, 0;
    %ix/getv/s 4, v0x13f5b1360_0;
    %assign/vec4/off/d v0x13f5afa40_0, 4, 5;
T_57.20 ;
    %load/vec4 v0x13f5ada30_0;
    %flag_set/vec4 10;
    %flag_get/vec4 10;
    %jmp/0 T_57.27, 10;
    %load/vec4 v0x13f5af790_0;
    %load/vec4 v0x13f5b1360_0;
    %part/s 1;
    %nor/r;
    %and;
T_57.27;
    %flag_set/vec4 9;
    %flag_get/vec4 9;
    %jmp/0 T_57.26, 9;
    %ix/getv/s 4, v0x13f5b1360_0;
    %load/vec4a v0x13f5af840, 4;
    %load/vec4 v0x13f5ad890_0;
    %cmp/e;
    %flag_get/vec4 4;
    %and;
T_57.26;
    %flag_set/vec4 8;
    %jmp/0xz  T_57.24, 8;
    %load/vec4 v0x13f5adcd0_0;
    %ix/getv/s 3, v0x13f5b1360_0;
    %ix/load 4, 0, 0; Constant delay
    %assign/vec4/a/d v0x13f5af8e0, 0, 4;
    %pushi/vec4 1, 0, 1;
    %ix/load 5, 0, 0;
    %ix/getv/s 4, v0x13f5b1360_0;
    %assign/vec4/off/d v0x13f5af790_0, 4, 5;
T_57.24 ;
    %load/vec4 v0x13f5ada30_0;
    %flag_set/vec4 10;
    %flag_get/vec4 10;
    %jmp/0 T_57.31, 10;
    %load/vec4 v0x13f5afa40_0;
    %load/vec4 v0x13f5b1360_0;
    %part/s 1;
    %nor/r;
    %and;
T_57.31;
    %flag_set/vec4 9;
    %flag_get/vec4 9;
    %jmp/0 T_57.30, 9;
    %ix/getv/s 4, v0x13f5b1360_0;
    %load/vec4a v0x13f5afaf0, 4;
    %load/vec4 v0x13f5ad890_0;
    %cmp/e;
    %flag_get/vec4 4;
    %and;
T_57.30;
    %flag_set/vec4 8;
    %jmp/0xz  T_57.28, 8;
    %load/vec4 v0x13f5adcd0_0;
    %ix/getv/s 3, v0x13f5b1360_0;
    %ix/load 4, 0, 0; Constant delay
    %assign/vec4/a/d v0x13f5afb90, 0, 4;
    %pushi/vec4 1, 0, 1;
    %ix/load 5, 0, 0;
    %ix/getv/s 4, v0x13f5b1360_0;
    %assign/vec4/off/d v0x13f5afa40_0, 4, 5;
T_57.28 ;
T_57.14 ;
T_57.13 ; for-loop step statement
    %load/vec4 v0x13f5b1360_0;
    %addi 1, 0, 32;
    %store/vec4 v0x13f5b1360_0, 0, 32;
    %jmp T_57.11;
T_57.12 ; for-loop exit label
    %load/vec4 v0x13f5b0f60_0;
    %flag_set/vec4 9;
    %flag_get/vec4 9;
    %jmp/0 T_57.34, 9;
    %load/vec4 v0x13f5aecd0_0;
    %and;
T_57.34;
    %flag_set/vec4 8;
    %jmp/0xz  T_57.32, 8;
    %pushi/vec4 0, 0, 1;
    %ix/load 5, 0, 0;
    %ix/getv 4, v0x13f5b1200_0;
    %assign/vec4/off/d v0x13f5afcf0_0, 4, 5;
T_57.32 ;
    %load/vec4 v0x13f5b0ff0_0;
    %flag_set/vec4 9;
    %flag_get/vec4 9;
    %jmp/0 T_57.37, 9;
    %load/vec4 v0x13f5aed60_0;
    %and;
T_57.37;
    %flag_set/vec4 8;
    %jmp/0xz  T_57.35, 8;
    %pushi/vec4 0, 0, 1;
    %ix/load 5, 0, 0;
    %ix/getv 4, v0x13f5b12b0_0;
    %assign/vec4/off/d v0x13f5afcf0_0, 4, 5;
T_57.35 ;
    %load/vec4 v0x13f5afe50_0;
    %flag_set/vec4 8;
    %jmp/0xz  T_57.38, 8;
    %pushi/vec4 0, 0, 32;
    %store/vec4 v0x13f5b1360_0, 0, 32;
T_57.40 ; Top of for-loop
    %load/vec4 v0x13f5b1360_0;
    %cmpi/s 8, 0, 32;
	  %jmp/0xz T_57.41, 5;
    %load/vec4 v0x13f5afcf0_0;
    %load/vec4 v0x13f5b1360_0;
    %part/s 1;
    %flag_set/vec4 10;
    %flag_get/vec4 10;
    %jmp/0 T_57.46, 10;
    %ix/getv/s 4, v0x13f5b1360_0;
    %load/vec4a v0x13f5af630, 4;
    %pad/u 32;
    %load/vec4 v0x13f5affe0_0;
    %pad/u 32;
    %sub;
    %pushi/vec4 0, 0, 32;
    %cmp/ne;
    %flag_get/vec4 4;
    %and;
T_57.46;
    %flag_set/vec4 9;
    %flag_get/vec4 9;
    %jmp/0 T_57.45, 9;
    %load/vec4 v0x13f5affe0_0;
    %load/vec4 v0x13f5b1120_0;
    %sub;
    %ix/getv/s 4, v0x13f5b1360_0;
    %load/vec4a v0x13f5af630, 4;
    %load/vec4 v0x13f5b1120_0;
    %sub;
    %cmp/u;
    %flag_get/vec4 5;
    %and;
T_57.45;
    %flag_set/vec4 8;
    %jmp/0xz  T_57.43, 8;
    %pushi/vec4 0, 0, 1;
    %ix/load 5, 0, 0;
    %ix/getv/s 4, v0x13f5b1360_0;
    %assign/vec4/off/d v0x13f5afcf0_0, 4, 5;
T_57.43 ;
T_57.42 ; for-loop step statement
    %load/vec4 v0x13f5b1360_0;
    %addi 1, 0, 32;
    %store/vec4 v0x13f5b1360_0, 0, 32;
    %jmp T_57.40;
T_57.41 ; for-loop exit label
T_57.38 ;
T_57.1 ;
    %jmp T_57;
    .thread T_57;
    .scope S_0x13f557ca0;
T_58 ;
    %wait E_0x13f531ac0;
    %pushi/vec4 0, 0, 64;
    %store/vec4 v0x13f559740_0, 0, 64;
    %pushi/vec4 0, 0, 1;
    %store/vec4 v0x13f559540_0, 0, 1;
    %pushi/vec4 0, 0, 1;
    %store/vec4 v0x13f5592b0_0, 0, 1;
    %load/vec4 v0x13f559690_0;
    %addi 4, 0, 64;
    %store/vec4 v0x13f559340_0, 0, 64;
    %load/vec4 v0x13f5595e0_0;
    %dup/vec4;
    %pushi/vec4 24, 0, 5;
    %cmp/u;
    %jmp/1 T_58.0, 6;
    %dup/vec4;
    %pushi/vec4 25, 0, 5;
    %cmp/u;
    %jmp/1 T_58.1, 6;
    %dup/vec4;
    %pushi/vec4 26, 0, 5;
    %cmp/u;
    %jmp/1 T_58.2, 6;
    %dup/vec4;
    %pushi/vec4 27, 0, 5;
    %cmp/u;
    %jmp/1 T_58.3, 6;
    %dup/vec4;
    %pushi/vec4 28, 0, 5;
    %cmp/u;
    %jmp/1 T_58.4, 6;
    %dup/vec4;
    %pushi/vec4 29, 0, 5;
    %cmp/u;
    %jmp/1 T_58.5, 6;
    %dup/vec4;
    %pushi/vec4 0, 0, 5;
    %cmp/u;
    %jmp/1 T_58.6, 6;
    %dup/vec4;
    %pushi/vec4 1, 0, 5;
    %cmp/u;
    %jmp/1 T_58.7, 6;
    %dup/vec4;
    %pushi/vec4 2, 0, 5;
    %cmp/u;
    %jmp/1 T_58.8, 6;
    %dup/vec4;
    %pushi/vec4 3, 0, 5;
    %cmp/u;
    %jmp/1 T_58.9, 6;
    %dup/vec4;
    %pushi/vec4 4, 0, 5;
    %cmp/u;
    %jmp/1 T_58.10, 6;
    %dup/vec4;
    %pushi/vec4 5, 0, 5;
    %cmp/u;
    %jmp/1 T_58.11, 6;
    %dup/vec4;
    %pushi/vec4 6, 0, 5;
    %cmp/u;
    %jmp/1 T_58.12, 6;
    %dup/vec4;
    %pushi/vec4 7, 0, 5;
    %cmp/u;
    %jmp/1 T_58.13, 6;
    %dup/vec4;
    %pushi/vec4 8, 0, 5;
    %cmp/u;
    %jmp/1 T_58.14, 6;
    %dup/vec4;
    %pushi/vec4 9, 0, 5;
    %cmp/u;
    %jmp/1 T_58.15, 6;
    %dup/vec4;
    %pushi/vec4 10, 0, 5;
    %cmp/u;
    %jmp/1 T_58.16, 6;
    %dup/vec4;
    %pushi/vec4 11, 0, 5;
    %cmp/u;
    %jmp/1 T_58.17, 6;
    %dup/vec4;
    %pushi/vec4 14, 0, 5;
    %cmp/u;
    %jmp/1 T_58.18, 6;
    %dup/vec4;
    %pushi/vec4 12, 0, 5;
    %cmp/u;
    %jmp/1 T_58.19, 6;
    %dup/vec4;
    %pushi/vec4 13, 0, 5;
    %cmp/u;
    %jmp/1 T_58.20, 6;
    %dup/vec4;
    %pushi/vec4 17, 0, 5;
    %cmp/u;
    %jmp/1 T_58.21, 6;
    %dup/vec4;
    %pushi/vec4 18, 0, 5;
    %cmp/u;
    %jmp/1 T_58.22, 6;
    %dup/vec4;
    %pushi/vec4 16, 0, 5;
    %cmp/u;
    %jmp/1 T_58.23, 6;
    %dup/vec4;
    %pushi/vec4 19, 0, 5;
    %cmp/u;
    %jmp/1 T_58.24, 6;
    %pushi/vec4 0, 0, 64;
    %store/vec4 v0x13f559740_0, 0, 64;
    %jmp T_58.26;
T_58.0 ;
    %load/vec4 v0x13f558d80_0;
    %load/vec4 v0x13f559a80_0;
    %add;
    %store/vec4 v0x13f559740_0, 0, 64;
    %jmp T_58.26;
T_58.1 ;
    %load/vec4 v0x13f558d80_0;
    %load/vec4 v0x13f559490_0;
    %add;
    %store/vec4 v0x13f559740_0, 0, 64;
    %jmp T_58.26;
T_58.2 ;
    %load/vec4 v0x13f558d80_0;
    %load/vec4 v0x13f559a80_0;
    %sub;
    %store/vec4 v0x13f559740_0, 0, 64;
    %jmp T_58.26;
T_58.3 ;
    %load/vec4 v0x13f558d80_0;
    %load/vec4 v0x13f559490_0;
    %sub;
    %store/vec4 v0x13f559740_0, 0, 64;
    %jmp T_58.26;
T_58.4 ;
    %load/vec4 v0x13f558d80_0;
    %load/vec4 v0x13f559a80_0;
    %mul;
    %store/vec4 v0x13f559740_0, 0, 64;
    %jmp T_58.26;
T_58.5 ;
    %load/vec4 v0x13f558d80_0;
    %load/vec4 v0x13f559a80_0;
    %div;
    %store/vec4 v0x13f559740_0, 0, 64;
    %jmp T_58.26;
T_58.6 ;
    %load/vec4 v0x13f558d80_0;
    %load/vec4 v0x13f559a80_0;
    %and;
    %store/vec4 v0x13f559740_0, 0, 64;
    %jmp T_58.26;
T_58.7 ;
    %load/vec4 v0x13f558d80_0;
    %load/vec4 v0x13f559a80_0;
    %or;
    %store/vec4 v0x13f559740_0, 0, 64;
    %jmp T_58.26;
T_58.8 ;
    %load/vec4 v0x13f558d80_0;
    %load/vec4 v0x13f559a80_0;
    %xor;
    %store/vec4 v0x13f559740_0, 0, 64;
    %jmp T_58.26;
T_58.9 ;
    %load/vec4 v0x13f558d80_0;
    %inv;
    %store/vec4 v0x13f559740_0, 0, 64;
    %jmp T_58.26;
T_58.10 ;
    %load/vec4 v0x13f558d80_0;
    %ix/getv 4, v0x13f559a80_0;
    %shiftr 4;
    %store/vec4 v0x13f559740_0, 0, 64;
    %jmp T_58.26;
T_58.11 ;
    %load/vec4 v0x13f558d80_0;
    %ix/getv 4, v0x13f559490_0;
    %shiftr 4;
    %store/vec4 v0x13f559740_0, 0, 64;
    %jmp T_58.26;
T_58.12 ;
    %load/vec4 v0x13f558d80_0;
    %ix/getv 4, v0x13f559a80_0;
    %shiftl 4;
    %store/vec4 v0x13f559740_0, 0, 64;
    %jmp T_58.26;
T_58.13 ;
    %load/vec4 v0x13f558d80_0;
    %ix/getv 4, v0x13f559490_0;
    %shiftl 4;
    %store/vec4 v0x13f559740_0, 0, 64;
    %jmp T_58.26;
T_58.14 ;
    %pushi/vec4 1, 0, 1;
    %store/vec4 v0x13f559540_0, 0, 1;
    %load/vec4 v0x13f558d80_0;
    %store/vec4 v0x13f559340_0, 0, 64;
    %pushi/vec4 1, 0, 1;
    %store/vec4 v0x13f5592b0_0, 0, 1;
    %jmp T_58.26;
T_58.15 ;
    %pushi/vec4 1, 0, 1;
    %store/vec4 v0x13f559540_0, 0, 1;
    %load/vec4 v0x13f558d80_0;
    %load/vec4 v0x13f559690_0;
    %add;
    %store/vec4 v0x13f559340_0, 0, 64;
    %pushi/vec4 1, 0, 1;
    %store/vec4 v0x13f5592b0_0, 0, 1;
    %jmp T_58.26;
T_58.16 ;
    %pushi/vec4 1, 0, 1;
    %store/vec4 v0x13f559540_0, 0, 1;
    %load/vec4 v0x13f559490_0;
    %load/vec4 v0x13f559690_0;
    %add;
    %store/vec4 v0x13f559340_0, 0, 64;
    %pushi/vec4 1, 0, 1;
    %store/vec4 v0x13f5592b0_0, 0, 1;
    %jmp T_58.26;
T_58.17 ;
    %pushi/vec4 1, 0, 1;
    %store/vec4 v0x13f559540_0, 0, 1;
    %load/vec4 v0x13f559a80_0;
    %store/vec4 v0x13f559340_0, 0, 64;
    %load/vec4 v0x13f558d80_0;
    %pushi/vec4 0, 0, 64;
    %cmp/ne;
    %flag_get/vec4 4;
    %store/vec4 v0x13f5592b0_0, 0, 1;
    %jmp T_58.26;
T_58.18 ;
    %pushi/vec4 1, 0, 1;
    %store/vec4 v0x13f559540_0, 0, 1;
    %load/vec4 v0x13f559490_0;
    %store/vec4 v0x13f559340_0, 0, 64;
    %load/vec4 v0x13f559a80_0;
    %load/vec4 v0x13f558d80_0;
    %cmp/u;
    %flag_get/vec4 5;
    %store/vec4 v0x13f5592b0_0, 0, 1;
    %jmp T_58.26;
T_58.19 ;
    %pushi/vec4 1, 0, 1;
    %store/vec4 v0x13f559540_0, 0, 1;
    %load/vec4 v0x13f558d80_0;
    %store/vec4 v0x13f559340_0, 0, 64;
    %pushi/vec4 1, 0, 1;
    %store/vec4 v0x13f5592b0_0, 0, 1;
    %jmp T_58.26;
T_58.20 ;
    %pushi/vec4 1, 0, 1;
    %store/vec4 v0x13f559540_0, 0, 1;
    %load/vec4 v0x13f558d80_0;
    %store/vec4 v0x13f559340_0, 0, 64;
    %pushi/vec4 1, 0, 1;
    %store/vec4 v0x13f5592b0_0, 0, 1;
    %jmp T_58.26;
T_58.21 ;
    %load/vec4 v0x13f558d80_0;
    %store/vec4 v0x13f559740_0, 0, 64;
    %jmp T_58.26;
T_58.22 ;
    %load/vec4 v0x13f558d80_0;
    %parti/s 52, 12, 5;
    %load/vec4 v0x13f559490_0;
    %parti/s 12, 0, 2;
    %concat/vec4; draw_concat_vec4
    %store/vec4 v0x13f559740_0, 0, 64;
    %jmp T_58.26;
T_58.23 ;
    %load/vec4 v0x13f558d80_0;
    %load/vec4 v0x13f559490_0;
    %add;
    %store/vec4 v0x13f559740_0, 0, 64;
    %jmp T_58.26;
T_58.24 ;
    %load/vec4 v0x13f558d80_0;
    %load/vec4 v0x13f559490_0;
    %add;
    %store/vec4 v0x13f559740_0, 0, 64;
    %jmp T_58.26;
T_58.26 ;
    %pop/vec4 1;
    %load/vec4 v0x13f559540_0;
    %flag_set/vec4 8;
    %jmp/0xz  T_58.27, 8;
    %load/vec4 v0x13f5592b0_0;
    %flag_set/vec4 8;
    %jmp/0 T_58.29, 8;
    %load/vec4 v0x13f559340_0;
    %jmp/1 T_58.30, 8;
T_58.29 ; End of true expr.
    %load/vec4 v0x13f559690_0;
    %addi 4, 0, 64;
    %jmp/0 T_58.30, 8;
 ; End of false expr.
    %blend;
T_58.30;
    %store/vec4 v0x13f559740_0, 0, 64;
T_58.27 ;
    %jmp T_58;
    .thread T_58, $push;
    .scope S_0x13f557ca0;
T_59 ;
    %wait E_0x13f54f620;
    %load/vec4 v0x13f558fc0_0;
    %flag_set/vec4 8;
    %jmp/0xz  T_59.0, 8;
    %pushi/vec4 0, 0, 1;
    %assign/vec4 v0x13f559b10_0, 0;
    %pushi/vec4 0, 0, 1;
    %assign/vec4 v0x13f55a1a0_0, 0;
    %jmp T_59.1;
T_59.0 ;
    %load/vec4 v0x13f558920_0;
    %flag_set/vec4 8;
    %jmp/0xz  T_59.2, 8;
    %pushi/vec4 0, 0, 1;
    %assign/vec4 v0x13f559b10_0, 0;
    %pushi/vec4 0, 0, 1;
    %assign/vec4 v0x13f55a1a0_0, 0;
    %jmp T_59.3;
T_59.2 ;
    %load/vec4 v0x13f5583f0_0;
    %flag_set/vec4 8;
    %jmp/0xz  T_59.4, 8;
    %load/vec4 v0x13f559b10_0;
    %assign/vec4 v0x13f55a1a0_0, 0;
    %load/vec4 v0x13f5595e0_0;
    %assign/vec4 v0x13f559ee0_0, 0;
    %load/vec4 v0x13f5593e0_0;
    %assign/vec4 v0x13f559d90_0, 0;
    %load/vec4 v0x13f5597f0_0;
    %assign/vec4 v0x13f55a0f0_0, 0;
    %load/vec4 v0x13f559740_0;
    %assign/vec4 v0x13f55a040_0, 0;
    %load/vec4 v0x13f559540_0;
    %assign/vec4 v0x13f559e40_0, 0;
    %load/vec4 v0x13f5592b0_0;
    %assign/vec4 v0x13f559c40_0, 0;
    %load/vec4 v0x13f559340_0;
    %assign/vec4 v0x13f559ce0_0, 0;
    %load/vec4 v0x13f559220_0;
    %assign/vec4 v0x13f559ba0_0, 0;
    %load/vec4 v0x13f559690_0;
    %assign/vec4 v0x13f559f90_0, 0;
    %load/vec4 v0x13f55a440_0;
    %assign/vec4 v0x13f559b10_0, 0;
    %load/vec4 v0x13f558b80_0;
    %assign/vec4 v0x13f5595e0_0, 0;
    %load/vec4 v0x13f55a240_0;
    %assign/vec4 v0x13f558d80_0, 0;
    %load/vec4 v0x13f55a2f0_0;
    %assign/vec4 v0x13f559a80_0, 0;
    %load/vec4 v0x13f558750_0;
    %assign/vec4 v0x13f5593e0_0, 0;
    %load/vec4 v0x13f559100_0;
    %assign/vec4 v0x13f5597f0_0, 0;
    %load/vec4 v0x13f5589d0_0;
    %assign/vec4 v0x13f559490_0, 0;
    %load/vec4 v0x13f558cd0_0;
    %assign/vec4 v0x13f559690_0, 0;
    %load/vec4 v0x13f558490_0;
    %assign/vec4 v0x13f559220_0, 0;
    %jmp T_59.5;
T_59.4 ;
    %load/vec4 v0x13f559b10_0;
    %nor/r;
    %flag_set/vec4 8;
    %jmp/0xz  T_59.6, 8;
    %load/vec4 v0x13f55a440_0;
    %assign/vec4 v0x13f559b10_0, 0;
    %load/vec4 v0x13f558b80_0;
    %assign/vec4 v0x13f5595e0_0, 0;
    %load/vec4 v0x13f55a240_0;
    %assign/vec4 v0x13f558d80_0, 0;
    %load/vec4 v0x13f55a2f0_0;
    %assign/vec4 v0x13f559a80_0, 0;
    %load/vec4 v0x13f558750_0;
    %assign/vec4 v0x13f5593e0_0, 0;
    %load/vec4 v0x13f559100_0;
    %assign/vec4 v0x13f5597f0_0, 0;
    %load/vec4 v0x13f5589d0_0;
    %assign/vec4 v0x13f559490_0, 0;
    %load/vec4 v0x13f558cd0_0;
    %assign/vec4 v0x13f559690_0, 0;
    %load/vec4 v0x13f558490_0;
    %assign/vec4 v0x13f559220_0, 0;
T_59.6 ;
T_59.5 ;
T_59.3 ;
T_59.1 ;
    %jmp T_59;
    .thread T_59;
    .scope S_0x13f55a7b0;
T_60 ;
    %wait E_0x13f55ac70;
    %pushi/vec4 0, 0, 64;
    %store/vec4 v0x13f55c290_0, 0, 64;
    %pushi/vec4 0, 0, 1;
    %store/vec4 v0x13f55c090_0, 0, 1;
    %pushi/vec4 0, 0, 1;
    %store/vec4 v0x13f55bdf0_0, 0, 1;
    %load/vec4 v0x13f55c1e0_0;
    %addi 4, 0, 64;
    %store/vec4 v0x13f55be80_0, 0, 64;
    %load/vec4 v0x13f55c130_0;
    %dup/vec4;
    %pushi/vec4 24, 0, 5;
    %cmp/u;
    %jmp/1 T_60.0, 6;
    %dup/vec4;
    %pushi/vec4 25, 0, 5;
    %cmp/u;
    %jmp/1 T_60.1, 6;
    %dup/vec4;
    %pushi/vec4 26, 0, 5;
    %cmp/u;
    %jmp/1 T_60.2, 6;
    %dup/vec4;
    %pushi/vec4 27, 0, 5;
    %cmp/u;
    %jmp/1 T_60.3, 6;
    %dup/vec4;
    %pushi/vec4 28, 0, 5;
    %cmp/u;
    %jmp/1 T_60.4, 6;
    %dup/vec4;
    %pushi/vec4 29, 0, 5;
    %cmp/u;
    %jmp/1 T_60.5, 6;
    %dup/vec4;
    %pushi/vec4 0, 0, 5;
    %cmp/u;
    %jmp/1 T_60.6, 6;
    %dup/vec4;
    %pushi/vec4 1, 0, 5;
    %cmp/u;
    %jmp/1 T_60.7, 6;
    %dup/vec4;
    %pushi/vec4 2, 0, 5;
    %cmp/u;
    %jmp/1 T_60.8, 6;
    %dup/vec4;
    %pushi/vec4 3, 0, 5;
    %cmp/u;
    %jmp/1 T_60.9, 6;
    %dup/vec4;
    %pushi/vec4 4, 0, 5;
    %cmp/u;
    %jmp/1 T_60.10, 6;
    %dup/vec4;
    %pushi/vec4 5, 0, 5;
    %cmp/u;
    %jmp/1 T_60.11, 6;
    %dup/vec4;
    %pushi/vec4 6, 0, 5;
    %cmp/u;
    %jmp/1 T_60.12, 6;
    %dup/vec4;
    %pushi/vec4 7, 0, 5;
    %cmp/u;
    %jmp/1 T_60.13, 6;
    %dup/vec4;
    %pushi/vec4 8, 0, 5;
    %cmp/u;
    %jmp/1 T_60.14, 6;
    %dup/vec4;
    %pushi/vec4 9, 0, 5;
    %cmp/u;
    %jmp/1 T_60.15, 6;
    %dup/vec4;
    %pushi/vec4 10, 0, 5;
    %cmp/u;
    %jmp/1 T_60.16, 6;
    %dup/vec4;
    %pushi/vec4 11, 0, 5;
    %cmp/u;
    %jmp/1 T_60.17, 6;
    %dup/vec4;
    %pushi/vec4 14, 0, 5;
    %cmp/u;
    %jmp/1 T_60.18, 6;
    %dup/vec4;
    %pushi/vec4 12, 0, 5;
    %cmp/u;
    %jmp/1 T_60.19, 6;
    %dup/vec4;
    %pushi/vec4 13, 0, 5;
    %cmp/u;
    %jmp/1 T_60.20, 6;
    %dup/vec4;
    %pushi/vec4 17, 0, 5;
    %cmp/u;
    %jmp/1 T_60.21, 6;
    %dup/vec4;
    %pushi/vec4 18, 0, 5;
    %cmp/u;
    %jmp/1 T_60.22, 6;
    %dup/vec4;
    %pushi/vec4 16, 0, 5;
    %cmp/u;
    %jmp/1 T_60.23, 6;
    %dup/vec4;
    %pushi/vec4 19, 0, 5;
    %cmp/u;
    %jmp/1 T_60.24, 6;
    %pushi/vec4 0, 0, 64;
    %store/vec4 v0x13f55c290_0, 0, 64;
    %jmp T_60.26;
T_60.0 ;
    %load/vec4 v0x13f55b8c0_0;
    %load/vec4 v0x13f55c5d0_0;
    %add;
    %store/vec4 v0x13f55c290_0, 0, 64;
    %jmp T_60.26;
T_60.1 ;
    %load/vec4 v0x13f55b8c0_0;
    %load/vec4 v0x13f55bfe0_0;
    %add;
    %store/vec4 v0x13f55c290_0, 0, 64;
    %jmp T_60.26;
T_60.2 ;
    %load/vec4 v0x13f55b8c0_0;
    %load/vec4 v0x13f55c5d0_0;
    %sub;
    %store/vec4 v0x13f55c290_0, 0, 64;
    %jmp T_60.26;
T_60.3 ;
    %load/vec4 v0x13f55b8c0_0;
    %load/vec4 v0x13f55bfe0_0;
    %sub;
    %store/vec4 v0x13f55c290_0, 0, 64;
    %jmp T_60.26;
T_60.4 ;
    %load/vec4 v0x13f55b8c0_0;
    %load/vec4 v0x13f55c5d0_0;
    %mul;
    %store/vec4 v0x13f55c290_0, 0, 64;
    %jmp T_60.26;
T_60.5 ;
    %load/vec4 v0x13f55b8c0_0;
    %load/vec4 v0x13f55c5d0_0;
    %div;
    %store/vec4 v0x13f55c290_0, 0, 64;
    %jmp T_60.26;
T_60.6 ;
    %load/vec4 v0x13f55b8c0_0;
    %load/vec4 v0x13f55c5d0_0;
    %and;
    %store/vec4 v0x13f55c290_0, 0, 64;
    %jmp T_60.26;
T_60.7 ;
    %load/vec4 v0x13f55b8c0_0;
    %load/vec4 v0x13f55c5d0_0;
    %or;
    %store/vec4 v0x13f55c290_0, 0, 64;
    %jmp T_60.26;
T_60.8 ;
    %load/vec4 v0x13f55b8c0_0;
    %load/vec4 v0x13f55c5d0_0;
    %xor;
    %store/vec4 v0x13f55c290_0, 0, 64;
    %jmp T_60.26;
T_60.9 ;
    %load/vec4 v0x13f55b8c0_0;
    %inv;
    %store/vec4 v0x13f55c290_0, 0, 64;
    %jmp T_60.26;
T_60.10 ;
    %load/vec4 v0x13f55b8c0_0;
    %ix/getv 4, v0x13f55c5d0_0;
    %shiftr 4;
    %store/vec4 v0x13f55c290_0, 0, 64;
    %jmp T_60.26;
T_60.11 ;
    %load/vec4 v0x13f55b8c0_0;
    %ix/getv 4, v0x13f55bfe0_0;
    %shiftr 4;
    %store/vec4 v0x13f55c290_0, 0, 64;
    %jmp T_60.26;
T_60.12 ;
    %load/vec4 v0x13f55b8c0_0;
    %ix/getv 4, v0x13f55c5d0_0;
    %shiftl 4;
    %store/vec4 v0x13f55c290_0, 0, 64;
    %jmp T_60.26;
T_60.13 ;
    %load/vec4 v0x13f55b8c0_0;
    %ix/getv 4, v0x13f55bfe0_0;
    %shiftl 4;
    %store/vec4 v0x13f55c290_0, 0, 64;
    %jmp T_60.26;
T_60.14 ;
    %pushi/vec4 1, 0, 1;
    %store/vec4 v0x13f55c090_0, 0, 1;
    %load/vec4 v0x13f55b8c0_0;
    %store/vec4 v0x13f55be80_0, 0, 64;
    %pushi/vec4 1, 0, 1;
    %store/vec4 v0x13f55bdf0_0, 0, 1;
    %jmp T_60.26;
T_60.15 ;
    %pushi/vec4 1, 0, 1;
    %store/vec4 v0x13f55c090_0, 0, 1;
    %load/vec4 v0x13f55b8c0_0;
    %load/vec4 v0x13f55c1e0_0;
    %add;
    %store/vec4 v0x13f55be80_0, 0, 64;
    %pushi/vec4 1, 0, 1;
    %store/vec4 v0x13f55bdf0_0, 0, 1;
    %jmp T_60.26;
T_60.16 ;
    %pushi/vec4 1, 0, 1;
    %store/vec4 v0x13f55c090_0, 0, 1;
    %load/vec4 v0x13f55bfe0_0;
    %load/vec4 v0x13f55c1e0_0;
    %add;
    %store/vec4 v0x13f55be80_0, 0, 64;
    %pushi/vec4 1, 0, 1;
    %store/vec4 v0x13f55bdf0_0, 0, 1;
    %jmp T_60.26;
T_60.17 ;
    %pushi/vec4 1, 0, 1;
    %store/vec4 v0x13f55c090_0, 0, 1;
    %load/vec4 v0x13f55c5d0_0;
    %store/vec4 v0x13f55be80_0, 0, 64;
    %load/vec4 v0x13f55b8c0_0;
    %pushi/vec4 0, 0, 64;
    %cmp/ne;
    %flag_get/vec4 4;
    %store/vec4 v0x13f55bdf0_0, 0, 1;
    %jmp T_60.26;
T_60.18 ;
    %pushi/vec4 1, 0, 1;
    %store/vec4 v0x13f55c090_0, 0, 1;
    %load/vec4 v0x13f55bfe0_0;
    %store/vec4 v0x13f55be80_0, 0, 64;
    %load/vec4 v0x13f55c5d0_0;
    %load/vec4 v0x13f55b8c0_0;
    %cmp/u;
    %flag_get/vec4 5;
    %store/vec4 v0x13f55bdf0_0, 0, 1;
    %jmp T_60.26;
T_60.19 ;
    %pushi/vec4 1, 0, 1;
    %store/vec4 v0x13f55c090_0, 0, 1;
    %load/vec4 v0x13f55b8c0_0;
    %store/vec4 v0x13f55be80_0, 0, 64;
    %pushi/vec4 1, 0, 1;
    %store/vec4 v0x13f55bdf0_0, 0, 1;
    %jmp T_60.26;
T_60.20 ;
    %pushi/vec4 1, 0, 1;
    %store/vec4 v0x13f55c090_0, 0, 1;
    %load/vec4 v0x13f55b8c0_0;
    %store/vec4 v0x13f55be80_0, 0, 64;
    %pushi/vec4 1, 0, 1;
    %store/vec4 v0x13f55bdf0_0, 0, 1;
    %jmp T_60.26;
T_60.21 ;
    %load/vec4 v0x13f55b8c0_0;
    %store/vec4 v0x13f55c290_0, 0, 64;
    %jmp T_60.26;
T_60.22 ;
    %load/vec4 v0x13f55b8c0_0;
    %parti/s 52, 12, 5;
    %load/vec4 v0x13f55bfe0_0;
    %parti/s 12, 0, 2;
    %concat/vec4; draw_concat_vec4
    %store/vec4 v0x13f55c290_0, 0, 64;
    %jmp T_60.26;
T_60.23 ;
    %load/vec4 v0x13f55b8c0_0;
    %load/vec4 v0x13f55bfe0_0;
    %add;
    %store/vec4 v0x13f55c290_0, 0, 64;
    %jmp T_60.26;
T_60.24 ;
    %load/vec4 v0x13f55b8c0_0;
    %load/vec4 v0x13f55bfe0_0;
    %add;
    %store/vec4 v0x13f55c290_0, 0, 64;
    %jmp T_60.26;
T_60.26 ;
    %pop/vec4 1;
    %load/vec4 v0x13f55c090_0;
    %flag_set/vec4 8;
    %jmp/0xz  T_60.27, 8;
    %load/vec4 v0x13f55bdf0_0;
    %flag_set/vec4 8;
    %jmp/0 T_60.29, 8;
    %load/vec4 v0x13f55be80_0;
    %jmp/1 T_60.30, 8;
T_60.29 ; End of true expr.
    %load/vec4 v0x13f55c1e0_0;
    %addi 4, 0, 64;
    %jmp/0 T_60.30, 8;
 ; End of false expr.
    %blend;
T_60.30;
    %store/vec4 v0x13f55c290_0, 0, 64;
T_60.27 ;
    %jmp T_60;
    .thread T_60, $push;
    .scope S_0x13f55a7b0;
T_61 ;
    %wait E_0x13f54f620;
    %load/vec4 v0x13f55bae0_0;
    %flag_set/vec4 8;
    %jmp/0xz  T_61.0, 8;
    %pushi/vec4 0, 0, 1;
    %assign/vec4 v0x13f55c660_0, 0;
    %pushi/vec4 0, 0, 1;
    %assign/vec4 v0x13f55ccf0_0, 0;
    %jmp T_61.1;
T_61.0 ;
    %load/vec4 v0x13f55b430_0;
    %flag_set/vec4 8;
    %jmp/0xz  T_61.2, 8;
    %pushi/vec4 0, 0, 1;
    %assign/vec4 v0x13f55c660_0, 0;
    %pushi/vec4 0, 0, 1;
    %assign/vec4 v0x13f55ccf0_0, 0;
    %jmp T_61.3;
T_61.2 ;
    %load/vec4 v0x13f55aef0_0;
    %flag_set/vec4 8;
    %jmp/0xz  T_61.4, 8;
    %load/vec4 v0x13f55c660_0;
    %assign/vec4 v0x13f55ccf0_0, 0;
    %load/vec4 v0x13f55c130_0;
    %assign/vec4 v0x13f55ca30_0, 0;
    %load/vec4 v0x13f55bf30_0;
    %assign/vec4 v0x13f55c8e0_0, 0;
    %load/vec4 v0x13f55c340_0;
    %assign/vec4 v0x13f55cc40_0, 0;
    %load/vec4 v0x13f55c290_0;
    %assign/vec4 v0x13f55cb90_0, 0;
    %load/vec4 v0x13f55c090_0;
    %assign/vec4 v0x13f55c990_0, 0;
    %load/vec4 v0x13f55bdf0_0;
    %assign/vec4 v0x13f55c790_0, 0;
    %load/vec4 v0x13f55be80_0;
    %assign/vec4 v0x13f55c830_0, 0;
    %load/vec4 v0x13f55bd60_0;
    %assign/vec4 v0x13f55c6f0_0, 0;
    %load/vec4 v0x13f55c1e0_0;
    %assign/vec4 v0x13f55cae0_0, 0;
    %load/vec4 v0x13f55cf90_0;
    %assign/vec4 v0x13f55c660_0, 0;
    %load/vec4 v0x13f55b6b0_0;
    %assign/vec4 v0x13f55c130_0, 0;
    %load/vec4 v0x13f55cd90_0;
    %assign/vec4 v0x13f55b8c0_0, 0;
    %load/vec4 v0x13f55ce40_0;
    %assign/vec4 v0x13f55c5d0_0, 0;
    %load/vec4 v0x13f55b290_0;
    %assign/vec4 v0x13f55bf30_0, 0;
    %load/vec4 v0x13f55bc40_0;
    %assign/vec4 v0x13f55c340_0, 0;
    %load/vec4 v0x13f55b4c0_0;
    %assign/vec4 v0x13f55bfe0_0, 0;
    %load/vec4 v0x13f55b810_0;
    %assign/vec4 v0x13f55c1e0_0, 0;
    %load/vec4 v0x13f55af90_0;
    %assign/vec4 v0x13f55bd60_0, 0;
    %jmp T_61.5;
T_61.4 ;
    %load/vec4 v0x13f55c660_0;
    %nor/r;
    %flag_set/vec4 8;
    %jmp/0xz  T_61.6, 8;
    %load/vec4 v0x13f55cf90_0;
    %assign/vec4 v0x13f55c660_0, 0;
    %load/vec4 v0x13f55b6b0_0;
    %assign/vec4 v0x13f55c130_0, 0;
    %load/vec4 v0x13f55cd90_0;
    %assign/vec4 v0x13f55b8c0_0, 0;
    %load/vec4 v0x13f55ce40_0;
    %assign/vec4 v0x13f55c5d0_0, 0;
    %load/vec4 v0x13f55b290_0;
    %assign/vec4 v0x13f55bf30_0, 0;
    %load/vec4 v0x13f55bc40_0;
    %assign/vec4 v0x13f55c340_0, 0;
    %load/vec4 v0x13f55b4c0_0;
    %assign/vec4 v0x13f55bfe0_0, 0;
    %load/vec4 v0x13f55b810_0;
    %assign/vec4 v0x13f55c1e0_0, 0;
    %load/vec4 v0x13f55af90_0;
    %assign/vec4 v0x13f55bd60_0, 0;
T_61.6 ;
T_61.5 ;
T_61.3 ;
T_61.1 ;
    %jmp T_61;
    .thread T_61;
    .scope S_0x13f32da10;
T_62 ;
    %wait E_0x13f3f2a80;
    %load/vec4 v0x13f5043b0_0;
    %load/vec4 v0x13f52df60_0;
    %or;
    %flag_set/vec4 8;
    %jmp/0xz  T_62.0, 8;
    %pushi/vec4 4293918720, 0, 33;
    %concati/vec4 0, 0, 31;
    %store/vec4 v0x13f528990_0, 0, 64;
    %jmp T_62.1;
T_62.0 ;
    %load/vec4 v0x13f508a30_0;
    %load/vec4 v0x13f52ded0_0;
    %or;
    %flag_set/vec4 8;
    %jmp/0xz  T_62.2, 8;
    %load/vec4 v0x13f508a30_0;
    %load/vec4 v0x13f52ded0_0;
    %and;
    %load/vec4 v0x13f5089a0_0;
    %parti/s 1, 63, 7;
    %load/vec4 v0x13f52e560_0;
    %parti/s 1, 63, 7;
    %xor;
    %and;
    %flag_set/vec4 8;
    %jmp/0xz  T_62.4, 8;
    %pushi/vec4 4294443008, 0, 32;
    %concati/vec4 0, 0, 32;
    %store/vec4 v0x13f528990_0, 0, 64;
    %jmp T_62.5;
T_62.4 ;
    %load/vec4 v0x13f508a30_0;
    %load/vec4 v0x13f52ded0_0;
    %inv;
    %and;
    %flag_set/vec4 8;
    %jmp/0xz  T_62.6, 8;
    %load/vec4 v0x13f5089a0_0;
    %store/vec4 v0x13f528990_0, 0, 64;
    %jmp T_62.7;
T_62.6 ;
    %load/vec4 v0x13f508a30_0;
    %inv;
    %load/vec4 v0x13f52ded0_0;
    %and;
    %flag_set/vec4 8;
    %jmp/0xz  T_62.8, 8;
    %load/vec4 v0x13f52e560_0;
    %store/vec4 v0x13f528990_0, 0, 64;
    %jmp T_62.9;
T_62.8 ;
    %load/vec4 v0x13f5089a0_0;
    %store/vec4 v0x13f528990_0, 0, 64;
T_62.9 ;
T_62.7 ;
T_62.5 ;
    %jmp T_62.3;
T_62.2 ;
    %load/vec4 v0x13f52ecd0_0;
    %load/vec4 v0x13f52d7f0_0;
    %and;
    %flag_set/vec4 8;
    %jmp/0xz  T_62.10, 8;
    %load/vec4 v0x13f5089a0_0;
    %parti/s 1, 63, 7;
    %load/vec4 v0x13f52e560_0;
    %parti/s 1, 63, 7;
    %and;
    %concati/vec4 0, 0, 63;
    %store/vec4 v0x13f528990_0, 0, 64;
    %jmp T_62.11;
T_62.10 ;
    %load/vec4 v0x13f52ecd0_0;
    %flag_set/vec4 8;
    %jmp/0xz  T_62.12, 8;
    %load/vec4 v0x13f52e560_0;
    %store/vec4 v0x13f528990_0, 0, 64;
    %jmp T_62.13;
T_62.12 ;
    %load/vec4 v0x13f52d7f0_0;
    %flag_set/vec4 8;
    %jmp/0xz  T_62.14, 8;
    %load/vec4 v0x13f5089a0_0;
    %store/vec4 v0x13f528990_0, 0, 64;
    %jmp T_62.15;
T_62.14 ;
    %load/vec4 v0x13f504440_0;
    %flag_set/vec4 8;
    %jmp/0 T_62.16, 8;
    %load/vec4 v0x13f5089a0_0;
    %parti/s 11, 52, 7;
    %pad/u 13;
    %jmp/1 T_62.17, 8;
T_62.16 ; End of true expr.
    %pushi/vec4 1, 0, 13;
    %jmp/0 T_62.17, 8;
 ; End of false expr.
    %blend;
T_62.17;
    %store/vec4 v0x13f52d160_0, 0, 13;
    %load/vec4 v0x13f52db60_0;
    %flag_set/vec4 8;
    %jmp/0 T_62.18, 8;
    %load/vec4 v0x13f52e560_0;
    %parti/s 11, 52, 7;
    %pad/u 13;
    %jmp/1 T_62.19, 8;
T_62.18 ; End of true expr.
    %pushi/vec4 1, 0, 13;
    %jmp/0 T_62.19, 8;
 ; End of false expr.
    %blend;
T_62.19;
    %store/vec4 v0x13f52d1f0_0, 0, 13;
    %load/vec4 v0x13f52d1f0_0;
    %load/vec4 v0x13f52d160_0;
    %cmp/s;
    %jmp/0xz  T_62.20, 5;
    %load/vec4 v0x13f504440_0;
    %load/vec4 v0x13f5089a0_0;
    %parti/s 52, 0, 2;
    %concat/vec4; draw_concat_vec4
    %store/vec4 v0x13f52e960_0, 0, 53;
    %load/vec4 v0x13f52db60_0;
    %load/vec4 v0x13f52e560_0;
    %parti/s 52, 0, 2;
    %concat/vec4; draw_concat_vec4
    %store/vec4 v0x13f52e8d0_0, 0, 53;
    %load/vec4 v0x13f5089a0_0;
    %parti/s 1, 63, 7;
    %store/vec4 v0x13f531440_0, 0, 1;
    %load/vec4 v0x13f52d160_0;
    %store/vec4 v0x13f52ba40_0, 0, 13;
    %load/vec4 v0x13f52d160_0;
    %load/vec4 v0x13f52d1f0_0;
    %sub;
    %store/vec4 v0x13f527170_0, 0, 13;
    %jmp T_62.21;
T_62.20 ;
    %load/vec4 v0x13f52d160_0;
    %load/vec4 v0x13f52d1f0_0;
    %cmp/s;
    %jmp/0xz  T_62.22, 5;
    %load/vec4 v0x13f52db60_0;
    %load/vec4 v0x13f52e560_0;
    %parti/s 52, 0, 2;
    %concat/vec4; draw_concat_vec4
    %store/vec4 v0x13f52e960_0, 0, 53;
    %load/vec4 v0x13f504440_0;
    %load/vec4 v0x13f5089a0_0;
    %parti/s 52, 0, 2;
    %concat/vec4; draw_concat_vec4
    %store/vec4 v0x13f52e8d0_0, 0, 53;
    %load/vec4 v0x13f52e560_0;
    %parti/s 1, 63, 7;
    %store/vec4 v0x13f531440_0, 0, 1;
    %load/vec4 v0x13f52d1f0_0;
    %store/vec4 v0x13f52ba40_0, 0, 13;
    %load/vec4 v0x13f52d1f0_0;
    %load/vec4 v0x13f52d160_0;
    %sub;
    %store/vec4 v0x13f527170_0, 0, 13;
    %jmp T_62.23;
T_62.22 ;
    %pushi/vec4 0, 0, 13;
    %store/vec4 v0x13f527170_0, 0, 13;
    %load/vec4 v0x13f52d160_0;
    %store/vec4 v0x13f52ba40_0, 0, 13;
    %load/vec4 v0x13f5089a0_0;
    %parti/s 1, 63, 7;
    %load/vec4 v0x13f52e560_0;
    %parti/s 1, 63, 7;
    %cmp/e;
    %jmp/0xz  T_62.24, 4;
    %load/vec4 v0x13f5089a0_0;
    %parti/s 1, 63, 7;
    %store/vec4 v0x13f531440_0, 0, 1;
    %load/vec4 v0x13f504440_0;
    %load/vec4 v0x13f5089a0_0;
    %parti/s 52, 0, 2;
    %concat/vec4; draw_concat_vec4
    %store/vec4 v0x13f52e960_0, 0, 53;
    %load/vec4 v0x13f52db60_0;
    %load/vec4 v0x13f52e560_0;
    %parti/s 52, 0, 2;
    %concat/vec4; draw_concat_vec4
    %store/vec4 v0x13f52e8d0_0, 0, 53;
    %jmp T_62.25;
T_62.24 ;
    %load/vec4 v0x13f52e560_0;
    %parti/s 52, 0, 2;
    %load/vec4 v0x13f5089a0_0;
    %parti/s 52, 0, 2;
    %cmp/u;
    %jmp/0xz  T_62.26, 5;
    %load/vec4 v0x13f5089a0_0;
    %parti/s 1, 63, 7;
    %store/vec4 v0x13f531440_0, 0, 1;
    %load/vec4 v0x13f504440_0;
    %load/vec4 v0x13f5089a0_0;
    %parti/s 52, 0, 2;
    %concat/vec4; draw_concat_vec4
    %store/vec4 v0x13f52e960_0, 0, 53;
    %load/vec4 v0x13f52db60_0;
    %load/vec4 v0x13f52e560_0;
    %parti/s 52, 0, 2;
    %concat/vec4; draw_concat_vec4
    %store/vec4 v0x13f52e8d0_0, 0, 53;
    %jmp T_62.27;
T_62.26 ;
    %load/vec4 v0x13f5089a0_0;
    %parti/s 52, 0, 2;
    %load/vec4 v0x13f52e560_0;
    %parti/s 52, 0, 2;
    %cmp/u;
    %jmp/0xz  T_62.28, 5;
    %load/vec4 v0x13f52e560_0;
    %parti/s 1, 63, 7;
    %store/vec4 v0x13f531440_0, 0, 1;
    %load/vec4 v0x13f52db60_0;
    %load/vec4 v0x13f52e560_0;
    %parti/s 52, 0, 2;
    %concat/vec4; draw_concat_vec4
    %store/vec4 v0x13f52e960_0, 0, 53;
    %load/vec4 v0x13f504440_0;
    %load/vec4 v0x13f5089a0_0;
    %parti/s 52, 0, 2;
    %concat/vec4; draw_concat_vec4
    %store/vec4 v0x13f52e8d0_0, 0, 53;
    %jmp T_62.29;
T_62.28 ;
    %pushi/vec4 0, 0, 1;
    %store/vec4 v0x13f531440_0, 0, 1;
    %load/vec4 v0x13f52db60_0;
    %load/vec4 v0x13f52e560_0;
    %parti/s 52, 0, 2;
    %concat/vec4; draw_concat_vec4
    %store/vec4 v0x13f52e960_0, 0, 53;
    %load/vec4 v0x13f504440_0;
    %load/vec4 v0x13f5089a0_0;
    %parti/s 52, 0, 2;
    %concat/vec4; draw_concat_vec4
    %store/vec4 v0x13f52e8d0_0, 0, 53;
T_62.29 ;
T_62.27 ;
T_62.25 ;
T_62.23 ;
T_62.21 ;
    %load/vec4 v0x13f52e960_0;
    %concati/vec4 0, 0, 3;
    %store/vec4 v0x13f52a1b0_0, 0, 56;
    %load/vec4 v0x13f52e8d0_0;
    %concati/vec4 0, 0, 3;
    %store/vec4 v0x13f52a120_0, 0, 56;
    %load/vec4 v0x13f527170_0;
    %pad/s 32;
    %cmpi/e 0, 0, 32;
    %flag_mov 8, 4;
    %jmp/0 T_62.30, 8;
    %pushi/vec4 0, 0, 1;
    %jmp/1 T_62.31, 8;
T_62.30 ; End of true expr.
    %load/vec4 v0x13f52a120_0;
    %pushi/vec4 56, 0, 32;
    %load/vec4 v0x13f527170_0;
    %pad/s 32;
    %sub;
    %ix/vec4 4;
    %shiftl 4;
    %or/r;
    %jmp/0 T_62.31, 8;
 ; End of false expr.
    %blend;
T_62.31;
    %store/vec4 v0x13f5314d0_0, 0, 1;
    %load/vec4 v0x13f52a120_0;
    %load/vec4 v0x13f527170_0;
    %ix/vec4 4;
    %shiftr 4;
    %store/vec4 v0x13f52a120_0, 0, 56;
    %load/vec4 v0x13f5089a0_0;
    %parti/s 1, 63, 7;
    %load/vec4 v0x13f52e560_0;
    %parti/s 1, 63, 7;
    %cmp/e;
    %jmp/0xz  T_62.32, 4;
    %load/vec4 v0x13f52a1b0_0;
    %pad/u 57;
    %load/vec4 v0x13f52a120_0;
    %pad/u 57;
    %add;
    %store/vec4 v0x13f530d90_0, 0, 57;
    %load/vec4 v0x13f530d90_0;
    %parti/s 1, 56, 7;
    %flag_set/vec4 8;
    %jmp/0xz  T_62.34, 8;
    %load/vec4 v0x13f52ba40_0;
    %addi 1, 0, 13;
    %store/vec4 v0x13f52ba40_0, 0, 13;
    %load/vec4 v0x13f5314d0_0;
    %load/vec4 v0x13f530d90_0;
    %parti/s 1, 0, 2;
    %or;
    %store/vec4 v0x13f5314d0_0, 0, 1;
    %load/vec4 v0x13f530d90_0;
    %ix/load 4, 1, 0;
    %flag_set/imm 4, 0;
    %shiftr 4;
    %store/vec4 v0x13f530d90_0, 0, 57;
T_62.34 ;
    %load/vec4 v0x13f530d90_0;
    %parti/s 1, 2, 3;
    %store/vec4 v0x13f528900_0, 0, 1;
    %load/vec4 v0x13f530d90_0;
    %parti/s 1, 1, 2;
    %store/vec4 v0x13f5270e0_0, 0, 1;
    %load/vec4 v0x13f5314d0_0;
    %load/vec4 v0x13f530d90_0;
    %parti/s 1, 0, 2;
    %or;
    %store/vec4 v0x13f5314d0_0, 0, 1;
    %load/vec4 v0x13f530d90_0;
    %parti/s 53, 3, 3;
    %store/vec4 v0x13f525950_0, 0, 53;
    %load/vec4 v0x13f528900_0;
    %load/vec4 v0x13f5270e0_0;
    %load/vec4 v0x13f530d90_0;
    %parti/s 1, 3, 3;
    %or;
    %load/vec4 v0x13f5314d0_0;
    %or;
    %and;
    %flag_set/vec4 8;
    %jmp/0xz  T_62.36, 8;
    %load/vec4 v0x13f525950_0;
    %addi 1, 0, 53;
    %store/vec4 v0x13f525950_0, 0, 53;
    %load/vec4 v0x13f525950_0;
    %cmpi/e 0, 0, 53;
    %jmp/0xz  T_62.38, 4;
    %load/vec4 v0x13f52ba40_0;
    %addi 1, 0, 13;
    %store/vec4 v0x13f52ba40_0, 0, 13;
    %pushi/vec4 2147483648, 0, 32;
    %concati/vec4 0, 0, 21;
    %store/vec4 v0x13f525950_0, 0, 53;
T_62.38 ;
T_62.36 ;
    %load/vec4 v0x13f52ba40_0;
    %pad/s 32;
    %cmpi/s 2047, 0, 32;
    %flag_inv 5; GE is !LT
    %jmp/0xz  T_62.40, 5;
    %load/vec4 v0x13f531440_0;
    %concati/vec4 2047, 0, 11;
    %concati/vec4 0, 0, 52;
    %store/vec4 v0x13f528990_0, 0, 64;
    %jmp T_62.41;
T_62.40 ;
    %load/vec4 v0x13f52ba40_0;
    %pad/s 32;
    %cmpi/s 4294966222, 0, 32;
    %jmp/0xz  T_62.42, 5;
    %load/vec4 v0x13f531440_0;
    %concati/vec4 0, 0, 63;
    %store/vec4 v0x13f528990_0, 0, 64;
    %jmp T_62.43;
T_62.42 ;
    %load/vec4 v0x13f52ba40_0;
    %pad/s 32;
    %cmpi/s 0, 0, 32;
    %flag_or 5, 4;
    %jmp/0xz  T_62.44, 5;
    %pushi/vec4 1, 0, 13;
    %load/vec4 v0x13f52ba40_0;
    %sub;
    %store/vec4 v0x13f5258c0_0, 0, 13;
    %load/vec4 v0x13f5258c0_0;
    %pad/u 32;
    %cmpi/u 53, 0, 32;
    %jmp/0xz  T_62.46, 5;
    %load/vec4 v0x13f525950_0;
    %ix/getv 4, v0x13f5258c0_0;
    %shiftr 4;
    %store/vec4 v0x13f525950_0, 0, 53;
    %load/vec4 v0x13f531440_0;
    %concati/vec4 0, 0, 11;
    %load/vec4 v0x13f525950_0;
    %parti/s 52, 0, 2;
    %concat/vec4; draw_concat_vec4
    %store/vec4 v0x13f528990_0, 0, 64;
    %jmp T_62.47;
T_62.46 ;
    %load/vec4 v0x13f531440_0;
    %concati/vec4 0, 0, 63;
    %store/vec4 v0x13f528990_0, 0, 64;
T_62.47 ;
    %jmp T_62.45;
T_62.44 ;
    %load/vec4 v0x13f531440_0;
    %load/vec4 v0x13f52ba40_0;
    %parti/s 11, 0, 2;
    %concat/vec4; draw_concat_vec4
    %load/vec4 v0x13f525950_0;
    %parti/s 52, 0, 2;
    %concat/vec4; draw_concat_vec4
    %store/vec4 v0x13f528990_0, 0, 64;
T_62.45 ;
T_62.43 ;
T_62.41 ;
    %jmp T_62.33;
T_62.32 ;
    %load/vec4 v0x13f52a1b0_0;
    %pad/u 57;
    %load/vec4 v0x13f52a120_0;
    %pad/u 57;
    %sub;
    %store/vec4 v0x13f52d880_0, 0, 57;
    %load/vec4 v0x13f52d880_0;
    %cmpi/e 0, 0, 57;
    %jmp/0xz  T_62.48, 4;
    %load/vec4 v0x13f531440_0;
    %concati/vec4 0, 0, 63;
    %store/vec4 v0x13f528990_0, 0, 64;
    %jmp T_62.49;
T_62.48 ;
    %load/vec4 v0x13f52d880_0;
    %parti/s 56, 0, 2;
    %store/vec4 v0x13f509110_0, 0, 56;
    %callf/vec4 TD_tinker_tb.dut.fpu.u_fadd.count_leading_zeros, S_0x13f53ca90;
    %pad/u 13;
    %store/vec4 v0x13f5258c0_0, 0, 13;
    %load/vec4 v0x13f5258c0_0;
    %load/vec4 v0x13f52ba40_0;
    %cmp/u;
    %jmp/0xz  T_62.50, 5;
    %load/vec4 v0x13f52ba40_0;
    %load/vec4 v0x13f5258c0_0;
    %sub;
    %store/vec4 v0x13f52ba40_0, 0, 13;
    %load/vec4 v0x13f52d880_0;
    %ix/getv 4, v0x13f5258c0_0;
    %shiftl 4;
    %store/vec4 v0x13f52d880_0, 0, 57;
    %jmp T_62.51;
T_62.50 ;
    %load/vec4 v0x13f52d880_0;
    %load/vec4 v0x13f52ba40_0;
    %pad/s 32;
    %subi 1, 0, 32;
    %ix/vec4 4;
    %shiftl 4;
    %store/vec4 v0x13f52d880_0, 0, 57;
    %pushi/vec4 0, 0, 13;
    %store/vec4 v0x13f52ba40_0, 0, 13;
T_62.51 ;
    %load/vec4 v0x13f52d880_0;
    %parti/s 1, 2, 3;
    %store/vec4 v0x13f528900_0, 0, 1;
    %load/vec4 v0x13f52d880_0;
    %parti/s 1, 1, 2;
    %store/vec4 v0x13f5270e0_0, 0, 1;
    %load/vec4 v0x13f5314d0_0;
    %load/vec4 v0x13f52d880_0;
    %parti/s 1, 0, 2;
    %or;
    %store/vec4 v0x13f5314d0_0, 0, 1;
    %load/vec4 v0x13f52d880_0;
    %parti/s 53, 3, 3;
    %store/vec4 v0x13f525950_0, 0, 53;
    %load/vec4 v0x13f528900_0;
    %load/vec4 v0x13f5270e0_0;
    %load/vec4 v0x13f52d880_0;
    %parti/s 1, 3, 3;
    %or;
    %load/vec4 v0x13f5314d0_0;
    %or;
    %and;
    %flag_set/vec4 8;
    %jmp/0xz  T_62.52, 8;
    %load/vec4 v0x13f525950_0;
    %addi 1, 0, 53;
    %store/vec4 v0x13f525950_0, 0, 53;
    %load/vec4 v0x13f525950_0;
    %cmpi/e 0, 0, 53;
    %jmp/0xz  T_62.54, 4;
    %load/vec4 v0x13f52ba40_0;
    %addi 1, 0, 13;
    %store/vec4 v0x13f52ba40_0, 0, 13;
    %pushi/vec4 2147483648, 0, 32;
    %concati/vec4 0, 0, 21;
    %store/vec4 v0x13f525950_0, 0, 53;
T_62.54 ;
T_62.52 ;
    %load/vec4 v0x13f52ba40_0;
    %pad/s 32;
    %cmpi/s 4294966222, 0, 32;
    %jmp/0xz  T_62.56, 5;
    %load/vec4 v0x13f531440_0;
    %concati/vec4 0, 0, 63;
    %store/vec4 v0x13f528990_0, 0, 64;
    %jmp T_62.57;
T_62.56 ;
    %load/vec4 v0x13f531440_0;
    %load/vec4 v0x13f52ba40_0;
    %parti/s 11, 0, 2;
    %concat/vec4; draw_concat_vec4
    %load/vec4 v0x13f525950_0;
    %parti/s 52, 0, 2;
    %concat/vec4; draw_concat_vec4
    %store/vec4 v0x13f528990_0, 0, 64;
T_62.57 ;
T_62.49 ;
T_62.33 ;
T_62.15 ;
T_62.13 ;
T_62.11 ;
T_62.3 ;
T_62.1 ;
    %jmp T_62;
    .thread T_62, $push;
    .scope S_0x13f552710;
T_63 ;
    %wait E_0x13f5528e0;
    %load/vec4 v0x13f554d30_0;
    %load/vec4 v0x13f555310_0;
    %or;
    %flag_set/vec4 8;
    %jmp/0xz  T_63.0, 8;
    %pushi/vec4 4293918720, 0, 33;
    %concati/vec4 0, 0, 31;
    %store/vec4 v0x13f555af0_0, 0, 64;
    %jmp T_63.1;
T_63.0 ;
    %load/vec4 v0x13f554c70_0;
    %load/vec4 v0x13f555280_0;
    %or;
    %flag_set/vec4 8;
    %jmp/0xz  T_63.2, 8;
    %load/vec4 v0x13f554c70_0;
    %load/vec4 v0x13f555280_0;
    %and;
    %load/vec4 v0x13f554bc0_0;
    %parti/s 1, 63, 7;
    %load/vec4 v0x13f555150_0;
    %parti/s 1, 63, 7;
    %xor;
    %and;
    %flag_set/vec4 8;
    %jmp/0xz  T_63.4, 8;
    %pushi/vec4 4294443008, 0, 32;
    %concati/vec4 0, 0, 32;
    %store/vec4 v0x13f555af0_0, 0, 64;
    %jmp T_63.5;
T_63.4 ;
    %load/vec4 v0x13f554c70_0;
    %load/vec4 v0x13f555280_0;
    %inv;
    %and;
    %flag_set/vec4 8;
    %jmp/0xz  T_63.6, 8;
    %load/vec4 v0x13f554bc0_0;
    %store/vec4 v0x13f555af0_0, 0, 64;
    %jmp T_63.7;
T_63.6 ;
    %load/vec4 v0x13f554c70_0;
    %inv;
    %load/vec4 v0x13f555280_0;
    %and;
    %flag_set/vec4 8;
    %jmp/0xz  T_63.8, 8;
    %load/vec4 v0x13f555150_0;
    %store/vec4 v0x13f555af0_0, 0, 64;
    %jmp T_63.9;
T_63.8 ;
    %load/vec4 v0x13f554bc0_0;
    %store/vec4 v0x13f555af0_0, 0, 64;
T_63.9 ;
T_63.7 ;
T_63.5 ;
    %jmp T_63.3;
T_63.2 ;
    %load/vec4 v0x13f554f80_0;
    %load/vec4 v0x13f555500_0;
    %and;
    %flag_set/vec4 8;
    %jmp/0xz  T_63.10, 8;
    %load/vec4 v0x13f554bc0_0;
    %parti/s 1, 63, 7;
    %load/vec4 v0x13f555150_0;
    %parti/s 1, 63, 7;
    %and;
    %concati/vec4 0, 0, 63;
    %store/vec4 v0x13f555af0_0, 0, 64;
    %jmp T_63.11;
T_63.10 ;
    %load/vec4 v0x13f554f80_0;
    %flag_set/vec4 8;
    %jmp/0xz  T_63.12, 8;
    %load/vec4 v0x13f555150_0;
    %store/vec4 v0x13f555af0_0, 0, 64;
    %jmp T_63.13;
T_63.12 ;
    %load/vec4 v0x13f555500_0;
    %flag_set/vec4 8;
    %jmp/0xz  T_63.14, 8;
    %load/vec4 v0x13f554bc0_0;
    %store/vec4 v0x13f555af0_0, 0, 64;
    %jmp T_63.15;
T_63.14 ;
    %load/vec4 v0x13f554e00_0;
    %flag_set/vec4 8;
    %jmp/0 T_63.16, 8;
    %load/vec4 v0x13f554bc0_0;
    %parti/s 11, 52, 7;
    %pad/u 13;
    %jmp/1 T_63.17, 8;
T_63.16 ; End of true expr.
    %pushi/vec4 1, 0, 13;
    %jmp/0 T_63.17, 8;
 ; End of false expr.
    %blend;
T_63.17;
    %store/vec4 v0x13f555640_0, 0, 13;
    %load/vec4 v0x13f5553a0_0;
    %flag_set/vec4 8;
    %jmp/0 T_63.18, 8;
    %load/vec4 v0x13f555150_0;
    %parti/s 11, 52, 7;
    %pad/u 13;
    %jmp/1 T_63.19, 8;
T_63.18 ; End of true expr.
    %pushi/vec4 1, 0, 13;
    %jmp/0 T_63.19, 8;
 ; End of false expr.
    %blend;
T_63.19;
    %store/vec4 v0x13f5556d0_0, 0, 13;
    %load/vec4 v0x13f5556d0_0;
    %load/vec4 v0x13f555640_0;
    %cmp/s;
    %jmp/0xz  T_63.20, 5;
    %load/vec4 v0x13f554e00_0;
    %load/vec4 v0x13f554bc0_0;
    %parti/s 52, 0, 2;
    %concat/vec4; draw_concat_vec4
    %store/vec4 v0x13f5550c0_0, 0, 53;
    %load/vec4 v0x13f5553a0_0;
    %load/vec4 v0x13f555150_0;
    %parti/s 52, 0, 2;
    %concat/vec4; draw_concat_vec4
    %store/vec4 v0x13f555030_0, 0, 53;
    %load/vec4 v0x13f554bc0_0;
    %parti/s 1, 63, 7;
    %store/vec4 v0x13f555e50_0, 0, 1;
    %load/vec4 v0x13f555640_0;
    %store/vec4 v0x13f555860_0, 0, 13;
    %load/vec4 v0x13f555640_0;
    %load/vec4 v0x13f5556d0_0;
    %sub;
    %store/vec4 v0x13f555c40_0, 0, 13;
    %jmp T_63.21;
T_63.20 ;
    %load/vec4 v0x13f555640_0;
    %load/vec4 v0x13f5556d0_0;
    %cmp/s;
    %jmp/0xz  T_63.22, 5;
    %load/vec4 v0x13f5553a0_0;
    %load/vec4 v0x13f555150_0;
    %parti/s 52, 0, 2;
    %concat/vec4; draw_concat_vec4
    %store/vec4 v0x13f5550c0_0, 0, 53;
    %load/vec4 v0x13f554e00_0;
    %load/vec4 v0x13f554bc0_0;
    %parti/s 52, 0, 2;
    %concat/vec4; draw_concat_vec4
    %store/vec4 v0x13f555030_0, 0, 53;
    %load/vec4 v0x13f555150_0;
    %parti/s 1, 63, 7;
    %store/vec4 v0x13f555e50_0, 0, 1;
    %load/vec4 v0x13f5556d0_0;
    %store/vec4 v0x13f555860_0, 0, 13;
    %load/vec4 v0x13f5556d0_0;
    %load/vec4 v0x13f555640_0;
    %sub;
    %store/vec4 v0x13f555c40_0, 0, 13;
    %jmp T_63.23;
T_63.22 ;
    %pushi/vec4 0, 0, 13;
    %store/vec4 v0x13f555c40_0, 0, 13;
    %load/vec4 v0x13f555640_0;
    %store/vec4 v0x13f555860_0, 0, 13;
    %load/vec4 v0x13f554bc0_0;
    %parti/s 1, 63, 7;
    %load/vec4 v0x13f555150_0;
    %parti/s 1, 63, 7;
    %cmp/e;
    %jmp/0xz  T_63.24, 4;
    %load/vec4 v0x13f554bc0_0;
    %parti/s 1, 63, 7;
    %store/vec4 v0x13f555e50_0, 0, 1;
    %load/vec4 v0x13f554e00_0;
    %load/vec4 v0x13f554bc0_0;
    %parti/s 52, 0, 2;
    %concat/vec4; draw_concat_vec4
    %store/vec4 v0x13f5550c0_0, 0, 53;
    %load/vec4 v0x13f5553a0_0;
    %load/vec4 v0x13f555150_0;
    %parti/s 52, 0, 2;
    %concat/vec4; draw_concat_vec4
    %store/vec4 v0x13f555030_0, 0, 53;
    %jmp T_63.25;
T_63.24 ;
    %load/vec4 v0x13f555150_0;
    %parti/s 52, 0, 2;
    %load/vec4 v0x13f554bc0_0;
    %parti/s 52, 0, 2;
    %cmp/u;
    %jmp/0xz  T_63.26, 5;
    %load/vec4 v0x13f554bc0_0;
    %parti/s 1, 63, 7;
    %store/vec4 v0x13f555e50_0, 0, 1;
    %load/vec4 v0x13f554e00_0;
    %load/vec4 v0x13f554bc0_0;
    %parti/s 52, 0, 2;
    %concat/vec4; draw_concat_vec4
    %store/vec4 v0x13f5550c0_0, 0, 53;
    %load/vec4 v0x13f5553a0_0;
    %load/vec4 v0x13f555150_0;
    %parti/s 52, 0, 2;
    %concat/vec4; draw_concat_vec4
    %store/vec4 v0x13f555030_0, 0, 53;
    %jmp T_63.27;
T_63.26 ;
    %load/vec4 v0x13f554bc0_0;
    %parti/s 52, 0, 2;
    %load/vec4 v0x13f555150_0;
    %parti/s 52, 0, 2;
    %cmp/u;
    %jmp/0xz  T_63.28, 5;
    %load/vec4 v0x13f555150_0;
    %parti/s 1, 63, 7;
    %store/vec4 v0x13f555e50_0, 0, 1;
    %load/vec4 v0x13f5553a0_0;
    %load/vec4 v0x13f555150_0;
    %parti/s 52, 0, 2;
    %concat/vec4; draw_concat_vec4
    %store/vec4 v0x13f5550c0_0, 0, 53;
    %load/vec4 v0x13f554e00_0;
    %load/vec4 v0x13f554bc0_0;
    %parti/s 52, 0, 2;
    %concat/vec4; draw_concat_vec4
    %store/vec4 v0x13f555030_0, 0, 53;
    %jmp T_63.29;
T_63.28 ;
    %pushi/vec4 0, 0, 1;
    %store/vec4 v0x13f555e50_0, 0, 1;
    %load/vec4 v0x13f5553a0_0;
    %load/vec4 v0x13f555150_0;
    %parti/s 52, 0, 2;
    %concat/vec4; draw_concat_vec4
    %store/vec4 v0x13f5550c0_0, 0, 53;
    %load/vec4 v0x13f554e00_0;
    %load/vec4 v0x13f554bc0_0;
    %parti/s 52, 0, 2;
    %concat/vec4; draw_concat_vec4
    %store/vec4 v0x13f555030_0, 0, 53;
T_63.29 ;
T_63.27 ;
T_63.25 ;
T_63.23 ;
T_63.21 ;
    %load/vec4 v0x13f5550c0_0;
    %concati/vec4 0, 0, 3;
    %store/vec4 v0x13f5559a0_0, 0, 56;
    %load/vec4 v0x13f555030_0;
    %concati/vec4 0, 0, 3;
    %store/vec4 v0x13f5558f0_0, 0, 56;
    %load/vec4 v0x13f555c40_0;
    %pad/s 32;
    %cmpi/e 0, 0, 32;
    %flag_mov 8, 4;
    %jmp/0 T_63.30, 8;
    %pushi/vec4 0, 0, 1;
    %jmp/1 T_63.31, 8;
T_63.30 ; End of true expr.
    %load/vec4 v0x13f5558f0_0;
    %pushi/vec4 56, 0, 32;
    %load/vec4 v0x13f555c40_0;
    %pad/s 32;
    %sub;
    %ix/vec4 4;
    %shiftl 4;
    %or/r;
    %jmp/0 T_63.31, 8;
 ; End of false expr.
    %blend;
T_63.31;
    %store/vec4 v0x13f555ef0_0, 0, 1;
    %load/vec4 v0x13f5558f0_0;
    %load/vec4 v0x13f555c40_0;
    %ix/vec4 4;
    %shiftr 4;
    %store/vec4 v0x13f5558f0_0, 0, 56;
    %load/vec4 v0x13f554bc0_0;
    %parti/s 1, 63, 7;
    %load/vec4 v0x13f555150_0;
    %parti/s 1, 63, 7;
    %cmp/e;
    %jmp/0xz  T_63.32, 4;
    %load/vec4 v0x13f5559a0_0;
    %pad/u 57;
    %load/vec4 v0x13f5558f0_0;
    %pad/u 57;
    %add;
    %store/vec4 v0x13f555f90_0, 0, 57;
    %load/vec4 v0x13f555f90_0;
    %parti/s 1, 56, 7;
    %flag_set/vec4 8;
    %jmp/0xz  T_63.34, 8;
    %load/vec4 v0x13f555860_0;
    %addi 1, 0, 13;
    %store/vec4 v0x13f555860_0, 0, 13;
    %load/vec4 v0x13f555ef0_0;
    %load/vec4 v0x13f555f90_0;
    %parti/s 1, 0, 2;
    %or;
    %store/vec4 v0x13f555ef0_0, 0, 1;
    %load/vec4 v0x13f555f90_0;
    %ix/load 4, 1, 0;
    %flag_set/imm 4, 0;
    %shiftr 4;
    %store/vec4 v0x13f555f90_0, 0, 57;
T_63.34 ;
    %load/vec4 v0x13f555f90_0;
    %parti/s 1, 2, 3;
    %store/vec4 v0x13f555a50_0, 0, 1;
    %load/vec4 v0x13f555f90_0;
    %parti/s 1, 1, 2;
    %store/vec4 v0x13f555ba0_0, 0, 1;
    %load/vec4 v0x13f555ef0_0;
    %load/vec4 v0x13f555f90_0;
    %parti/s 1, 0, 2;
    %or;
    %store/vec4 v0x13f555ef0_0, 0, 1;
    %load/vec4 v0x13f555f90_0;
    %parti/s 53, 3, 3;
    %store/vec4 v0x13f555da0_0, 0, 53;
    %load/vec4 v0x13f555a50_0;
    %load/vec4 v0x13f555ba0_0;
    %load/vec4 v0x13f555f90_0;
    %parti/s 1, 3, 3;
    %or;
    %load/vec4 v0x13f555ef0_0;
    %or;
    %and;
    %flag_set/vec4 8;
    %jmp/0xz  T_63.36, 8;
    %load/vec4 v0x13f555da0_0;
    %addi 1, 0, 53;
    %store/vec4 v0x13f555da0_0, 0, 53;
    %load/vec4 v0x13f555da0_0;
    %cmpi/e 0, 0, 53;
    %jmp/0xz  T_63.38, 4;
    %load/vec4 v0x13f555860_0;
    %addi 1, 0, 13;
    %store/vec4 v0x13f555860_0, 0, 13;
    %pushi/vec4 2147483648, 0, 32;
    %concati/vec4 0, 0, 21;
    %store/vec4 v0x13f555da0_0, 0, 53;
T_63.38 ;
T_63.36 ;
    %load/vec4 v0x13f555860_0;
    %pad/s 32;
    %cmpi/s 2047, 0, 32;
    %flag_inv 5; GE is !LT
    %jmp/0xz  T_63.40, 5;
    %load/vec4 v0x13f555e50_0;
    %concati/vec4 2047, 0, 11;
    %concati/vec4 0, 0, 52;
    %store/vec4 v0x13f555af0_0, 0, 64;
    %jmp T_63.41;
T_63.40 ;
    %load/vec4 v0x13f555860_0;
    %pad/s 32;
    %cmpi/s 4294966222, 0, 32;
    %jmp/0xz  T_63.42, 5;
    %load/vec4 v0x13f555e50_0;
    %concati/vec4 0, 0, 63;
    %store/vec4 v0x13f555af0_0, 0, 64;
    %jmp T_63.43;
T_63.42 ;
    %load/vec4 v0x13f555860_0;
    %pad/s 32;
    %cmpi/s 0, 0, 32;
    %flag_or 5, 4;
    %jmp/0xz  T_63.44, 5;
    %pushi/vec4 1, 0, 13;
    %load/vec4 v0x13f555860_0;
    %sub;
    %store/vec4 v0x13f555cf0_0, 0, 13;
    %load/vec4 v0x13f555cf0_0;
    %pad/u 32;
    %cmpi/u 53, 0, 32;
    %jmp/0xz  T_63.46, 5;
    %load/vec4 v0x13f555da0_0;
    %ix/getv 4, v0x13f555cf0_0;
    %shiftr 4;
    %store/vec4 v0x13f555da0_0, 0, 53;
    %load/vec4 v0x13f555e50_0;
    %concati/vec4 0, 0, 11;
    %load/vec4 v0x13f555da0_0;
    %parti/s 52, 0, 2;
    %concat/vec4; draw_concat_vec4
    %store/vec4 v0x13f555af0_0, 0, 64;
    %jmp T_63.47;
T_63.46 ;
    %load/vec4 v0x13f555e50_0;
    %concati/vec4 0, 0, 63;
    %store/vec4 v0x13f555af0_0, 0, 64;
T_63.47 ;
    %jmp T_63.45;
T_63.44 ;
    %load/vec4 v0x13f555e50_0;
    %load/vec4 v0x13f555860_0;
    %parti/s 11, 0, 2;
    %concat/vec4; draw_concat_vec4
    %load/vec4 v0x13f555da0_0;
    %parti/s 52, 0, 2;
    %concat/vec4; draw_concat_vec4
    %store/vec4 v0x13f555af0_0, 0, 64;
T_63.45 ;
T_63.43 ;
T_63.41 ;
    %jmp T_63.33;
T_63.32 ;
    %load/vec4 v0x13f5559a0_0;
    %pad/u 57;
    %load/vec4 v0x13f5558f0_0;
    %pad/u 57;
    %sub;
    %store/vec4 v0x13f5555b0_0, 0, 57;
    %load/vec4 v0x13f5555b0_0;
    %cmpi/e 0, 0, 57;
    %jmp/0xz  T_63.48, 4;
    %load/vec4 v0x13f555e50_0;
    %concati/vec4 0, 0, 63;
    %store/vec4 v0x13f555af0_0, 0, 64;
    %jmp T_63.49;
T_63.48 ;
    %load/vec4 v0x13f5555b0_0;
    %parti/s 56, 0, 2;
    %store/vec4 v0x13f554b00_0, 0, 56;
    %callf/vec4 TD_tinker_tb.dut.fpu.u_fsub.count_leading_zeros, S_0x13f554660;
    %pad/u 13;
    %store/vec4 v0x13f555cf0_0, 0, 13;
    %load/vec4 v0x13f555cf0_0;
    %load/vec4 v0x13f555860_0;
    %cmp/u;
    %jmp/0xz  T_63.50, 5;
    %load/vec4 v0x13f555860_0;
    %load/vec4 v0x13f555cf0_0;
    %sub;
    %store/vec4 v0x13f555860_0, 0, 13;
    %load/vec4 v0x13f5555b0_0;
    %ix/getv 4, v0x13f555cf0_0;
    %shiftl 4;
    %store/vec4 v0x13f5555b0_0, 0, 57;
    %jmp T_63.51;
T_63.50 ;
    %load/vec4 v0x13f5555b0_0;
    %load/vec4 v0x13f555860_0;
    %pad/s 32;
    %subi 1, 0, 32;
    %ix/vec4 4;
    %shiftl 4;
    %store/vec4 v0x13f5555b0_0, 0, 57;
    %pushi/vec4 0, 0, 13;
    %store/vec4 v0x13f555860_0, 0, 13;
T_63.51 ;
    %load/vec4 v0x13f5555b0_0;
    %parti/s 1, 2, 3;
    %store/vec4 v0x13f555a50_0, 0, 1;
    %load/vec4 v0x13f5555b0_0;
    %parti/s 1, 1, 2;
    %store/vec4 v0x13f555ba0_0, 0, 1;
    %load/vec4 v0x13f555ef0_0;
    %load/vec4 v0x13f5555b0_0;
    %parti/s 1, 0, 2;
    %or;
    %store/vec4 v0x13f555ef0_0, 0, 1;
    %load/vec4 v0x13f5555b0_0;
    %parti/s 53, 3, 3;
    %store/vec4 v0x13f555da0_0, 0, 53;
    %load/vec4 v0x13f555a50_0;
    %load/vec4 v0x13f555ba0_0;
    %load/vec4 v0x13f5555b0_0;
    %parti/s 1, 3, 3;
    %or;
    %load/vec4 v0x13f555ef0_0;
    %or;
    %and;
    %flag_set/vec4 8;
    %jmp/0xz  T_63.52, 8;
    %load/vec4 v0x13f555da0_0;
    %addi 1, 0, 53;
    %store/vec4 v0x13f555da0_0, 0, 53;
    %load/vec4 v0x13f555da0_0;
    %cmpi/e 0, 0, 53;
    %jmp/0xz  T_63.54, 4;
    %load/vec4 v0x13f555860_0;
    %addi 1, 0, 13;
    %store/vec4 v0x13f555860_0, 0, 13;
    %pushi/vec4 2147483648, 0, 32;
    %concati/vec4 0, 0, 21;
    %store/vec4 v0x13f555da0_0, 0, 53;
T_63.54 ;
T_63.52 ;
    %load/vec4 v0x13f555860_0;
    %pad/s 32;
    %cmpi/s 4294966222, 0, 32;
    %jmp/0xz  T_63.56, 5;
    %load/vec4 v0x13f555e50_0;
    %concati/vec4 0, 0, 63;
    %store/vec4 v0x13f555af0_0, 0, 64;
    %jmp T_63.57;
T_63.56 ;
    %load/vec4 v0x13f555e50_0;
    %load/vec4 v0x13f555860_0;
    %parti/s 11, 0, 2;
    %concat/vec4; draw_concat_vec4
    %load/vec4 v0x13f555da0_0;
    %parti/s 52, 0, 2;
    %concat/vec4; draw_concat_vec4
    %store/vec4 v0x13f555af0_0, 0, 64;
T_63.57 ;
T_63.49 ;
T_63.33 ;
T_63.15 ;
T_63.13 ;
T_63.11 ;
T_63.3 ;
T_63.1 ;
    %jmp T_63;
    .thread T_63, $push;
    .scope S_0x13f54f880;
T_64 ;
    %wait E_0x13f110c00;
    %load/vec4 v0x13f5516c0_0;
    %load/vec4 v0x13f551a20_0;
    %or;
    %flag_set/vec4 8;
    %jmp/0xz  T_64.0, 8;
    %pushi/vec4 4293918720, 0, 33;
    %concati/vec4 0, 0, 31;
    %store/vec4 v0x13f551f20_0, 0, 64;
    %jmp T_64.1;
T_64.0 ;
    %load/vec4 v0x13f551630_0;
    %load/vec4 v0x13f551c50_0;
    %and;
    %load/vec4 v0x13f551990_0;
    %load/vec4 v0x13f551870_0;
    %and;
    %or;
    %flag_set/vec4 8;
    %jmp/0xz  T_64.2, 8;
    %pushi/vec4 4293918720, 0, 33;
    %concati/vec4 0, 0, 31;
    %store/vec4 v0x13f551f20_0, 0, 64;
    %jmp T_64.3;
T_64.2 ;
    %load/vec4 v0x13f551630_0;
    %load/vec4 v0x13f551c50_0;
    %inv;
    %and;
    %load/vec4 v0x13f551870_0;
    %inv;
    %load/vec4 v0x13f551990_0;
    %and;
    %or;
    %flag_set/vec4 8;
    %jmp/0xz  T_64.4, 8;
    %load/vec4 v0x13f5515a0_0;
    %parti/s 1, 63, 7;
    %load/vec4 v0x13f551900_0;
    %parti/s 1, 63, 7;
    %xor;
    %concati/vec4 2047, 0, 11;
    %concati/vec4 0, 0, 52;
    %store/vec4 v0x13f551f20_0, 0, 64;
    %jmp T_64.5;
T_64.4 ;
    %load/vec4 v0x13f551870_0;
    %load/vec4 v0x13f551c50_0;
    %or;
    %flag_set/vec4 8;
    %jmp/0xz  T_64.6, 8;
    %load/vec4 v0x13f5515a0_0;
    %parti/s 1, 63, 7;
    %load/vec4 v0x13f551900_0;
    %parti/s 1, 63, 7;
    %xor;
    %concati/vec4 0, 0, 63;
    %store/vec4 v0x13f551f20_0, 0, 64;
    %jmp T_64.7;
T_64.6 ;
    %pushi/vec4 0, 0, 64;
    %store/vec4 v0x13f551f20_0, 0, 64;
    %load/vec4 v0x13f5515a0_0;
    %parti/s 1, 63, 7;
    %load/vec4 v0x13f551900_0;
    %parti/s 1, 63, 7;
    %xor;
    %ix/load 4, 63, 0;
    %flag_set/imm 4, 0;
    %store/vec4 v0x13f551f20_0, 4, 1;
    %load/vec4 v0x13f551750_0;
    %load/vec4 v0x13f5515a0_0;
    %parti/s 52, 0, 2;
    %concat/vec4; draw_concat_vec4
    %store/vec4 v0x13f5522c0_0, 0, 53;
    %load/vec4 v0x13f551b30_0;
    %load/vec4 v0x13f551900_0;
    %parti/s 52, 0, 2;
    %concat/vec4; draw_concat_vec4
    %store/vec4 v0x13f552370_0, 0, 53;
    %load/vec4 v0x13f551750_0;
    %flag_set/vec4 8;
    %jmp/0xz  T_64.8, 8;
    %load/vec4 v0x13f5515a0_0;
    %parti/s 11, 52, 7;
    %pad/u 13;
    %subi 1023, 0, 13;
    %store/vec4 v0x13f551ce0_0, 0, 13;
    %jmp T_64.9;
T_64.8 ;
    %load/vec4 v0x13f5522c0_0;
    %store/vec4 v0x13f551510_0, 0, 53;
    %callf/vec4 TD_tinker_tb.dut.fpu.u_fmul.count_leading_zeros, S_0x13f551110;
    %store/vec4 v0x13f552160_0, 0, 6;
    %load/vec4 v0x13f5522c0_0;
    %ix/getv 4, v0x13f552160_0;
    %shiftl 4;
    %store/vec4 v0x13f5522c0_0, 0, 53;
    %pushi/vec4 7170, 0, 13;
    %load/vec4 v0x13f552160_0;
    %pad/u 13;
    %sub;
    %store/vec4 v0x13f551ce0_0, 0, 13;
T_64.9 ;
    %load/vec4 v0x13f551b30_0;
    %flag_set/vec4 8;
    %jmp/0xz  T_64.10, 8;
    %load/vec4 v0x13f551900_0;
    %parti/s 11, 52, 7;
    %pad/u 13;
    %subi 1023, 0, 13;
    %store/vec4 v0x13f551d70_0, 0, 13;
    %jmp T_64.11;
T_64.10 ;
    %load/vec4 v0x13f552370_0;
    %store/vec4 v0x13f551510_0, 0, 53;
    %callf/vec4 TD_tinker_tb.dut.fpu.u_fmul.count_leading_zeros, S_0x13f551110;
    %store/vec4 v0x13f552160_0, 0, 6;
    %load/vec4 v0x13f552370_0;
    %ix/getv 4, v0x13f552160_0;
    %shiftl 4;
    %store/vec4 v0x13f552370_0, 0, 53;
    %pushi/vec4 7170, 0, 13;
    %load/vec4 v0x13f552160_0;
    %pad/u 13;
    %sub;
    %store/vec4 v0x13f551d70_0, 0, 13;
T_64.11 ;
    %load/vec4 v0x13f551ce0_0;
    %load/vec4 v0x13f551d70_0;
    %add;
    %addi 1023, 0, 13;
    %store/vec4 v0x13f551e00_0, 0, 13;
    %load/vec4 v0x13f5522c0_0;
    %pad/u 106;
    %load/vec4 v0x13f552370_0;
    %pad/u 106;
    %mul;
    %store/vec4 v0x13f5524d0_0, 0, 106;
    %load/vec4 v0x13f5524d0_0;
    %parti/s 1, 105, 8;
    %flag_set/vec4 8;
    %jmp/0xz  T_64.12, 8;
    %load/vec4 v0x13f551e00_0;
    %addi 1, 0, 13;
    %store/vec4 v0x13f551e00_0, 0, 13;
    %load/vec4 v0x13f5524d0_0;
    %ix/load 4, 1, 0;
    %flag_set/imm 4, 0;
    %shiftr 4;
    %store/vec4 v0x13f5524d0_0, 0, 106;
T_64.12 ;
    %load/vec4 v0x13f5524d0_0;
    %parti/s 53, 52, 7;
    %store/vec4 v0x13f552420_0, 0, 53;
    %load/vec4 v0x13f5524d0_0;
    %parti/s 1, 51, 7;
    %store/vec4 v0x13f551e90_0, 0, 1;
    %load/vec4 v0x13f5524d0_0;
    %parti/s 1, 50, 7;
    %store/vec4 v0x13f5520c0_0, 0, 1;
    %load/vec4 v0x13f5524d0_0;
    %parti/s 50, 0, 2;
    %or/r;
    %store/vec4 v0x13f552620_0, 0, 1;
    %load/vec4 v0x13f551e90_0;
    %load/vec4 v0x13f5520c0_0;
    %load/vec4 v0x13f552420_0;
    %parti/s 1, 0, 2;
    %or;
    %load/vec4 v0x13f552620_0;
    %or;
    %and;
    %flag_set/vec4 8;
    %jmp/0xz  T_64.14, 8;
    %load/vec4 v0x13f552420_0;
    %addi 1, 0, 53;
    %store/vec4 v0x13f552420_0, 0, 53;
    %load/vec4 v0x13f552420_0;
    %cmpi/e 0, 0, 53;
    %jmp/0xz  T_64.16, 4;
    %load/vec4 v0x13f551e00_0;
    %addi 1, 0, 13;
    %store/vec4 v0x13f551e00_0, 0, 13;
    %pushi/vec4 2147483648, 0, 32;
    %concati/vec4 0, 0, 21;
    %store/vec4 v0x13f552420_0, 0, 53;
T_64.16 ;
T_64.14 ;
    %load/vec4 v0x13f5515a0_0;
    %parti/s 1, 63, 7;
    %load/vec4 v0x13f551900_0;
    %parti/s 1, 63, 7;
    %xor;
    %store/vec4 v0x13f552580_0, 0, 1;
    %load/vec4 v0x13f551e00_0;
    %pad/s 32;
    %cmpi/s 2047, 0, 32;
    %flag_inv 5; GE is !LT
    %jmp/0xz  T_64.18, 5;
    %load/vec4 v0x13f552580_0;
    %concati/vec4 2047, 0, 11;
    %concati/vec4 0, 0, 52;
    %store/vec4 v0x13f551f20_0, 0, 64;
    %jmp T_64.19;
T_64.18 ;
    %load/vec4 v0x13f551e00_0;
    %pad/s 32;
    %cmpi/s 0, 0, 32;
    %flag_or 5, 4;
    %jmp/0xz  T_64.20, 5;
    %pushi/vec4 1, 0, 13;
    %load/vec4 v0x13f551e00_0;
    %sub;
    %store/vec4 v0x13f552210_0, 0, 13;
    %load/vec4 v0x13f552210_0;
    %pad/s 32;
    %cmpi/s 53, 0, 32;
    %jmp/0xz  T_64.22, 5;
    %load/vec4 v0x13f552420_0;
    %load/vec4 v0x13f552210_0;
    %ix/vec4 4;
    %shiftr 4;
    %store/vec4 v0x13f552420_0, 0, 53;
    %load/vec4 v0x13f552580_0;
    %concati/vec4 0, 0, 11;
    %load/vec4 v0x13f552420_0;
    %parti/s 52, 0, 2;
    %concat/vec4; draw_concat_vec4
    %store/vec4 v0x13f551f20_0, 0, 64;
    %jmp T_64.23;
T_64.22 ;
    %load/vec4 v0x13f552580_0;
    %concati/vec4 0, 0, 63;
    %store/vec4 v0x13f551f20_0, 0, 64;
T_64.23 ;
    %jmp T_64.21;
T_64.20 ;
    %load/vec4 v0x13f552580_0;
    %load/vec4 v0x13f551e00_0;
    %parti/s 11, 0, 2;
    %concat/vec4; draw_concat_vec4
    %load/vec4 v0x13f552420_0;
    %parti/s 52, 0, 2;
    %concat/vec4; draw_concat_vec4
    %store/vec4 v0x13f551f20_0, 0, 64;
T_64.21 ;
T_64.19 ;
T_64.7 ;
T_64.5 ;
T_64.3 ;
T_64.1 ;
    %jmp T_64;
    .thread T_64, $push;
    .scope S_0x13f5306e0;
T_65 ;
    %wait E_0x13f528a20;
    %load/vec4 v0x13f3b3760_0;
    %parti/s 1, 63, 7;
    %load/vec4 v0x13f54a7c0_0;
    %parti/s 1, 63, 7;
    %xor;
    %store/vec4 v0x13f110ab0_0, 0, 1;
    %load/vec4 v0x13f51f8d0_0;
    %load/vec4 v0x13f53a7e0_0;
    %or;
    %flag_set/vec4 8;
    %jmp/0xz  T_65.0, 8;
    %pushi/vec4 4293918720, 0, 33;
    %concati/vec4 0, 0, 31;
    %store/vec4 v0x13f5208e0_0, 0, 64;
    %jmp T_65.1;
T_65.0 ;
    %load/vec4 v0x13f51f840_0;
    %load/vec4 v0x13f53a750_0;
    %and;
    %flag_set/vec4 8;
    %jmp/0xz  T_65.2, 8;
    %pushi/vec4 4294443008, 0, 32;
    %concati/vec4 0, 0, 32;
    %store/vec4 v0x13f5208e0_0, 0, 64;
    %jmp T_65.3;
T_65.2 ;
    %load/vec4 v0x13f51f840_0;
    %flag_set/vec4 8;
    %jmp/0xz  T_65.4, 8;
    %load/vec4 v0x13f110ab0_0;
    %concati/vec4 2047, 0, 11;
    %concati/vec4 0, 0, 52;
    %store/vec4 v0x13f5208e0_0, 0, 64;
    %jmp T_65.5;
T_65.4 ;
    %load/vec4 v0x13f2e05d0_0;
    %flag_set/vec4 8;
    %jmp/0xz  T_65.6, 8;
    %pushi/vec4 4293918720, 0, 33;
    %concati/vec4 0, 0, 31;
    %store/vec4 v0x13f5208e0_0, 0, 64;
    %jmp T_65.7;
T_65.6 ;
    %load/vec4 v0x13f54a730_0;
    %flag_set/vec4 8;
    %jmp/0xz  T_65.8, 8;
    %load/vec4 v0x13f110ab0_0;
    %concati/vec4 0, 0, 63;
    %store/vec4 v0x13f5208e0_0, 0, 64;
    %jmp T_65.9;
T_65.8 ;
    %load/vec4 v0x13f53a750_0;
    %flag_set/vec4 8;
    %jmp/0xz  T_65.10, 8;
    %load/vec4 v0x13f110ab0_0;
    %concati/vec4 0, 0, 63;
    %store/vec4 v0x13f5208e0_0, 0, 64;
    %jmp T_65.11;
T_65.10 ;
    %load/vec4 v0x13f51f960_0;
    %load/vec4 v0x13f3b3760_0;
    %parti/s 52, 0, 2;
    %concat/vec4; draw_concat_vec4
    %store/vec4 v0x13f110900_0, 0, 53;
    %load/vec4 v0x13f53a870_0;
    %load/vec4 v0x13f54a7c0_0;
    %parti/s 52, 0, 2;
    %concat/vec4; draw_concat_vec4
    %store/vec4 v0x13f110990_0, 0, 53;
    %load/vec4 v0x13f51f960_0;
    %flag_set/vec4 8;
    %jmp/0xz  T_65.12, 8;
    %load/vec4 v0x13f3b3760_0;
    %parti/s 11, 52, 7;
    %pad/u 13;
    %subi 1023, 0, 13;
    %store/vec4 v0x13f2df8d0_0, 0, 13;
    %jmp T_65.13;
T_65.12 ;
    %load/vec4 v0x13f110900_0;
    %store/vec4 v0x13f3b36d0_0, 0, 53;
    %callf/vec4 TD_tinker_tb.dut.fpu.u_fdiv.count_leading_zeros, S_0x13f36cf30;
    %store/vec4 v0x13f520a00_0, 0, 6;
    %load/vec4 v0x13f110900_0;
    %ix/getv 4, v0x13f520a00_0;
    %shiftl 4;
    %store/vec4 v0x13f110900_0, 0, 53;
    %pushi/vec4 7170, 0, 13;
    %load/vec4 v0x13f520a00_0;
    %pad/u 13;
    %sub;
    %store/vec4 v0x13f2df8d0_0, 0, 13;
T_65.13 ;
    %load/vec4 v0x13f53a870_0;
    %flag_set/vec4 8;
    %jmp/0xz  T_65.14, 8;
    %load/vec4 v0x13f54a7c0_0;
    %parti/s 11, 52, 7;
    %pad/u 13;
    %subi 1023, 0, 13;
    %store/vec4 v0x13f2df960_0, 0, 13;
    %jmp T_65.15;
T_65.14 ;
    %load/vec4 v0x13f110990_0;
    %store/vec4 v0x13f3b36d0_0, 0, 53;
    %callf/vec4 TD_tinker_tb.dut.fpu.u_fdiv.count_leading_zeros, S_0x13f36cf30;
    %store/vec4 v0x13f520a00_0, 0, 6;
    %load/vec4 v0x13f110990_0;
    %ix/getv 4, v0x13f520a00_0;
    %shiftl 4;
    %store/vec4 v0x13f110990_0, 0, 53;
    %pushi/vec4 7170, 0, 13;
    %load/vec4 v0x13f520a00_0;
    %pad/u 13;
    %sub;
    %store/vec4 v0x13f2df960_0, 0, 13;
T_65.15 ;
    %load/vec4 v0x13f2df8d0_0;
    %load/vec4 v0x13f2df960_0;
    %sub;
    %addi 1023, 0, 13;
    %store/vec4 v0x13f2df9f0_0, 0, 13;
    %load/vec4 v0x13f110990_0;
    %store/vec4 v0x13f2e0660_0, 0, 53;
    %pushi/vec4 0, 0, 57;
    %store/vec4 v0x13f506e30_0, 0, 57;
    %pushi/vec4 0, 0, 57;
    %load/vec4 v0x13f110900_0;
    %concat/vec4; draw_concat_vec4
    %store/vec4 v0x13f506ec0_0, 0, 110;
    %pushi/vec4 0, 0, 57;
    %load/vec4 v0x13f2e0660_0;
    %concat/vec4; draw_concat_vec4
    %load/vec4 v0x13f506ec0_0;
    %cmp/u;
    %flag_or 5, 4;
    %jmp/0xz  T_65.16, 5;
    %load/vec4 v0x13f506ec0_0;
    %pushi/vec4 0, 0, 57;
    %load/vec4 v0x13f2e0660_0;
    %concat/vec4; draw_concat_vec4
    %sub;
    %store/vec4 v0x13f506ec0_0, 0, 110;
    %pushi/vec4 1, 0, 1;
    %ix/load 4, 0, 0;
    %flag_set/imm 4, 0;
    %store/vec4 v0x13f506e30_0, 4, 1;
T_65.16 ;
    %pushi/vec4 0, 0, 32;
    %store/vec4 v0x13f506da0_0, 0, 32;
T_65.18 ; Top of for-loop
    %load/vec4 v0x13f506da0_0;
    %cmpi/s 56, 0, 32;
	  %jmp/0xz T_65.19, 5;
    %load/vec4 v0x13f506ec0_0;
    %ix/load 4, 1, 0;
    %flag_set/imm 4, 0;
    %shiftl 4;
    %store/vec4 v0x13f506ec0_0, 0, 110;
    %load/vec4 v0x13f506e30_0;
    %ix/load 4, 1, 0;
    %flag_set/imm 4, 0;
    %shiftl 4;
    %store/vec4 v0x13f506e30_0, 0, 57;
    %pushi/vec4 0, 0, 57;
    %load/vec4 v0x13f2e0660_0;
    %concat/vec4; draw_concat_vec4
    %load/vec4 v0x13f506ec0_0;
    %cmp/u;
    %flag_or 5, 4;
    %jmp/0xz  T_65.21, 5;
    %load/vec4 v0x13f506ec0_0;
    %pushi/vec4 0, 0, 57;
    %load/vec4 v0x13f2e0660_0;
    %concat/vec4; draw_concat_vec4
    %sub;
    %store/vec4 v0x13f506ec0_0, 0, 110;
    %pushi/vec4 1, 0, 1;
    %ix/load 4, 0, 0;
    %flag_set/imm 4, 0;
    %store/vec4 v0x13f506e30_0, 4, 1;
T_65.21 ;
T_65.20 ; for-loop step statement
    %load/vec4 v0x13f506da0_0;
    %addi 1, 0, 32;
    %store/vec4 v0x13f506da0_0, 0, 32;
    %jmp T_65.18;
T_65.19 ; for-loop exit label
    %load/vec4 v0x13f506e30_0;
    %parti/s 1, 56, 7;
    %flag_set/vec4 8;
    %jmp/0xz  T_65.23, 8;
    %load/vec4 v0x13f506e30_0;
    %parti/s 1, 0, 2;
    %load/vec4 v0x13f506ec0_0;
    %pushi/vec4 0, 0, 110;
    %cmp/ne;
    %flag_get/vec4 4;
    %or;
    %store/vec4 v0x13f110b40_0, 0, 1;
    %load/vec4 v0x13f506e30_0;
    %ix/load 4, 1, 0;
    %flag_set/imm 4, 0;
    %shiftr 4;
    %store/vec4 v0x13f506e30_0, 0, 57;
    %jmp T_65.24;
T_65.23 ;
    %load/vec4 v0x13f2df9f0_0;
    %subi 1, 0, 13;
    %store/vec4 v0x13f2df9f0_0, 0, 13;
    %load/vec4 v0x13f506ec0_0;
    %pushi/vec4 0, 0, 110;
    %cmp/ne;
    %flag_get/vec4 4;
    %store/vec4 v0x13f110b40_0, 0, 1;
T_65.24 ;
    %load/vec4 v0x13f506e30_0;
    %parti/s 1, 2, 3;
    %store/vec4 v0x13f2dec60_0, 0, 1;
    %load/vec4 v0x13f506e30_0;
    %parti/s 1, 1, 2;
    %store/vec4 v0x13f520970_0, 0, 1;
    %load/vec4 v0x13f110b40_0;
    %load/vec4 v0x13f506e30_0;
    %parti/s 1, 0, 2;
    %or;
    %store/vec4 v0x13f110b40_0, 0, 1;
    %load/vec4 v0x13f506e30_0;
    %parti/s 53, 3, 3;
    %store/vec4 v0x13f110a20_0, 0, 53;
    %load/vec4 v0x13f2dec60_0;
    %load/vec4 v0x13f520970_0;
    %load/vec4 v0x13f110a20_0;
    %parti/s 1, 0, 2;
    %or;
    %load/vec4 v0x13f110b40_0;
    %or;
    %and;
    %flag_set/vec4 8;
    %jmp/0xz  T_65.25, 8;
    %load/vec4 v0x13f110a20_0;
    %addi 1, 0, 53;
    %store/vec4 v0x13f110a20_0, 0, 53;
    %load/vec4 v0x13f110a20_0;
    %cmpi/e 0, 0, 53;
    %jmp/0xz  T_65.27, 4;
    %load/vec4 v0x13f2df9f0_0;
    %addi 1, 0, 13;
    %store/vec4 v0x13f2df9f0_0, 0, 13;
    %pushi/vec4 2147483648, 0, 32;
    %concati/vec4 0, 0, 21;
    %store/vec4 v0x13f110a20_0, 0, 53;
T_65.27 ;
T_65.25 ;
    %load/vec4 v0x13f2df9f0_0;
    %pad/s 32;
    %cmpi/s 2047, 0, 32;
    %flag_inv 5; GE is !LT
    %jmp/0xz  T_65.29, 5;
    %load/vec4 v0x13f110ab0_0;
    %concati/vec4 2047, 0, 11;
    %concati/vec4 0, 0, 52;
    %store/vec4 v0x13f5208e0_0, 0, 64;
    %jmp T_65.30;
T_65.29 ;
    %load/vec4 v0x13f2df9f0_0;
    %pad/s 32;
    %cmpi/s 4294966222, 0, 32;
    %jmp/0xz  T_65.31, 5;
    %load/vec4 v0x13f110ab0_0;
    %concati/vec4 0, 0, 63;
    %store/vec4 v0x13f5208e0_0, 0, 64;
    %jmp T_65.32;
T_65.31 ;
    %load/vec4 v0x13f2df9f0_0;
    %pad/s 32;
    %cmpi/s 0, 0, 32;
    %flag_or 5, 4;
    %jmp/0xz  T_65.33, 5;
    %pushi/vec4 1, 0, 13;
    %load/vec4 v0x13f2df9f0_0;
    %sub;
    %store/vec4 v0x13f520a90_0, 0, 13;
    %load/vec4 v0x13f520a90_0;
    %pad/s 32;
    %cmpi/s 53, 0, 32;
    %jmp/0xz  T_65.35, 5;
    %load/vec4 v0x13f110a20_0;
    %load/vec4 v0x13f520a90_0;
    %ix/vec4 4;
    %shiftr 4;
    %store/vec4 v0x13f110a20_0, 0, 53;
    %load/vec4 v0x13f110ab0_0;
    %concati/vec4 0, 0, 11;
    %load/vec4 v0x13f110a20_0;
    %parti/s 52, 0, 2;
    %concat/vec4; draw_concat_vec4
    %store/vec4 v0x13f5208e0_0, 0, 64;
    %jmp T_65.36;
T_65.35 ;
    %load/vec4 v0x13f110ab0_0;
    %concati/vec4 0, 0, 63;
    %store/vec4 v0x13f5208e0_0, 0, 64;
T_65.36 ;
    %jmp T_65.34;
T_65.33 ;
    %load/vec4 v0x13f110ab0_0;
    %load/vec4 v0x13f2df9f0_0;
    %parti/s 11, 0, 2;
    %concat/vec4; draw_concat_vec4
    %load/vec4 v0x13f110a20_0;
    %parti/s 52, 0, 2;
    %concat/vec4; draw_concat_vec4
    %store/vec4 v0x13f5208e0_0, 0, 64;
T_65.34 ;
T_65.32 ;
T_65.30 ;
T_65.11 ;
T_65.9 ;
T_65.7 ;
T_65.5 ;
T_65.3 ;
T_65.1 ;
    %jmp T_65;
    .thread T_65, $push;
    .scope S_0x13f32e0c0;
T_66 ;
    %wait E_0x13f2de4b0;
    %load/vec4 v0x13f556f70_0;
    %dup/vec4;
    %pushi/vec4 20, 0, 5;
    %cmp/u;
    %jmp/1 T_66.0, 6;
    %dup/vec4;
    %pushi/vec4 21, 0, 5;
    %cmp/u;
    %jmp/1 T_66.1, 6;
    %dup/vec4;
    %pushi/vec4 22, 0, 5;
    %cmp/u;
    %jmp/1 T_66.2, 6;
    %dup/vec4;
    %pushi/vec4 23, 0, 5;
    %cmp/u;
    %jmp/1 T_66.3, 6;
    %pushi/vec4 0, 0, 64;
    %store/vec4 v0x13f557020_0, 0, 64;
    %jmp T_66.5;
T_66.0 ;
    %load/vec4 v0x13f5565a0_0;
    %store/vec4 v0x13f557020_0, 0, 64;
    %jmp T_66.5;
T_66.1 ;
    %load/vec4 v0x13f556880_0;
    %store/vec4 v0x13f557020_0, 0, 64;
    %jmp T_66.5;
T_66.2 ;
    %load/vec4 v0x13f5567f0_0;
    %store/vec4 v0x13f557020_0, 0, 64;
    %jmp T_66.5;
T_66.3 ;
    %load/vec4 v0x13f5566d0_0;
    %store/vec4 v0x13f557020_0, 0, 64;
    %jmp T_66.5;
T_66.5 ;
    %pop/vec4 1;
    %jmp T_66;
    .thread T_66, $push;
    .scope S_0x13f32e0c0;
T_67 ;
    %wait E_0x13f54f620;
    %load/vec4 v0x13f556b10_0;
    %flag_set/vec4 8;
    %jmp/0xz  T_67.0, 8;
    %pushi/vec4 0, 0, 1;
    %assign/vec4 v0x13f557440_0, 0;
    %pushi/vec4 0, 0, 1;
    %assign/vec4 v0x13f557680_0, 0;
    %jmp T_67.1;
T_67.0 ;
    %load/vec4 v0x13f556760_0;
    %flag_set/vec4 8;
    %jmp/0xz  T_67.2, 8;
    %pushi/vec4 0, 0, 1;
    %assign/vec4 v0x13f557440_0, 0;
    %pushi/vec4 0, 0, 1;
    %assign/vec4 v0x13f557680_0, 0;
    %jmp T_67.3;
T_67.2 ;
    %load/vec4 v0x13f5562d0_0;
    %flag_set/vec4 8;
    %jmp/0xz  T_67.4, 8;
    %load/vec4 v0x13f557440_0;
    %assign/vec4 v0x13f557680_0, 0;
    %load/vec4 v0x13f556ec0_0;
    %assign/vec4 v0x13f5574d0_0, 0;
    %load/vec4 v0x13f5570d0_0;
    %assign/vec4 v0x13f5575f0_0, 0;
    %load/vec4 v0x13f557020_0;
    %assign/vec4 v0x13f557560_0, 0;
    %load/vec4 v0x13f557a30_0;
    %assign/vec4 v0x13f557440_0, 0;
    %load/vec4 v0x13f556930_0;
    %assign/vec4 v0x13f556f70_0, 0;
    %load/vec4 v0x13f557710_0;
    %assign/vec4 v0x13f557180_0, 0;
    %load/vec4 v0x13f556ba0_0;
    %assign/vec4 v0x13f557320_0, 0;
    %load/vec4 v0x13f556440_0;
    %assign/vec4 v0x13f556ec0_0, 0;
    %load/vec4 v0x13f556d60_0;
    %assign/vec4 v0x13f5570d0_0, 0;
    %jmp T_67.5;
T_67.4 ;
    %load/vec4 v0x13f557440_0;
    %nor/r;
    %flag_set/vec4 8;
    %jmp/0xz  T_67.6, 8;
    %load/vec4 v0x13f557a30_0;
    %assign/vec4 v0x13f557440_0, 0;
    %load/vec4 v0x13f556930_0;
    %assign/vec4 v0x13f556f70_0, 0;
    %load/vec4 v0x13f557710_0;
    %assign/vec4 v0x13f557180_0, 0;
    %load/vec4 v0x13f556ba0_0;
    %assign/vec4 v0x13f557320_0, 0;
    %load/vec4 v0x13f556440_0;
    %assign/vec4 v0x13f556ec0_0, 0;
    %load/vec4 v0x13f556d60_0;
    %assign/vec4 v0x13f5570d0_0, 0;
T_67.6 ;
T_67.5 ;
T_67.3 ;
T_67.1 ;
    %jmp T_67;
    .thread T_67;
    .scope S_0x13f570810;
T_68 ;
    %wait E_0x13f570a00;
    %load/vec4 v0x13f572ea0_0;
    %load/vec4 v0x13f573480_0;
    %or;
    %flag_set/vec4 8;
    %jmp/0xz  T_68.0, 8;
    %pushi/vec4 4293918720, 0, 33;
    %concati/vec4 0, 0, 31;
    %store/vec4 v0x13f573c60_0, 0, 64;
    %jmp T_68.1;
T_68.0 ;
    %load/vec4 v0x13f572df0_0;
    %load/vec4 v0x13f5733f0_0;
    %or;
    %flag_set/vec4 8;
    %jmp/0xz  T_68.2, 8;
    %load/vec4 v0x13f572df0_0;
    %load/vec4 v0x13f5733f0_0;
    %and;
    %load/vec4 v0x13f572d20_0;
    %parti/s 1, 63, 7;
    %load/vec4 v0x13f5732c0_0;
    %parti/s 1, 63, 7;
    %xor;
    %and;
    %flag_set/vec4 8;
    %jmp/0xz  T_68.4, 8;
    %pushi/vec4 4294443008, 0, 32;
    %concati/vec4 0, 0, 32;
    %store/vec4 v0x13f573c60_0, 0, 64;
    %jmp T_68.5;
T_68.4 ;
    %load/vec4 v0x13f572df0_0;
    %load/vec4 v0x13f5733f0_0;
    %inv;
    %and;
    %flag_set/vec4 8;
    %jmp/0xz  T_68.6, 8;
    %load/vec4 v0x13f572d20_0;
    %store/vec4 v0x13f573c60_0, 0, 64;
    %jmp T_68.7;
T_68.6 ;
    %load/vec4 v0x13f572df0_0;
    %inv;
    %load/vec4 v0x13f5733f0_0;
    %and;
    %flag_set/vec4 8;
    %jmp/0xz  T_68.8, 8;
    %load/vec4 v0x13f5732c0_0;
    %store/vec4 v0x13f573c60_0, 0, 64;
    %jmp T_68.9;
T_68.8 ;
    %load/vec4 v0x13f572d20_0;
    %store/vec4 v0x13f573c60_0, 0, 64;
T_68.9 ;
T_68.7 ;
T_68.5 ;
    %jmp T_68.3;
T_68.2 ;
    %load/vec4 v0x13f5730f0_0;
    %load/vec4 v0x13f573670_0;
    %and;
    %flag_set/vec4 8;
    %jmp/0xz  T_68.10, 8;
    %load/vec4 v0x13f572d20_0;
    %parti/s 1, 63, 7;
    %load/vec4 v0x13f5732c0_0;
    %parti/s 1, 63, 7;
    %and;
    %concati/vec4 0, 0, 63;
    %store/vec4 v0x13f573c60_0, 0, 64;
    %jmp T_68.11;
T_68.10 ;
    %load/vec4 v0x13f5730f0_0;
    %flag_set/vec4 8;
    %jmp/0xz  T_68.12, 8;
    %load/vec4 v0x13f5732c0_0;
    %store/vec4 v0x13f573c60_0, 0, 64;
    %jmp T_68.13;
T_68.12 ;
    %load/vec4 v0x13f573670_0;
    %flag_set/vec4 8;
    %jmp/0xz  T_68.14, 8;
    %load/vec4 v0x13f572d20_0;
    %store/vec4 v0x13f573c60_0, 0, 64;
    %jmp T_68.15;
T_68.14 ;
    %load/vec4 v0x13f572f70_0;
    %flag_set/vec4 8;
    %jmp/0 T_68.16, 8;
    %load/vec4 v0x13f572d20_0;
    %parti/s 11, 52, 7;
    %pad/u 13;
    %jmp/1 T_68.17, 8;
T_68.16 ; End of true expr.
    %pushi/vec4 1, 0, 13;
    %jmp/0 T_68.17, 8;
 ; End of false expr.
    %blend;
T_68.17;
    %store/vec4 v0x13f5737b0_0, 0, 13;
    %load/vec4 v0x13f573510_0;
    %flag_set/vec4 8;
    %jmp/0 T_68.18, 8;
    %load/vec4 v0x13f5732c0_0;
    %parti/s 11, 52, 7;
    %pad/u 13;
    %jmp/1 T_68.19, 8;
T_68.18 ; End of true expr.
    %pushi/vec4 1, 0, 13;
    %jmp/0 T_68.19, 8;
 ; End of false expr.
    %blend;
T_68.19;
    %store/vec4 v0x13f573840_0, 0, 13;
    %load/vec4 v0x13f573840_0;
    %load/vec4 v0x13f5737b0_0;
    %cmp/s;
    %jmp/0xz  T_68.20, 5;
    %load/vec4 v0x13f572f70_0;
    %load/vec4 v0x13f572d20_0;
    %parti/s 52, 0, 2;
    %concat/vec4; draw_concat_vec4
    %store/vec4 v0x13f573230_0, 0, 53;
    %load/vec4 v0x13f573510_0;
    %load/vec4 v0x13f5732c0_0;
    %parti/s 52, 0, 2;
    %concat/vec4; draw_concat_vec4
    %store/vec4 v0x13f5731a0_0, 0, 53;
    %load/vec4 v0x13f572d20_0;
    %parti/s 1, 63, 7;
    %store/vec4 v0x13f573fc0_0, 0, 1;
    %load/vec4 v0x13f5737b0_0;
    %store/vec4 v0x13f5739d0_0, 0, 13;
    %load/vec4 v0x13f5737b0_0;
    %load/vec4 v0x13f573840_0;
    %sub;
    %store/vec4 v0x13f573db0_0, 0, 13;
    %jmp T_68.21;
T_68.20 ;
    %load/vec4 v0x13f5737b0_0;
    %load/vec4 v0x13f573840_0;
    %cmp/s;
    %jmp/0xz  T_68.22, 5;
    %load/vec4 v0x13f573510_0;
    %load/vec4 v0x13f5732c0_0;
    %parti/s 52, 0, 2;
    %concat/vec4; draw_concat_vec4
    %store/vec4 v0x13f573230_0, 0, 53;
    %load/vec4 v0x13f572f70_0;
    %load/vec4 v0x13f572d20_0;
    %parti/s 52, 0, 2;
    %concat/vec4; draw_concat_vec4
    %store/vec4 v0x13f5731a0_0, 0, 53;
    %load/vec4 v0x13f5732c0_0;
    %parti/s 1, 63, 7;
    %store/vec4 v0x13f573fc0_0, 0, 1;
    %load/vec4 v0x13f573840_0;
    %store/vec4 v0x13f5739d0_0, 0, 13;
    %load/vec4 v0x13f573840_0;
    %load/vec4 v0x13f5737b0_0;
    %sub;
    %store/vec4 v0x13f573db0_0, 0, 13;
    %jmp T_68.23;
T_68.22 ;
    %pushi/vec4 0, 0, 13;
    %store/vec4 v0x13f573db0_0, 0, 13;
    %load/vec4 v0x13f5737b0_0;
    %store/vec4 v0x13f5739d0_0, 0, 13;
    %load/vec4 v0x13f572d20_0;
    %parti/s 1, 63, 7;
    %load/vec4 v0x13f5732c0_0;
    %parti/s 1, 63, 7;
    %cmp/e;
    %jmp/0xz  T_68.24, 4;
    %load/vec4 v0x13f572d20_0;
    %parti/s 1, 63, 7;
    %store/vec4 v0x13f573fc0_0, 0, 1;
    %load/vec4 v0x13f572f70_0;
    %load/vec4 v0x13f572d20_0;
    %parti/s 52, 0, 2;
    %concat/vec4; draw_concat_vec4
    %store/vec4 v0x13f573230_0, 0, 53;
    %load/vec4 v0x13f573510_0;
    %load/vec4 v0x13f5732c0_0;
    %parti/s 52, 0, 2;
    %concat/vec4; draw_concat_vec4
    %store/vec4 v0x13f5731a0_0, 0, 53;
    %jmp T_68.25;
T_68.24 ;
    %load/vec4 v0x13f5732c0_0;
    %parti/s 52, 0, 2;
    %load/vec4 v0x13f572d20_0;
    %parti/s 52, 0, 2;
    %cmp/u;
    %jmp/0xz  T_68.26, 5;
    %load/vec4 v0x13f572d20_0;
    %parti/s 1, 63, 7;
    %store/vec4 v0x13f573fc0_0, 0, 1;
    %load/vec4 v0x13f572f70_0;
    %load/vec4 v0x13f572d20_0;
    %parti/s 52, 0, 2;
    %concat/vec4; draw_concat_vec4
    %store/vec4 v0x13f573230_0, 0, 53;
    %load/vec4 v0x13f573510_0;
    %load/vec4 v0x13f5732c0_0;
    %parti/s 52, 0, 2;
    %concat/vec4; draw_concat_vec4
    %store/vec4 v0x13f5731a0_0, 0, 53;
    %jmp T_68.27;
T_68.26 ;
    %load/vec4 v0x13f572d20_0;
    %parti/s 52, 0, 2;
    %load/vec4 v0x13f5732c0_0;
    %parti/s 52, 0, 2;
    %cmp/u;
    %jmp/0xz  T_68.28, 5;
    %load/vec4 v0x13f5732c0_0;
    %parti/s 1, 63, 7;
    %store/vec4 v0x13f573fc0_0, 0, 1;
    %load/vec4 v0x13f573510_0;
    %load/vec4 v0x13f5732c0_0;
    %parti/s 52, 0, 2;
    %concat/vec4; draw_concat_vec4
    %store/vec4 v0x13f573230_0, 0, 53;
    %load/vec4 v0x13f572f70_0;
    %load/vec4 v0x13f572d20_0;
    %parti/s 52, 0, 2;
    %concat/vec4; draw_concat_vec4
    %store/vec4 v0x13f5731a0_0, 0, 53;
    %jmp T_68.29;
T_68.28 ;
    %pushi/vec4 0, 0, 1;
    %store/vec4 v0x13f573fc0_0, 0, 1;
    %load/vec4 v0x13f573510_0;
    %load/vec4 v0x13f5732c0_0;
    %parti/s 52, 0, 2;
    %concat/vec4; draw_concat_vec4
    %store/vec4 v0x13f573230_0, 0, 53;
    %load/vec4 v0x13f572f70_0;
    %load/vec4 v0x13f572d20_0;
    %parti/s 52, 0, 2;
    %concat/vec4; draw_concat_vec4
    %store/vec4 v0x13f5731a0_0, 0, 53;
T_68.29 ;
T_68.27 ;
T_68.25 ;
T_68.23 ;
T_68.21 ;
    %load/vec4 v0x13f573230_0;
    %concati/vec4 0, 0, 3;
    %store/vec4 v0x13f573b10_0, 0, 56;
    %load/vec4 v0x13f5731a0_0;
    %concati/vec4 0, 0, 3;
    %store/vec4 v0x13f573a60_0, 0, 56;
    %load/vec4 v0x13f573db0_0;
    %pad/s 32;
    %cmpi/e 0, 0, 32;
    %flag_mov 8, 4;
    %jmp/0 T_68.30, 8;
    %pushi/vec4 0, 0, 1;
    %jmp/1 T_68.31, 8;
T_68.30 ; End of true expr.
    %load/vec4 v0x13f573a60_0;
    %pushi/vec4 56, 0, 32;
    %load/vec4 v0x13f573db0_0;
    %pad/s 32;
    %sub;
    %ix/vec4 4;
    %shiftl 4;
    %or/r;
    %jmp/0 T_68.31, 8;
 ; End of false expr.
    %blend;
T_68.31;
    %store/vec4 v0x13f574060_0, 0, 1;
    %load/vec4 v0x13f573a60_0;
    %load/vec4 v0x13f573db0_0;
    %ix/vec4 4;
    %shiftr 4;
    %store/vec4 v0x13f573a60_0, 0, 56;
    %load/vec4 v0x13f572d20_0;
    %parti/s 1, 63, 7;
    %load/vec4 v0x13f5732c0_0;
    %parti/s 1, 63, 7;
    %cmp/e;
    %jmp/0xz  T_68.32, 4;
    %load/vec4 v0x13f573b10_0;
    %pad/u 57;
    %load/vec4 v0x13f573a60_0;
    %pad/u 57;
    %add;
    %store/vec4 v0x13f574100_0, 0, 57;
    %load/vec4 v0x13f574100_0;
    %parti/s 1, 56, 7;
    %flag_set/vec4 8;
    %jmp/0xz  T_68.34, 8;
    %load/vec4 v0x13f5739d0_0;
    %addi 1, 0, 13;
    %store/vec4 v0x13f5739d0_0, 0, 13;
    %load/vec4 v0x13f574060_0;
    %load/vec4 v0x13f574100_0;
    %parti/s 1, 0, 2;
    %or;
    %store/vec4 v0x13f574060_0, 0, 1;
    %load/vec4 v0x13f574100_0;
    %ix/load 4, 1, 0;
    %flag_set/imm 4, 0;
    %shiftr 4;
    %store/vec4 v0x13f574100_0, 0, 57;
T_68.34 ;
    %load/vec4 v0x13f574100_0;
    %parti/s 1, 2, 3;
    %store/vec4 v0x13f573bc0_0, 0, 1;
    %load/vec4 v0x13f574100_0;
    %parti/s 1, 1, 2;
    %store/vec4 v0x13f573d10_0, 0, 1;
    %load/vec4 v0x13f574060_0;
    %load/vec4 v0x13f574100_0;
    %parti/s 1, 0, 2;
    %or;
    %store/vec4 v0x13f574060_0, 0, 1;
    %load/vec4 v0x13f574100_0;
    %parti/s 53, 3, 3;
    %store/vec4 v0x13f573f10_0, 0, 53;
    %load/vec4 v0x13f573bc0_0;
    %load/vec4 v0x13f573d10_0;
    %load/vec4 v0x13f574100_0;
    %parti/s 1, 3, 3;
    %or;
    %load/vec4 v0x13f574060_0;
    %or;
    %and;
    %flag_set/vec4 8;
    %jmp/0xz  T_68.36, 8;
    %load/vec4 v0x13f573f10_0;
    %addi 1, 0, 53;
    %store/vec4 v0x13f573f10_0, 0, 53;
    %load/vec4 v0x13f573f10_0;
    %cmpi/e 0, 0, 53;
    %jmp/0xz  T_68.38, 4;
    %load/vec4 v0x13f5739d0_0;
    %addi 1, 0, 13;
    %store/vec4 v0x13f5739d0_0, 0, 13;
    %pushi/vec4 2147483648, 0, 32;
    %concati/vec4 0, 0, 21;
    %store/vec4 v0x13f573f10_0, 0, 53;
T_68.38 ;
T_68.36 ;
    %load/vec4 v0x13f5739d0_0;
    %pad/s 32;
    %cmpi/s 2047, 0, 32;
    %flag_inv 5; GE is !LT
    %jmp/0xz  T_68.40, 5;
    %load/vec4 v0x13f573fc0_0;
    %concati/vec4 2047, 0, 11;
    %concati/vec4 0, 0, 52;
    %store/vec4 v0x13f573c60_0, 0, 64;
    %jmp T_68.41;
T_68.40 ;
    %load/vec4 v0x13f5739d0_0;
    %pad/s 32;
    %cmpi/s 4294966222, 0, 32;
    %jmp/0xz  T_68.42, 5;
    %load/vec4 v0x13f573fc0_0;
    %concati/vec4 0, 0, 63;
    %store/vec4 v0x13f573c60_0, 0, 64;
    %jmp T_68.43;
T_68.42 ;
    %load/vec4 v0x13f5739d0_0;
    %pad/s 32;
    %cmpi/s 0, 0, 32;
    %flag_or 5, 4;
    %jmp/0xz  T_68.44, 5;
    %pushi/vec4 1, 0, 13;
    %load/vec4 v0x13f5739d0_0;
    %sub;
    %store/vec4 v0x13f573e60_0, 0, 13;
    %load/vec4 v0x13f573e60_0;
    %pad/u 32;
    %cmpi/u 53, 0, 32;
    %jmp/0xz  T_68.46, 5;
    %load/vec4 v0x13f573f10_0;
    %ix/getv 4, v0x13f573e60_0;
    %shiftr 4;
    %store/vec4 v0x13f573f10_0, 0, 53;
    %load/vec4 v0x13f573fc0_0;
    %concati/vec4 0, 0, 11;
    %load/vec4 v0x13f573f10_0;
    %parti/s 52, 0, 2;
    %concat/vec4; draw_concat_vec4
    %store/vec4 v0x13f573c60_0, 0, 64;
    %jmp T_68.47;
T_68.46 ;
    %load/vec4 v0x13f573fc0_0;
    %concati/vec4 0, 0, 63;
    %store/vec4 v0x13f573c60_0, 0, 64;
T_68.47 ;
    %jmp T_68.45;
T_68.44 ;
    %load/vec4 v0x13f573fc0_0;
    %load/vec4 v0x13f5739d0_0;
    %parti/s 11, 0, 2;
    %concat/vec4; draw_concat_vec4
    %load/vec4 v0x13f573f10_0;
    %parti/s 52, 0, 2;
    %concat/vec4; draw_concat_vec4
    %store/vec4 v0x13f573c60_0, 0, 64;
T_68.45 ;
T_68.43 ;
T_68.41 ;
    %jmp T_68.33;
T_68.32 ;
    %load/vec4 v0x13f573b10_0;
    %pad/u 57;
    %load/vec4 v0x13f573a60_0;
    %pad/u 57;
    %sub;
    %store/vec4 v0x13f573720_0, 0, 57;
    %load/vec4 v0x13f573720_0;
    %cmpi/e 0, 0, 57;
    %jmp/0xz  T_68.48, 4;
    %load/vec4 v0x13f573fc0_0;
    %concati/vec4 0, 0, 63;
    %store/vec4 v0x13f573c60_0, 0, 64;
    %jmp T_68.49;
T_68.48 ;
    %load/vec4 v0x13f573720_0;
    %parti/s 56, 0, 2;
    %store/vec4 v0x13f572c60_0, 0, 56;
    %callf/vec4 TD_tinker_tb.dut.u_fpu1.u_fadd.count_leading_zeros, S_0x13f5727c0;
    %pad/u 13;
    %store/vec4 v0x13f573e60_0, 0, 13;
    %load/vec4 v0x13f573e60_0;
    %load/vec4 v0x13f5739d0_0;
    %cmp/u;
    %jmp/0xz  T_68.50, 5;
    %load/vec4 v0x13f5739d0_0;
    %load/vec4 v0x13f573e60_0;
    %sub;
    %store/vec4 v0x13f5739d0_0, 0, 13;
    %load/vec4 v0x13f573720_0;
    %ix/getv 4, v0x13f573e60_0;
    %shiftl 4;
    %store/vec4 v0x13f573720_0, 0, 57;
    %jmp T_68.51;
T_68.50 ;
    %load/vec4 v0x13f573720_0;
    %load/vec4 v0x13f5739d0_0;
    %pad/s 32;
    %subi 1, 0, 32;
    %ix/vec4 4;
    %shiftl 4;
    %store/vec4 v0x13f573720_0, 0, 57;
    %pushi/vec4 0, 0, 13;
    %store/vec4 v0x13f5739d0_0, 0, 13;
T_68.51 ;
    %load/vec4 v0x13f573720_0;
    %parti/s 1, 2, 3;
    %store/vec4 v0x13f573bc0_0, 0, 1;
    %load/vec4 v0x13f573720_0;
    %parti/s 1, 1, 2;
    %store/vec4 v0x13f573d10_0, 0, 1;
    %load/vec4 v0x13f574060_0;
    %load/vec4 v0x13f573720_0;
    %parti/s 1, 0, 2;
    %or;
    %store/vec4 v0x13f574060_0, 0, 1;
    %load/vec4 v0x13f573720_0;
    %parti/s 53, 3, 3;
    %store/vec4 v0x13f573f10_0, 0, 53;
    %load/vec4 v0x13f573bc0_0;
    %load/vec4 v0x13f573d10_0;
    %load/vec4 v0x13f573720_0;
    %parti/s 1, 3, 3;
    %or;
    %load/vec4 v0x13f574060_0;
    %or;
    %and;
    %flag_set/vec4 8;
    %jmp/0xz  T_68.52, 8;
    %load/vec4 v0x13f573f10_0;
    %addi 1, 0, 53;
    %store/vec4 v0x13f573f10_0, 0, 53;
    %load/vec4 v0x13f573f10_0;
    %cmpi/e 0, 0, 53;
    %jmp/0xz  T_68.54, 4;
    %load/vec4 v0x13f5739d0_0;
    %addi 1, 0, 13;
    %store/vec4 v0x13f5739d0_0, 0, 13;
    %pushi/vec4 2147483648, 0, 32;
    %concati/vec4 0, 0, 21;
    %store/vec4 v0x13f573f10_0, 0, 53;
T_68.54 ;
T_68.52 ;
    %load/vec4 v0x13f5739d0_0;
    %pad/s 32;
    %cmpi/s 4294966222, 0, 32;
    %jmp/0xz  T_68.56, 5;
    %load/vec4 v0x13f573fc0_0;
    %concati/vec4 0, 0, 63;
    %store/vec4 v0x13f573c60_0, 0, 64;
    %jmp T_68.57;
T_68.56 ;
    %load/vec4 v0x13f573fc0_0;
    %load/vec4 v0x13f5739d0_0;
    %parti/s 11, 0, 2;
    %concat/vec4; draw_concat_vec4
    %load/vec4 v0x13f573f10_0;
    %parti/s 52, 0, 2;
    %concat/vec4; draw_concat_vec4
    %store/vec4 v0x13f573c60_0, 0, 64;
T_68.57 ;
T_68.49 ;
T_68.33 ;
T_68.15 ;
T_68.13 ;
T_68.11 ;
T_68.3 ;
T_68.1 ;
    %jmp T_68;
    .thread T_68, $push;
    .scope S_0x13f57b370;
T_69 ;
    %wait E_0x13f57b540;
    %load/vec4 v0x13f57d990_0;
    %load/vec4 v0x13f57df70_0;
    %or;
    %flag_set/vec4 8;
    %jmp/0xz  T_69.0, 8;
    %pushi/vec4 4293918720, 0, 33;
    %concati/vec4 0, 0, 31;
    %store/vec4 v0x13f57e750_0, 0, 64;
    %jmp T_69.1;
T_69.0 ;
    %load/vec4 v0x13f57d8d0_0;
    %load/vec4 v0x13f57dee0_0;
    %or;
    %flag_set/vec4 8;
    %jmp/0xz  T_69.2, 8;
    %load/vec4 v0x13f57d8d0_0;
    %load/vec4 v0x13f57dee0_0;
    %and;
    %load/vec4 v0x13f57d820_0;
    %parti/s 1, 63, 7;
    %load/vec4 v0x13f57ddb0_0;
    %parti/s 1, 63, 7;
    %xor;
    %and;
    %flag_set/vec4 8;
    %jmp/0xz  T_69.4, 8;
    %pushi/vec4 4294443008, 0, 32;
    %concati/vec4 0, 0, 32;
    %store/vec4 v0x13f57e750_0, 0, 64;
    %jmp T_69.5;
T_69.4 ;
    %load/vec4 v0x13f57d8d0_0;
    %load/vec4 v0x13f57dee0_0;
    %inv;
    %and;
    %flag_set/vec4 8;
    %jmp/0xz  T_69.6, 8;
    %load/vec4 v0x13f57d820_0;
    %store/vec4 v0x13f57e750_0, 0, 64;
    %jmp T_69.7;
T_69.6 ;
    %load/vec4 v0x13f57d8d0_0;
    %inv;
    %load/vec4 v0x13f57dee0_0;
    %and;
    %flag_set/vec4 8;
    %jmp/0xz  T_69.8, 8;
    %load/vec4 v0x13f57ddb0_0;
    %store/vec4 v0x13f57e750_0, 0, 64;
    %jmp T_69.9;
T_69.8 ;
    %load/vec4 v0x13f57d820_0;
    %store/vec4 v0x13f57e750_0, 0, 64;
T_69.9 ;
T_69.7 ;
T_69.5 ;
    %jmp T_69.3;
T_69.2 ;
    %load/vec4 v0x13f57dbe0_0;
    %load/vec4 v0x13f57e160_0;
    %and;
    %flag_set/vec4 8;
    %jmp/0xz  T_69.10, 8;
    %load/vec4 v0x13f57d820_0;
    %parti/s 1, 63, 7;
    %load/vec4 v0x13f57ddb0_0;
    %parti/s 1, 63, 7;
    %and;
    %concati/vec4 0, 0, 63;
    %store/vec4 v0x13f57e750_0, 0, 64;
    %jmp T_69.11;
T_69.10 ;
    %load/vec4 v0x13f57dbe0_0;
    %flag_set/vec4 8;
    %jmp/0xz  T_69.12, 8;
    %load/vec4 v0x13f57ddb0_0;
    %store/vec4 v0x13f57e750_0, 0, 64;
    %jmp T_69.13;
T_69.12 ;
    %load/vec4 v0x13f57e160_0;
    %flag_set/vec4 8;
    %jmp/0xz  T_69.14, 8;
    %load/vec4 v0x13f57d820_0;
    %store/vec4 v0x13f57e750_0, 0, 64;
    %jmp T_69.15;
T_69.14 ;
    %load/vec4 v0x13f57da60_0;
    %flag_set/vec4 8;
    %jmp/0 T_69.16, 8;
    %load/vec4 v0x13f57d820_0;
    %parti/s 11, 52, 7;
    %pad/u 13;
    %jmp/1 T_69.17, 8;
T_69.16 ; End of true expr.
    %pushi/vec4 1, 0, 13;
    %jmp/0 T_69.17, 8;
 ; End of false expr.
    %blend;
T_69.17;
    %store/vec4 v0x13f57e2a0_0, 0, 13;
    %load/vec4 v0x13f57e000_0;
    %flag_set/vec4 8;
    %jmp/0 T_69.18, 8;
    %load/vec4 v0x13f57ddb0_0;
    %parti/s 11, 52, 7;
    %pad/u 13;
    %jmp/1 T_69.19, 8;
T_69.18 ; End of true expr.
    %pushi/vec4 1, 0, 13;
    %jmp/0 T_69.19, 8;
 ; End of false expr.
    %blend;
T_69.19;
    %store/vec4 v0x13f57e330_0, 0, 13;
    %load/vec4 v0x13f57e330_0;
    %load/vec4 v0x13f57e2a0_0;
    %cmp/s;
    %jmp/0xz  T_69.20, 5;
    %load/vec4 v0x13f57da60_0;
    %load/vec4 v0x13f57d820_0;
    %parti/s 52, 0, 2;
    %concat/vec4; draw_concat_vec4
    %store/vec4 v0x13f57dd20_0, 0, 53;
    %load/vec4 v0x13f57e000_0;
    %load/vec4 v0x13f57ddb0_0;
    %parti/s 52, 0, 2;
    %concat/vec4; draw_concat_vec4
    %store/vec4 v0x13f57dc90_0, 0, 53;
    %load/vec4 v0x13f57d820_0;
    %parti/s 1, 63, 7;
    %store/vec4 v0x13f57eab0_0, 0, 1;
    %load/vec4 v0x13f57e2a0_0;
    %store/vec4 v0x13f57e4c0_0, 0, 13;
    %load/vec4 v0x13f57e2a0_0;
    %load/vec4 v0x13f57e330_0;
    %sub;
    %store/vec4 v0x13f57e8a0_0, 0, 13;
    %jmp T_69.21;
T_69.20 ;
    %load/vec4 v0x13f57e2a0_0;
    %load/vec4 v0x13f57e330_0;
    %cmp/s;
    %jmp/0xz  T_69.22, 5;
    %load/vec4 v0x13f57e000_0;
    %load/vec4 v0x13f57ddb0_0;
    %parti/s 52, 0, 2;
    %concat/vec4; draw_concat_vec4
    %store/vec4 v0x13f57dd20_0, 0, 53;
    %load/vec4 v0x13f57da60_0;
    %load/vec4 v0x13f57d820_0;
    %parti/s 52, 0, 2;
    %concat/vec4; draw_concat_vec4
    %store/vec4 v0x13f57dc90_0, 0, 53;
    %load/vec4 v0x13f57ddb0_0;
    %parti/s 1, 63, 7;
    %store/vec4 v0x13f57eab0_0, 0, 1;
    %load/vec4 v0x13f57e330_0;
    %store/vec4 v0x13f57e4c0_0, 0, 13;
    %load/vec4 v0x13f57e330_0;
    %load/vec4 v0x13f57e2a0_0;
    %sub;
    %store/vec4 v0x13f57e8a0_0, 0, 13;
    %jmp T_69.23;
T_69.22 ;
    %pushi/vec4 0, 0, 13;
    %store/vec4 v0x13f57e8a0_0, 0, 13;
    %load/vec4 v0x13f57e2a0_0;
    %store/vec4 v0x13f57e4c0_0, 0, 13;
    %load/vec4 v0x13f57d820_0;
    %parti/s 1, 63, 7;
    %load/vec4 v0x13f57ddb0_0;
    %parti/s 1, 63, 7;
    %cmp/e;
    %jmp/0xz  T_69.24, 4;
    %load/vec4 v0x13f57d820_0;
    %parti/s 1, 63, 7;
    %store/vec4 v0x13f57eab0_0, 0, 1;
    %load/vec4 v0x13f57da60_0;
    %load/vec4 v0x13f57d820_0;
    %parti/s 52, 0, 2;
    %concat/vec4; draw_concat_vec4
    %store/vec4 v0x13f57dd20_0, 0, 53;
    %load/vec4 v0x13f57e000_0;
    %load/vec4 v0x13f57ddb0_0;
    %parti/s 52, 0, 2;
    %concat/vec4; draw_concat_vec4
    %store/vec4 v0x13f57dc90_0, 0, 53;
    %jmp T_69.25;
T_69.24 ;
    %load/vec4 v0x13f57ddb0_0;
    %parti/s 52, 0, 2;
    %load/vec4 v0x13f57d820_0;
    %parti/s 52, 0, 2;
    %cmp/u;
    %jmp/0xz  T_69.26, 5;
    %load/vec4 v0x13f57d820_0;
    %parti/s 1, 63, 7;
    %store/vec4 v0x13f57eab0_0, 0, 1;
    %load/vec4 v0x13f57da60_0;
    %load/vec4 v0x13f57d820_0;
    %parti/s 52, 0, 2;
    %concat/vec4; draw_concat_vec4
    %store/vec4 v0x13f57dd20_0, 0, 53;
    %load/vec4 v0x13f57e000_0;
    %load/vec4 v0x13f57ddb0_0;
    %parti/s 52, 0, 2;
    %concat/vec4; draw_concat_vec4
    %store/vec4 v0x13f57dc90_0, 0, 53;
    %jmp T_69.27;
T_69.26 ;
    %load/vec4 v0x13f57d820_0;
    %parti/s 52, 0, 2;
    %load/vec4 v0x13f57ddb0_0;
    %parti/s 52, 0, 2;
    %cmp/u;
    %jmp/0xz  T_69.28, 5;
    %load/vec4 v0x13f57ddb0_0;
    %parti/s 1, 63, 7;
    %store/vec4 v0x13f57eab0_0, 0, 1;
    %load/vec4 v0x13f57e000_0;
    %load/vec4 v0x13f57ddb0_0;
    %parti/s 52, 0, 2;
    %concat/vec4; draw_concat_vec4
    %store/vec4 v0x13f57dd20_0, 0, 53;
    %load/vec4 v0x13f57da60_0;
    %load/vec4 v0x13f57d820_0;
    %parti/s 52, 0, 2;
    %concat/vec4; draw_concat_vec4
    %store/vec4 v0x13f57dc90_0, 0, 53;
    %jmp T_69.29;
T_69.28 ;
    %pushi/vec4 0, 0, 1;
    %store/vec4 v0x13f57eab0_0, 0, 1;
    %load/vec4 v0x13f57e000_0;
    %load/vec4 v0x13f57ddb0_0;
    %parti/s 52, 0, 2;
    %concat/vec4; draw_concat_vec4
    %store/vec4 v0x13f57dd20_0, 0, 53;
    %load/vec4 v0x13f57da60_0;
    %load/vec4 v0x13f57d820_0;
    %parti/s 52, 0, 2;
    %concat/vec4; draw_concat_vec4
    %store/vec4 v0x13f57dc90_0, 0, 53;
T_69.29 ;
T_69.27 ;
T_69.25 ;
T_69.23 ;
T_69.21 ;
    %load/vec4 v0x13f57dd20_0;
    %concati/vec4 0, 0, 3;
    %store/vec4 v0x13f57e600_0, 0, 56;
    %load/vec4 v0x13f57dc90_0;
    %concati/vec4 0, 0, 3;
    %store/vec4 v0x13f57e550_0, 0, 56;
    %load/vec4 v0x13f57e8a0_0;
    %pad/s 32;
    %cmpi/e 0, 0, 32;
    %flag_mov 8, 4;
    %jmp/0 T_69.30, 8;
    %pushi/vec4 0, 0, 1;
    %jmp/1 T_69.31, 8;
T_69.30 ; End of true expr.
    %load/vec4 v0x13f57e550_0;
    %pushi/vec4 56, 0, 32;
    %load/vec4 v0x13f57e8a0_0;
    %pad/s 32;
    %sub;
    %ix/vec4 4;
    %shiftl 4;
    %or/r;
    %jmp/0 T_69.31, 8;
 ; End of false expr.
    %blend;
T_69.31;
    %store/vec4 v0x13f57eb50_0, 0, 1;
    %load/vec4 v0x13f57e550_0;
    %load/vec4 v0x13f57e8a0_0;
    %ix/vec4 4;
    %shiftr 4;
    %store/vec4 v0x13f57e550_0, 0, 56;
    %load/vec4 v0x13f57d820_0;
    %parti/s 1, 63, 7;
    %load/vec4 v0x13f57ddb0_0;
    %parti/s 1, 63, 7;
    %cmp/e;
    %jmp/0xz  T_69.32, 4;
    %load/vec4 v0x13f57e600_0;
    %pad/u 57;
    %load/vec4 v0x13f57e550_0;
    %pad/u 57;
    %add;
    %store/vec4 v0x13f57ebf0_0, 0, 57;
    %load/vec4 v0x13f57ebf0_0;
    %parti/s 1, 56, 7;
    %flag_set/vec4 8;
    %jmp/0xz  T_69.34, 8;
    %load/vec4 v0x13f57e4c0_0;
    %addi 1, 0, 13;
    %store/vec4 v0x13f57e4c0_0, 0, 13;
    %load/vec4 v0x13f57eb50_0;
    %load/vec4 v0x13f57ebf0_0;
    %parti/s 1, 0, 2;
    %or;
    %store/vec4 v0x13f57eb50_0, 0, 1;
    %load/vec4 v0x13f57ebf0_0;
    %ix/load 4, 1, 0;
    %flag_set/imm 4, 0;
    %shiftr 4;
    %store/vec4 v0x13f57ebf0_0, 0, 57;
T_69.34 ;
    %load/vec4 v0x13f57ebf0_0;
    %parti/s 1, 2, 3;
    %store/vec4 v0x13f57e6b0_0, 0, 1;
    %load/vec4 v0x13f57ebf0_0;
    %parti/s 1, 1, 2;
    %store/vec4 v0x13f57e800_0, 0, 1;
    %load/vec4 v0x13f57eb50_0;
    %load/vec4 v0x13f57ebf0_0;
    %parti/s 1, 0, 2;
    %or;
    %store/vec4 v0x13f57eb50_0, 0, 1;
    %load/vec4 v0x13f57ebf0_0;
    %parti/s 53, 3, 3;
    %store/vec4 v0x13f57ea00_0, 0, 53;
    %load/vec4 v0x13f57e6b0_0;
    %load/vec4 v0x13f57e800_0;
    %load/vec4 v0x13f57ebf0_0;
    %parti/s 1, 3, 3;
    %or;
    %load/vec4 v0x13f57eb50_0;
    %or;
    %and;
    %flag_set/vec4 8;
    %jmp/0xz  T_69.36, 8;
    %load/vec4 v0x13f57ea00_0;
    %addi 1, 0, 53;
    %store/vec4 v0x13f57ea00_0, 0, 53;
    %load/vec4 v0x13f57ea00_0;
    %cmpi/e 0, 0, 53;
    %jmp/0xz  T_69.38, 4;
    %load/vec4 v0x13f57e4c0_0;
    %addi 1, 0, 13;
    %store/vec4 v0x13f57e4c0_0, 0, 13;
    %pushi/vec4 2147483648, 0, 32;
    %concati/vec4 0, 0, 21;
    %store/vec4 v0x13f57ea00_0, 0, 53;
T_69.38 ;
T_69.36 ;
    %load/vec4 v0x13f57e4c0_0;
    %pad/s 32;
    %cmpi/s 2047, 0, 32;
    %flag_inv 5; GE is !LT
    %jmp/0xz  T_69.40, 5;
    %load/vec4 v0x13f57eab0_0;
    %concati/vec4 2047, 0, 11;
    %concati/vec4 0, 0, 52;
    %store/vec4 v0x13f57e750_0, 0, 64;
    %jmp T_69.41;
T_69.40 ;
    %load/vec4 v0x13f57e4c0_0;
    %pad/s 32;
    %cmpi/s 4294966222, 0, 32;
    %jmp/0xz  T_69.42, 5;
    %load/vec4 v0x13f57eab0_0;
    %concati/vec4 0, 0, 63;
    %store/vec4 v0x13f57e750_0, 0, 64;
    %jmp T_69.43;
T_69.42 ;
    %load/vec4 v0x13f57e4c0_0;
    %pad/s 32;
    %cmpi/s 0, 0, 32;
    %flag_or 5, 4;
    %jmp/0xz  T_69.44, 5;
    %pushi/vec4 1, 0, 13;
    %load/vec4 v0x13f57e4c0_0;
    %sub;
    %store/vec4 v0x13f57e950_0, 0, 13;
    %load/vec4 v0x13f57e950_0;
    %pad/u 32;
    %cmpi/u 53, 0, 32;
    %jmp/0xz  T_69.46, 5;
    %load/vec4 v0x13f57ea00_0;
    %ix/getv 4, v0x13f57e950_0;
    %shiftr 4;
    %store/vec4 v0x13f57ea00_0, 0, 53;
    %load/vec4 v0x13f57eab0_0;
    %concati/vec4 0, 0, 11;
    %load/vec4 v0x13f57ea00_0;
    %parti/s 52, 0, 2;
    %concat/vec4; draw_concat_vec4
    %store/vec4 v0x13f57e750_0, 0, 64;
    %jmp T_69.47;
T_69.46 ;
    %load/vec4 v0x13f57eab0_0;
    %concati/vec4 0, 0, 63;
    %store/vec4 v0x13f57e750_0, 0, 64;
T_69.47 ;
    %jmp T_69.45;
T_69.44 ;
    %load/vec4 v0x13f57eab0_0;
    %load/vec4 v0x13f57e4c0_0;
    %parti/s 11, 0, 2;
    %concat/vec4; draw_concat_vec4
    %load/vec4 v0x13f57ea00_0;
    %parti/s 52, 0, 2;
    %concat/vec4; draw_concat_vec4
    %store/vec4 v0x13f57e750_0, 0, 64;
T_69.45 ;
T_69.43 ;
T_69.41 ;
    %jmp T_69.33;
T_69.32 ;
    %load/vec4 v0x13f57e600_0;
    %pad/u 57;
    %load/vec4 v0x13f57e550_0;
    %pad/u 57;
    %sub;
    %store/vec4 v0x13f57e210_0, 0, 57;
    %load/vec4 v0x13f57e210_0;
    %cmpi/e 0, 0, 57;
    %jmp/0xz  T_69.48, 4;
    %load/vec4 v0x13f57eab0_0;
    %concati/vec4 0, 0, 63;
    %store/vec4 v0x13f57e750_0, 0, 64;
    %jmp T_69.49;
T_69.48 ;
    %load/vec4 v0x13f57e210_0;
    %parti/s 56, 0, 2;
    %store/vec4 v0x13f57d760_0, 0, 56;
    %callf/vec4 TD_tinker_tb.dut.u_fpu1.u_fsub.count_leading_zeros, S_0x13f57d2c0;
    %pad/u 13;
    %store/vec4 v0x13f57e950_0, 0, 13;
    %load/vec4 v0x13f57e950_0;
    %load/vec4 v0x13f57e4c0_0;
    %cmp/u;
    %jmp/0xz  T_69.50, 5;
    %load/vec4 v0x13f57e4c0_0;
    %load/vec4 v0x13f57e950_0;
    %sub;
    %store/vec4 v0x13f57e4c0_0, 0, 13;
    %load/vec4 v0x13f57e210_0;
    %ix/getv 4, v0x13f57e950_0;
    %shiftl 4;
    %store/vec4 v0x13f57e210_0, 0, 57;
    %jmp T_69.51;
T_69.50 ;
    %load/vec4 v0x13f57e210_0;
    %load/vec4 v0x13f57e4c0_0;
    %pad/s 32;
    %subi 1, 0, 32;
    %ix/vec4 4;
    %shiftl 4;
    %store/vec4 v0x13f57e210_0, 0, 57;
    %pushi/vec4 0, 0, 13;
    %store/vec4 v0x13f57e4c0_0, 0, 13;
T_69.51 ;
    %load/vec4 v0x13f57e210_0;
    %parti/s 1, 2, 3;
    %store/vec4 v0x13f57e6b0_0, 0, 1;
    %load/vec4 v0x13f57e210_0;
    %parti/s 1, 1, 2;
    %store/vec4 v0x13f57e800_0, 0, 1;
    %load/vec4 v0x13f57eb50_0;
    %load/vec4 v0x13f57e210_0;
    %parti/s 1, 0, 2;
    %or;
    %store/vec4 v0x13f57eb50_0, 0, 1;
    %load/vec4 v0x13f57e210_0;
    %parti/s 53, 3, 3;
    %store/vec4 v0x13f57ea00_0, 0, 53;
    %load/vec4 v0x13f57e6b0_0;
    %load/vec4 v0x13f57e800_0;
    %load/vec4 v0x13f57e210_0;
    %parti/s 1, 3, 3;
    %or;
    %load/vec4 v0x13f57eb50_0;
    %or;
    %and;
    %flag_set/vec4 8;
    %jmp/0xz  T_69.52, 8;
    %load/vec4 v0x13f57ea00_0;
    %addi 1, 0, 53;
    %store/vec4 v0x13f57ea00_0, 0, 53;
    %load/vec4 v0x13f57ea00_0;
    %cmpi/e 0, 0, 53;
    %jmp/0xz  T_69.54, 4;
    %load/vec4 v0x13f57e4c0_0;
    %addi 1, 0, 13;
    %store/vec4 v0x13f57e4c0_0, 0, 13;
    %pushi/vec4 2147483648, 0, 32;
    %concati/vec4 0, 0, 21;
    %store/vec4 v0x13f57ea00_0, 0, 53;
T_69.54 ;
T_69.52 ;
    %load/vec4 v0x13f57e4c0_0;
    %pad/s 32;
    %cmpi/s 4294966222, 0, 32;
    %jmp/0xz  T_69.56, 5;
    %load/vec4 v0x13f57eab0_0;
    %concati/vec4 0, 0, 63;
    %store/vec4 v0x13f57e750_0, 0, 64;
    %jmp T_69.57;
T_69.56 ;
    %load/vec4 v0x13f57eab0_0;
    %load/vec4 v0x13f57e4c0_0;
    %parti/s 11, 0, 2;
    %concat/vec4; draw_concat_vec4
    %load/vec4 v0x13f57ea00_0;
    %parti/s 52, 0, 2;
    %concat/vec4; draw_concat_vec4
    %store/vec4 v0x13f57e750_0, 0, 64;
T_69.57 ;
T_69.49 ;
T_69.33 ;
T_69.15 ;
T_69.13 ;
T_69.11 ;
T_69.3 ;
T_69.1 ;
    %jmp T_69;
    .thread T_69, $push;
    .scope S_0x13f577ba0;
T_70 ;
    %wait E_0x13f577d70;
    %load/vec4 v0x13f57a230_0;
    %load/vec4 v0x13f57a650_0;
    %or;
    %flag_set/vec4 8;
    %jmp/0xz  T_70.0, 8;
    %pushi/vec4 4293918720, 0, 33;
    %concati/vec4 0, 0, 31;
    %store/vec4 v0x13f57ab70_0, 0, 64;
    %jmp T_70.1;
T_70.0 ;
    %load/vec4 v0x13f57a170_0;
    %load/vec4 v0x13f57a8a0_0;
    %and;
    %load/vec4 v0x13f57a5a0_0;
    %load/vec4 v0x13f57a480_0;
    %and;
    %or;
    %flag_set/vec4 8;
    %jmp/0xz  T_70.2, 8;
    %pushi/vec4 4293918720, 0, 33;
    %concati/vec4 0, 0, 31;
    %store/vec4 v0x13f57ab70_0, 0, 64;
    %jmp T_70.3;
T_70.2 ;
    %load/vec4 v0x13f57a170_0;
    %load/vec4 v0x13f57a8a0_0;
    %inv;
    %and;
    %load/vec4 v0x13f57a480_0;
    %inv;
    %load/vec4 v0x13f57a5a0_0;
    %and;
    %or;
    %flag_set/vec4 8;
    %jmp/0xz  T_70.4, 8;
    %load/vec4 v0x13f57a0c0_0;
    %parti/s 1, 63, 7;
    %load/vec4 v0x13f57a510_0;
    %parti/s 1, 63, 7;
    %xor;
    %concati/vec4 2047, 0, 11;
    %concati/vec4 0, 0, 52;
    %store/vec4 v0x13f57ab70_0, 0, 64;
    %jmp T_70.5;
T_70.4 ;
    %load/vec4 v0x13f57a480_0;
    %load/vec4 v0x13f57a8a0_0;
    %or;
    %flag_set/vec4 8;
    %jmp/0xz  T_70.6, 8;
    %load/vec4 v0x13f57a0c0_0;
    %parti/s 1, 63, 7;
    %load/vec4 v0x13f57a510_0;
    %parti/s 1, 63, 7;
    %xor;
    %concati/vec4 0, 0, 63;
    %store/vec4 v0x13f57ab70_0, 0, 64;
    %jmp T_70.7;
T_70.6 ;
    %pushi/vec4 0, 0, 64;
    %store/vec4 v0x13f57ab70_0, 0, 64;
    %load/vec4 v0x13f57a0c0_0;
    %parti/s 1, 63, 7;
    %load/vec4 v0x13f57a510_0;
    %parti/s 1, 63, 7;
    %xor;
    %ix/load 4, 63, 0;
    %flag_set/imm 4, 0;
    %store/vec4 v0x13f57ab70_0, 4, 1;
    %load/vec4 v0x13f57a300_0;
    %load/vec4 v0x13f57a0c0_0;
    %parti/s 52, 0, 2;
    %concat/vec4; draw_concat_vec4
    %store/vec4 v0x13f57af20_0, 0, 53;
    %load/vec4 v0x13f57a780_0;
    %load/vec4 v0x13f57a510_0;
    %parti/s 52, 0, 2;
    %concat/vec4; draw_concat_vec4
    %store/vec4 v0x13f57afd0_0, 0, 53;
    %load/vec4 v0x13f57a300_0;
    %flag_set/vec4 8;
    %jmp/0xz  T_70.8, 8;
    %load/vec4 v0x13f57a0c0_0;
    %parti/s 11, 52, 7;
    %pad/u 13;
    %subi 1023, 0, 13;
    %store/vec4 v0x13f57a930_0, 0, 13;
    %jmp T_70.9;
T_70.8 ;
    %load/vec4 v0x13f57af20_0;
    %store/vec4 v0x13f57a000_0, 0, 53;
    %callf/vec4 TD_tinker_tb.dut.u_fpu1.u_fmul.count_leading_zeros, S_0x13f579b60;
    %store/vec4 v0x13f57adc0_0, 0, 6;
    %load/vec4 v0x13f57af20_0;
    %ix/getv 4, v0x13f57adc0_0;
    %shiftl 4;
    %store/vec4 v0x13f57af20_0, 0, 53;
    %pushi/vec4 7170, 0, 13;
    %load/vec4 v0x13f57adc0_0;
    %pad/u 13;
    %sub;
    %store/vec4 v0x13f57a930_0, 0, 13;
T_70.9 ;
    %load/vec4 v0x13f57a780_0;
    %flag_set/vec4 8;
    %jmp/0xz  T_70.10, 8;
    %load/vec4 v0x13f57a510_0;
    %parti/s 11, 52, 7;
    %pad/u 13;
    %subi 1023, 0, 13;
    %store/vec4 v0x13f57a9c0_0, 0, 13;
    %jmp T_70.11;
T_70.10 ;
    %load/vec4 v0x13f57afd0_0;
    %store/vec4 v0x13f57a000_0, 0, 53;
    %callf/vec4 TD_tinker_tb.dut.u_fpu1.u_fmul.count_leading_zeros, S_0x13f579b60;
    %store/vec4 v0x13f57adc0_0, 0, 6;
    %load/vec4 v0x13f57afd0_0;
    %ix/getv 4, v0x13f57adc0_0;
    %shiftl 4;
    %store/vec4 v0x13f57afd0_0, 0, 53;
    %pushi/vec4 7170, 0, 13;
    %load/vec4 v0x13f57adc0_0;
    %pad/u 13;
    %sub;
    %store/vec4 v0x13f57a9c0_0, 0, 13;
T_70.11 ;
    %load/vec4 v0x13f57a930_0;
    %load/vec4 v0x13f57a9c0_0;
    %add;
    %addi 1023, 0, 13;
    %store/vec4 v0x13f57aa50_0, 0, 13;
    %load/vec4 v0x13f57af20_0;
    %pad/u 106;
    %load/vec4 v0x13f57afd0_0;
    %pad/u 106;
    %mul;
    %store/vec4 v0x13f57b130_0, 0, 106;
    %load/vec4 v0x13f57b130_0;
    %parti/s 1, 105, 8;
    %flag_set/vec4 8;
    %jmp/0xz  T_70.12, 8;
    %load/vec4 v0x13f57aa50_0;
    %addi 1, 0, 13;
    %store/vec4 v0x13f57aa50_0, 0, 13;
    %load/vec4 v0x13f57b130_0;
    %ix/load 4, 1, 0;
    %flag_set/imm 4, 0;
    %shiftr 4;
    %store/vec4 v0x13f57b130_0, 0, 106;
T_70.12 ;
    %load/vec4 v0x13f57b130_0;
    %parti/s 53, 52, 7;
    %store/vec4 v0x13f57b080_0, 0, 53;
    %load/vec4 v0x13f57b130_0;
    %parti/s 1, 51, 7;
    %store/vec4 v0x13f57aae0_0, 0, 1;
    %load/vec4 v0x13f57b130_0;
    %parti/s 1, 50, 7;
    %store/vec4 v0x13f57ad20_0, 0, 1;
    %load/vec4 v0x13f57b130_0;
    %parti/s 50, 0, 2;
    %or/r;
    %store/vec4 v0x13f57b280_0, 0, 1;
    %load/vec4 v0x13f57aae0_0;
    %load/vec4 v0x13f57ad20_0;
    %load/vec4 v0x13f57b080_0;
    %parti/s 1, 0, 2;
    %or;
    %load/vec4 v0x13f57b280_0;
    %or;
    %and;
    %flag_set/vec4 8;
    %jmp/0xz  T_70.14, 8;
    %load/vec4 v0x13f57b080_0;
    %addi 1, 0, 53;
    %store/vec4 v0x13f57b080_0, 0, 53;
    %load/vec4 v0x13f57b080_0;
    %cmpi/e 0, 0, 53;
    %jmp/0xz  T_70.16, 4;
    %load/vec4 v0x13f57aa50_0;
    %addi 1, 0, 13;
    %store/vec4 v0x13f57aa50_0, 0, 13;
    %pushi/vec4 2147483648, 0, 32;
    %concati/vec4 0, 0, 21;
    %store/vec4 v0x13f57b080_0, 0, 53;
T_70.16 ;
T_70.14 ;
    %load/vec4 v0x13f57a0c0_0;
    %parti/s 1, 63, 7;
    %load/vec4 v0x13f57a510_0;
    %parti/s 1, 63, 7;
    %xor;
    %store/vec4 v0x13f57b1e0_0, 0, 1;
    %load/vec4 v0x13f57aa50_0;
    %pad/s 32;
    %cmpi/s 2047, 0, 32;
    %flag_inv 5; GE is !LT
    %jmp/0xz  T_70.18, 5;
    %load/vec4 v0x13f57b1e0_0;
    %concati/vec4 2047, 0, 11;
    %concati/vec4 0, 0, 52;
    %store/vec4 v0x13f57ab70_0, 0, 64;
    %jmp T_70.19;
T_70.18 ;
    %load/vec4 v0x13f57aa50_0;
    %pad/s 32;
    %cmpi/s 0, 0, 32;
    %flag_or 5, 4;
    %jmp/0xz  T_70.20, 5;
    %pushi/vec4 1, 0, 13;
    %load/vec4 v0x13f57aa50_0;
    %sub;
    %store/vec4 v0x13f57ae70_0, 0, 13;
    %load/vec4 v0x13f57ae70_0;
    %pad/s 32;
    %cmpi/s 53, 0, 32;
    %jmp/0xz  T_70.22, 5;
    %load/vec4 v0x13f57b080_0;
    %load/vec4 v0x13f57ae70_0;
    %ix/vec4 4;
    %shiftr 4;
    %store/vec4 v0x13f57b080_0, 0, 53;
    %load/vec4 v0x13f57b1e0_0;
    %concati/vec4 0, 0, 11;
    %load/vec4 v0x13f57b080_0;
    %parti/s 52, 0, 2;
    %concat/vec4; draw_concat_vec4
    %store/vec4 v0x13f57ab70_0, 0, 64;
    %jmp T_70.23;
T_70.22 ;
    %load/vec4 v0x13f57b1e0_0;
    %concati/vec4 0, 0, 63;
    %store/vec4 v0x13f57ab70_0, 0, 64;
T_70.23 ;
    %jmp T_70.21;
T_70.20 ;
    %load/vec4 v0x13f57b1e0_0;
    %load/vec4 v0x13f57aa50_0;
    %parti/s 11, 0, 2;
    %concat/vec4; draw_concat_vec4
    %load/vec4 v0x13f57b080_0;
    %parti/s 52, 0, 2;
    %concat/vec4; draw_concat_vec4
    %store/vec4 v0x13f57ab70_0, 0, 64;
T_70.21 ;
T_70.19 ;
T_70.7 ;
T_70.5 ;
T_70.3 ;
T_70.1 ;
    %jmp T_70;
    .thread T_70, $push;
    .scope S_0x13f574200;
T_71 ;
    %wait E_0x13f5743d0;
    %load/vec4 v0x13f5766e0_0;
    %parti/s 1, 63, 7;
    %load/vec4 v0x13f576b50_0;
    %parti/s 1, 63, 7;
    %xor;
    %store/vec4 v0x13f577a10_0, 0, 1;
    %load/vec4 v0x13f576850_0;
    %load/vec4 v0x13f576c90_0;
    %or;
    %flag_set/vec4 8;
    %jmp/0xz  T_71.0, 8;
    %pushi/vec4 4293918720, 0, 33;
    %concati/vec4 0, 0, 31;
    %store/vec4 v0x13f577550_0, 0, 64;
    %jmp T_71.1;
T_71.0 ;
    %load/vec4 v0x13f576790_0;
    %load/vec4 v0x13f576be0_0;
    %and;
    %flag_set/vec4 8;
    %jmp/0xz  T_71.2, 8;
    %pushi/vec4 4294443008, 0, 32;
    %concati/vec4 0, 0, 32;
    %store/vec4 v0x13f577550_0, 0, 64;
    %jmp T_71.3;
T_71.2 ;
    %load/vec4 v0x13f576790_0;
    %flag_set/vec4 8;
    %jmp/0xz  T_71.4, 8;
    %load/vec4 v0x13f577a10_0;
    %concati/vec4 2047, 0, 11;
    %concati/vec4 0, 0, 52;
    %store/vec4 v0x13f577550_0, 0, 64;
    %jmp T_71.5;
T_71.4 ;
    %load/vec4 v0x13f576ee0_0;
    %flag_set/vec4 8;
    %jmp/0xz  T_71.6, 8;
    %pushi/vec4 4293918720, 0, 33;
    %concati/vec4 0, 0, 31;
    %store/vec4 v0x13f577550_0, 0, 64;
    %jmp T_71.7;
T_71.6 ;
    %load/vec4 v0x13f576aa0_0;
    %flag_set/vec4 8;
    %jmp/0xz  T_71.8, 8;
    %load/vec4 v0x13f577a10_0;
    %concati/vec4 0, 0, 63;
    %store/vec4 v0x13f577550_0, 0, 64;
    %jmp T_71.9;
T_71.8 ;
    %load/vec4 v0x13f576be0_0;
    %flag_set/vec4 8;
    %jmp/0xz  T_71.10, 8;
    %load/vec4 v0x13f577a10_0;
    %concati/vec4 0, 0, 63;
    %store/vec4 v0x13f577550_0, 0, 64;
    %jmp T_71.11;
T_71.10 ;
    %load/vec4 v0x13f576920_0;
    %load/vec4 v0x13f5766e0_0;
    %parti/s 52, 0, 2;
    %concat/vec4; draw_concat_vec4
    %store/vec4 v0x13f577800_0, 0, 53;
    %load/vec4 v0x13f576dc0_0;
    %load/vec4 v0x13f576b50_0;
    %parti/s 52, 0, 2;
    %concat/vec4; draw_concat_vec4
    %store/vec4 v0x13f5778b0_0, 0, 53;
    %load/vec4 v0x13f576920_0;
    %flag_set/vec4 8;
    %jmp/0xz  T_71.12, 8;
    %load/vec4 v0x13f5766e0_0;
    %parti/s 11, 52, 7;
    %pad/u 13;
    %subi 1023, 0, 13;
    %store/vec4 v0x13f577020_0, 0, 13;
    %jmp T_71.13;
T_71.12 ;
    %load/vec4 v0x13f577800_0;
    %store/vec4 v0x13f576620_0, 0, 53;
    %callf/vec4 TD_tinker_tb.dut.u_fpu1.u_fdiv.count_leading_zeros, S_0x13f576160;
    %store/vec4 v0x13f5776a0_0, 0, 6;
    %load/vec4 v0x13f577800_0;
    %ix/getv 4, v0x13f5776a0_0;
    %shiftl 4;
    %store/vec4 v0x13f577800_0, 0, 53;
    %pushi/vec4 7170, 0, 13;
    %load/vec4 v0x13f5776a0_0;
    %pad/u 13;
    %sub;
    %store/vec4 v0x13f577020_0, 0, 13;
T_71.13 ;
    %load/vec4 v0x13f576dc0_0;
    %flag_set/vec4 8;
    %jmp/0xz  T_71.14, 8;
    %load/vec4 v0x13f576b50_0;
    %parti/s 11, 52, 7;
    %pad/u 13;
    %subi 1023, 0, 13;
    %store/vec4 v0x13f5770b0_0, 0, 13;
    %jmp T_71.15;
T_71.14 ;
    %load/vec4 v0x13f5778b0_0;
    %store/vec4 v0x13f576620_0, 0, 53;
    %callf/vec4 TD_tinker_tb.dut.u_fpu1.u_fdiv.count_leading_zeros, S_0x13f576160;
    %store/vec4 v0x13f5776a0_0, 0, 6;
    %load/vec4 v0x13f5778b0_0;
    %ix/getv 4, v0x13f5776a0_0;
    %shiftl 4;
    %store/vec4 v0x13f5778b0_0, 0, 53;
    %pushi/vec4 7170, 0, 13;
    %load/vec4 v0x13f5776a0_0;
    %pad/u 13;
    %sub;
    %store/vec4 v0x13f5770b0_0, 0, 13;
T_71.15 ;
    %load/vec4 v0x13f577020_0;
    %load/vec4 v0x13f5770b0_0;
    %sub;
    %addi 1023, 0, 13;
    %store/vec4 v0x13f577140_0, 0, 13;
    %load/vec4 v0x13f5778b0_0;
    %store/vec4 v0x13f576f90_0, 0, 53;
    %pushi/vec4 0, 0, 57;
    %store/vec4 v0x13f5773f0_0, 0, 57;
    %pushi/vec4 0, 0, 57;
    %load/vec4 v0x13f577800_0;
    %concat/vec4; draw_concat_vec4
    %store/vec4 v0x13f5774a0_0, 0, 110;
    %pushi/vec4 0, 0, 57;
    %load/vec4 v0x13f576f90_0;
    %concat/vec4; draw_concat_vec4
    %load/vec4 v0x13f5774a0_0;
    %cmp/u;
    %flag_or 5, 4;
    %jmp/0xz  T_71.16, 5;
    %load/vec4 v0x13f5774a0_0;
    %pushi/vec4 0, 0, 57;
    %load/vec4 v0x13f576f90_0;
    %concat/vec4; draw_concat_vec4
    %sub;
    %store/vec4 v0x13f5774a0_0, 0, 110;
    %pushi/vec4 1, 0, 1;
    %ix/load 4, 0, 0;
    %flag_set/imm 4, 0;
    %store/vec4 v0x13f5773f0_0, 4, 1;
T_71.16 ;
    %pushi/vec4 0, 0, 32;
    %store/vec4 v0x13f577360_0, 0, 32;
T_71.18 ; Top of for-loop
    %load/vec4 v0x13f577360_0;
    %cmpi/s 56, 0, 32;
	  %jmp/0xz T_71.19, 5;
    %load/vec4 v0x13f5774a0_0;
    %ix/load 4, 1, 0;
    %flag_set/imm 4, 0;
    %shiftl 4;
    %store/vec4 v0x13f5774a0_0, 0, 110;
    %load/vec4 v0x13f5773f0_0;
    %ix/load 4, 1, 0;
    %flag_set/imm 4, 0;
    %shiftl 4;
    %store/vec4 v0x13f5773f0_0, 0, 57;
    %pushi/vec4 0, 0, 57;
    %load/vec4 v0x13f576f90_0;
    %concat/vec4; draw_concat_vec4
    %load/vec4 v0x13f5774a0_0;
    %cmp/u;
    %flag_or 5, 4;
    %jmp/0xz  T_71.21, 5;
    %load/vec4 v0x13f5774a0_0;
    %pushi/vec4 0, 0, 57;
    %load/vec4 v0x13f576f90_0;
    %concat/vec4; draw_concat_vec4
    %sub;
    %store/vec4 v0x13f5774a0_0, 0, 110;
    %pushi/vec4 1, 0, 1;
    %ix/load 4, 0, 0;
    %flag_set/imm 4, 0;
    %store/vec4 v0x13f5773f0_0, 4, 1;
T_71.21 ;
T_71.20 ; for-loop step statement
    %load/vec4 v0x13f577360_0;
    %addi 1, 0, 32;
    %store/vec4 v0x13f577360_0, 0, 32;
    %jmp T_71.18;
T_71.19 ; for-loop exit label
    %load/vec4 v0x13f5773f0_0;
    %parti/s 1, 56, 7;
    %flag_set/vec4 8;
    %jmp/0xz  T_71.23, 8;
    %load/vec4 v0x13f5773f0_0;
    %parti/s 1, 0, 2;
    %load/vec4 v0x13f5774a0_0;
    %pushi/vec4 0, 0, 110;
    %cmp/ne;
    %flag_get/vec4 4;
    %or;
    %store/vec4 v0x13f577ab0_0, 0, 1;
    %load/vec4 v0x13f5773f0_0;
    %ix/load 4, 1, 0;
    %flag_set/imm 4, 0;
    %shiftr 4;
    %store/vec4 v0x13f5773f0_0, 0, 57;
    %jmp T_71.24;
T_71.23 ;
    %load/vec4 v0x13f577140_0;
    %subi 1, 0, 13;
    %store/vec4 v0x13f577140_0, 0, 13;
    %load/vec4 v0x13f5774a0_0;
    %pushi/vec4 0, 0, 110;
    %cmp/ne;
    %flag_get/vec4 4;
    %store/vec4 v0x13f577ab0_0, 0, 1;
T_71.24 ;
    %load/vec4 v0x13f5773f0_0;
    %parti/s 1, 2, 3;
    %store/vec4 v0x13f5771d0_0, 0, 1;
    %load/vec4 v0x13f5773f0_0;
    %parti/s 1, 1, 2;
    %store/vec4 v0x13f577600_0, 0, 1;
    %load/vec4 v0x13f577ab0_0;
    %load/vec4 v0x13f5773f0_0;
    %parti/s 1, 0, 2;
    %or;
    %store/vec4 v0x13f577ab0_0, 0, 1;
    %load/vec4 v0x13f5773f0_0;
    %parti/s 53, 3, 3;
    %store/vec4 v0x13f577960_0, 0, 53;
    %load/vec4 v0x13f5771d0_0;
    %load/vec4 v0x13f577600_0;
    %load/vec4 v0x13f577960_0;
    %parti/s 1, 0, 2;
    %or;
    %load/vec4 v0x13f577ab0_0;
    %or;
    %and;
    %flag_set/vec4 8;
    %jmp/0xz  T_71.25, 8;
    %load/vec4 v0x13f577960_0;
    %addi 1, 0, 53;
    %store/vec4 v0x13f577960_0, 0, 53;
    %load/vec4 v0x13f577960_0;
    %cmpi/e 0, 0, 53;
    %jmp/0xz  T_71.27, 4;
    %load/vec4 v0x13f577140_0;
    %addi 1, 0, 13;
    %store/vec4 v0x13f577140_0, 0, 13;
    %pushi/vec4 2147483648, 0, 32;
    %concati/vec4 0, 0, 21;
    %store/vec4 v0x13f577960_0, 0, 53;
T_71.27 ;
T_71.25 ;
    %load/vec4 v0x13f577140_0;
    %pad/s 32;
    %cmpi/s 2047, 0, 32;
    %flag_inv 5; GE is !LT
    %jmp/0xz  T_71.29, 5;
    %load/vec4 v0x13f577a10_0;
    %concati/vec4 2047, 0, 11;
    %concati/vec4 0, 0, 52;
    %store/vec4 v0x13f577550_0, 0, 64;
    %jmp T_71.30;
T_71.29 ;
    %load/vec4 v0x13f577140_0;
    %pad/s 32;
    %cmpi/s 4294966222, 0, 32;
    %jmp/0xz  T_71.31, 5;
    %load/vec4 v0x13f577a10_0;
    %concati/vec4 0, 0, 63;
    %store/vec4 v0x13f577550_0, 0, 64;
    %jmp T_71.32;
T_71.31 ;
    %load/vec4 v0x13f577140_0;
    %pad/s 32;
    %cmpi/s 0, 0, 32;
    %flag_or 5, 4;
    %jmp/0xz  T_71.33, 5;
    %pushi/vec4 1, 0, 13;
    %load/vec4 v0x13f577140_0;
    %sub;
    %store/vec4 v0x13f577750_0, 0, 13;
    %load/vec4 v0x13f577750_0;
    %pad/s 32;
    %cmpi/s 53, 0, 32;
    %jmp/0xz  T_71.35, 5;
    %load/vec4 v0x13f577960_0;
    %load/vec4 v0x13f577750_0;
    %ix/vec4 4;
    %shiftr 4;
    %store/vec4 v0x13f577960_0, 0, 53;
    %load/vec4 v0x13f577a10_0;
    %concati/vec4 0, 0, 11;
    %load/vec4 v0x13f577960_0;
    %parti/s 52, 0, 2;
    %concat/vec4; draw_concat_vec4
    %store/vec4 v0x13f577550_0, 0, 64;
    %jmp T_71.36;
T_71.35 ;
    %load/vec4 v0x13f577a10_0;
    %concati/vec4 0, 0, 63;
    %store/vec4 v0x13f577550_0, 0, 64;
T_71.36 ;
    %jmp T_71.34;
T_71.33 ;
    %load/vec4 v0x13f577a10_0;
    %load/vec4 v0x13f577140_0;
    %parti/s 11, 0, 2;
    %concat/vec4; draw_concat_vec4
    %load/vec4 v0x13f577960_0;
    %parti/s 52, 0, 2;
    %concat/vec4; draw_concat_vec4
    %store/vec4 v0x13f577550_0, 0, 64;
T_71.34 ;
T_71.32 ;
T_71.30 ;
T_71.11 ;
T_71.9 ;
T_71.7 ;
T_71.5 ;
T_71.3 ;
T_71.1 ;
    %jmp T_71;
    .thread T_71, $push;
    .scope S_0x13f570370;
T_72 ;
    %wait E_0x13f570790;
    %load/vec4 v0x13f57fb50_0;
    %dup/vec4;
    %pushi/vec4 20, 0, 5;
    %cmp/u;
    %jmp/1 T_72.0, 6;
    %dup/vec4;
    %pushi/vec4 21, 0, 5;
    %cmp/u;
    %jmp/1 T_72.1, 6;
    %dup/vec4;
    %pushi/vec4 22, 0, 5;
    %cmp/u;
    %jmp/1 T_72.2, 6;
    %dup/vec4;
    %pushi/vec4 23, 0, 5;
    %cmp/u;
    %jmp/1 T_72.3, 6;
    %pushi/vec4 0, 0, 64;
    %store/vec4 v0x13f57fbe0_0, 0, 64;
    %jmp T_72.5;
T_72.0 ;
    %load/vec4 v0x13f57f1e0_0;
    %store/vec4 v0x13f57fbe0_0, 0, 64;
    %jmp T_72.5;
T_72.1 ;
    %load/vec4 v0x13f57f4c0_0;
    %store/vec4 v0x13f57fbe0_0, 0, 64;
    %jmp T_72.5;
T_72.2 ;
    %load/vec4 v0x13f57f430_0;
    %store/vec4 v0x13f57fbe0_0, 0, 64;
    %jmp T_72.5;
T_72.3 ;
    %load/vec4 v0x13f57f310_0;
    %store/vec4 v0x13f57fbe0_0, 0, 64;
    %jmp T_72.5;
T_72.5 ;
    %pop/vec4 1;
    %jmp T_72;
    .thread T_72, $push;
    .scope S_0x13f570370;
T_73 ;
    %wait E_0x13f54f620;
    %load/vec4 v0x13f57f750_0;
    %flag_set/vec4 8;
    %jmp/0xz  T_73.0, 8;
    %pushi/vec4 0, 0, 1;
    %assign/vec4 v0x13f580050_0, 0;
    %pushi/vec4 0, 0, 1;
    %assign/vec4 v0x13f580290_0, 0;
    %jmp T_73.1;
T_73.0 ;
    %load/vec4 v0x13f57f3a0_0;
    %flag_set/vec4 8;
    %jmp/0xz  T_73.2, 8;
    %pushi/vec4 0, 0, 1;
    %assign/vec4 v0x13f580050_0, 0;
    %pushi/vec4 0, 0, 1;
    %assign/vec4 v0x13f580290_0, 0;
    %jmp T_73.3;
T_73.2 ;
    %load/vec4 v0x13f57ef30_0;
    %flag_set/vec4 8;
    %jmp/0xz  T_73.4, 8;
    %load/vec4 v0x13f580050_0;
    %assign/vec4 v0x13f580290_0, 0;
    %load/vec4 v0x13f57fac0_0;
    %assign/vec4 v0x13f5800e0_0, 0;
    %load/vec4 v0x13f57fc80_0;
    %assign/vec4 v0x13f580200_0, 0;
    %load/vec4 v0x13f57fbe0_0;
    %assign/vec4 v0x13f580170_0, 0;
    %load/vec4 v0x13f580640_0;
    %assign/vec4 v0x13f580050_0, 0;
    %load/vec4 v0x13f57f570_0;
    %assign/vec4 v0x13f57fb50_0, 0;
    %load/vec4 v0x13f580320_0;
    %assign/vec4 v0x13f57fd30_0, 0;
    %load/vec4 v0x13f57f800_0;
    %assign/vec4 v0x13f57fed0_0, 0;
    %load/vec4 v0x13f57f090_0;
    %assign/vec4 v0x13f57fac0_0, 0;
    %load/vec4 v0x13f57f9a0_0;
    %assign/vec4 v0x13f57fc80_0, 0;
    %jmp T_73.5;
T_73.4 ;
    %load/vec4 v0x13f580050_0;
    %nor/r;
    %flag_set/vec4 8;
    %jmp/0xz  T_73.6, 8;
    %load/vec4 v0x13f580640_0;
    %assign/vec4 v0x13f580050_0, 0;
    %load/vec4 v0x13f57f570_0;
    %assign/vec4 v0x13f57fb50_0, 0;
    %load/vec4 v0x13f580320_0;
    %assign/vec4 v0x13f57fd30_0, 0;
    %load/vec4 v0x13f57f800_0;
    %assign/vec4 v0x13f57fed0_0, 0;
    %load/vec4 v0x13f57f090_0;
    %assign/vec4 v0x13f57fac0_0, 0;
    %load/vec4 v0x13f57f9a0_0;
    %assign/vec4 v0x13f57fc80_0, 0;
T_73.6 ;
T_73.5 ;
T_73.3 ;
T_73.1 ;
    %jmp T_73;
    .thread T_73;
    .scope S_0x13f5835d0;
T_74 ;
    %wait E_0x13f583eb0;
    %pushi/vec4 0, 0, 1;
    %store/vec4 v0x13f586350_0, 0, 1;
    %pushi/vec4 0, 0, 3;
    %store/vec4 v0x13f5861f0_0, 0, 3;
    %pushi/vec4 0, 0, 1;
    %store/vec4 v0x13f5863f0_0, 0, 1;
    %pushi/vec4 0, 0, 3;
    %store/vec4 v0x13f5862a0_0, 0, 3;
    %pushi/vec4 0, 0, 32;
    %store/vec4 v0x13f5848f0_0, 0, 32;
T_74.0 ; Top of for-loop
    %load/vec4 v0x13f5848f0_0;
    %cmpi/s 8, 0, 32;
	  %jmp/0xz T_74.1, 5;
    %load/vec4 v0x13f5865f0_0;
    %load/vec4 v0x13f5848f0_0;
    %part/s 1;
    %nor/r;
    %flag_set/vec4 8;
    %jmp/0xz  T_74.3, 8;
    %load/vec4 v0x13f586350_0;
    %nor/r;
    %flag_set/vec4 8;
    %jmp/0xz  T_74.5, 8;
    %pushi/vec4 1, 0, 1;
    %store/vec4 v0x13f586350_0, 0, 1;
    %load/vec4 v0x13f5848f0_0;
    %parti/s 3, 0, 2;
    %store/vec4 v0x13f5861f0_0, 0, 3;
    %jmp T_74.6;
T_74.5 ;
    %load/vec4 v0x13f5863f0_0;
    %nor/r;
    %flag_set/vec4 8;
    %jmp/0xz  T_74.7, 8;
    %pushi/vec4 1, 0, 1;
    %store/vec4 v0x13f5863f0_0, 0, 1;
    %load/vec4 v0x13f5848f0_0;
    %parti/s 3, 0, 2;
    %store/vec4 v0x13f5862a0_0, 0, 3;
T_74.7 ;
T_74.6 ;
T_74.3 ;
T_74.2 ; for-loop step statement
    %load/vec4 v0x13f5848f0_0;
    %addi 1, 0, 32;
    %store/vec4 v0x13f5848f0_0, 0, 32;
    %jmp T_74.0;
T_74.1 ; for-loop exit label
    %pushi/vec4 0, 0, 1;
    %store/vec4 v0x13f587720_0, 0, 1;
    %pushi/vec4 0, 0, 3;
    %store/vec4 v0x13f5875c0_0, 0, 3;
    %pushi/vec4 0, 0, 1;
    %store/vec4 v0x13f5877c0_0, 0, 1;
    %pushi/vec4 0, 0, 3;
    %store/vec4 v0x13f587670_0, 0, 3;
    %pushi/vec4 0, 0, 32;
    %store/vec4 v0x13f5848f0_0, 0, 32;
T_74.9 ; Top of for-loop
    %load/vec4 v0x13f5848f0_0;
    %cmpi/s 8, 0, 32;
	  %jmp/0xz T_74.10, 5;
    %load/vec4 v0x13f5879c0_0;
    %load/vec4 v0x13f5848f0_0;
    %part/s 1;
    %nor/r;
    %flag_set/vec4 8;
    %jmp/0xz  T_74.12, 8;
    %load/vec4 v0x13f587720_0;
    %nor/r;
    %flag_set/vec4 8;
    %jmp/0xz  T_74.14, 8;
    %pushi/vec4 1, 0, 1;
    %store/vec4 v0x13f587720_0, 0, 1;
    %load/vec4 v0x13f5848f0_0;
    %parti/s 3, 0, 2;
    %store/vec4 v0x13f5875c0_0, 0, 3;
    %jmp T_74.15;
T_74.14 ;
    %load/vec4 v0x13f5877c0_0;
    %nor/r;
    %flag_set/vec4 8;
    %jmp/0xz  T_74.16, 8;
    %pushi/vec4 1, 0, 1;
    %store/vec4 v0x13f5877c0_0, 0, 1;
    %load/vec4 v0x13f5848f0_0;
    %parti/s 3, 0, 2;
    %store/vec4 v0x13f587670_0, 0, 3;
T_74.16 ;
T_74.15 ;
T_74.12 ;
T_74.11 ; for-loop step statement
    %load/vec4 v0x13f5848f0_0;
    %addi 1, 0, 32;
    %store/vec4 v0x13f5848f0_0, 0, 32;
    %jmp T_74.9;
T_74.10 ; for-loop exit label
    %jmp T_74;
    .thread T_74, $push;
    .scope S_0x13f5835d0;
T_75 ;
    %wait E_0x13f583dd0;
    %pushi/vec4 0, 0, 3;
    %store/vec4 v0x13f5859a0_0, 0, 3;
    %pushi/vec4 0, 0, 1;
    %store/vec4 v0x13f585ac0_0, 0, 1;
    %pushi/vec4 31, 0, 5;
    %store/vec4 v0x13f585a30_0, 0, 5;
    %pushi/vec4 0, 0, 32;
    %store/vec4 v0x13f585be0_0, 0, 32;
T_75.0 ; Top of for-loop
    %load/vec4 v0x13f585be0_0;
    %cmpi/s 8, 0, 32;
	  %jmp/0xz T_75.1, 5;
    %load/vec4 v0x13f5865f0_0;
    %load/vec4 v0x13f585be0_0;
    %part/s 1;
    %flag_set/vec4 9;
    %flag_get/vec4 9;
    %jmp/0 T_75.5, 9;
    %load/vec4 v0x13f5860a0_0;
    %load/vec4 v0x13f585be0_0;
    %part/s 1;
    %and;
T_75.5;
    %flag_set/vec4 8;
    %jmp/0xz  T_75.3, 8;
    %ix/getv/s 4, v0x13f585be0_0;
    %load/vec4a v0x13f586490, 4;
    %load/vec4 v0x13f586c30_0;
    %sub;
    %pushi/vec4 31, 0, 5;
    %and;
    %store/vec4 v0x13f585230_0, 0, 5;
    %load/vec4 v0x13f585ac0_0;
    %nor/r;
    %flag_set/vec4 8;
    %jmp/1 T_75.8, 8;
    %load/vec4 v0x13f585230_0;
    %load/vec4 v0x13f585a30_0;
    %cmp/u;
    %flag_or 8, 5;
T_75.8;
    %jmp/0xz  T_75.6, 8;
    %load/vec4 v0x13f585be0_0;
    %parti/s 3, 0, 2;
    %store/vec4 v0x13f5859a0_0, 0, 3;
    %pushi/vec4 1, 0, 1;
    %store/vec4 v0x13f585ac0_0, 0, 1;
    %load/vec4 v0x13f585230_0;
    %store/vec4 v0x13f585a30_0, 0, 5;
T_75.6 ;
T_75.3 ;
T_75.2 ; for-loop step statement
    %load/vec4 v0x13f585be0_0;
    %addi 1, 0, 32;
    %store/vec4 v0x13f585be0_0, 0, 32;
    %jmp T_75.0;
T_75.1 ; for-loop exit label
    %jmp T_75;
    .thread T_75, $push;
    .scope S_0x13f5835d0;
T_76 ;
    %wait E_0x13f583c30;
    %pushi/vec4 0, 0, 1;
    %store/vec4 v0x13f584e40_0, 0, 1;
    %pushi/vec4 0, 0, 5;
    %store/vec4 v0x13f584c60_0, 0, 5;
    %pushi/vec4 0, 0, 1;
    %store/vec4 v0x13f584da0_0, 0, 1;
    %pushi/vec4 0, 0, 64;
    %store/vec4 v0x13f584cf0_0, 0, 64;
    %pushi/vec4 0, 0, 1;
    %store/vec4 v0x13f584ee0_0, 0, 1;
    %load/vec4 v0x13f585ac0_0;
    %flag_set/vec4 8;
    %jmp/0xz  T_76.0, 8;
    %pushi/vec4 0, 0, 32;
    %store/vec4 v0x13f5857d0_0, 0, 32;
T_76.2 ; Top of for-loop
    %load/vec4 v0x13f5857d0_0;
    %cmpi/s 8, 0, 32;
	  %jmp/0xz T_76.3, 5;
    %load/vec4 v0x13f5879c0_0;
    %load/vec4 v0x13f5857d0_0;
    %part/s 1;
    %flag_set/vec4 10;
    %flag_get/vec4 10;
    %jmp/0 T_76.8, 10;
    %load/vec4 v0x13f587050_0;
    %load/vec4 v0x13f5857d0_0;
    %part/s 1;
    %and;
T_76.8;
    %flag_set/vec4 9;
    %flag_get/vec4 9;
    %jmp/0 T_76.7, 9;
    %ix/getv/s 4, v0x13f5857d0_0;
    %load/vec4a v0x13f586ef0, 4;
    %load/vec4 v0x13f5859a0_0;
    %pad/u 5;
    %ix/vec4 4;
    %load/vec4a v0x13f585f60, 4;
    %cmp/e;
    %flag_get/vec4 4;
    %and;
T_76.7;
    %flag_set/vec4 8;
    %jmp/0xz  T_76.5, 8;
    %ix/getv/s 4, v0x13f5857d0_0;
    %load/vec4a v0x13f587860, 4;
    %load/vec4 v0x13f586c30_0;
    %sub;
    %pushi/vec4 31, 0, 5;
    %and;
    %store/vec4 v0x13f587100_0, 0, 5;
    %load/vec4 v0x13f587100_0;
    %load/vec4 v0x13f585a30_0;
    %cmp/u;
    %jmp/0xz  T_76.9, 5;
    %load/vec4 v0x13f584e40_0;
    %nor/r;
    %flag_set/vec4 8;
    %jmp/1 T_76.13, 8;
    %load/vec4 v0x13f584c60_0;
    %load/vec4 v0x13f587100_0;
    %cmp/u;
    %flag_or 8, 5;
T_76.13;
    %jmp/0xz  T_76.11, 8;
    %pushi/vec4 1, 0, 1;
    %store/vec4 v0x13f584e40_0, 0, 1;
    %load/vec4 v0x13f587100_0;
    %store/vec4 v0x13f584c60_0, 0, 5;
    %load/vec4 v0x13f587470_0;
    %load/vec4 v0x13f5857d0_0;
    %part/s 1;
    %store/vec4 v0x13f584da0_0, 0, 1;
    %ix/getv/s 4, v0x13f5857d0_0;
    %load/vec4a v0x13f587310, 4;
    %store/vec4 v0x13f584cf0_0, 0, 64;
T_76.11 ;
T_76.9 ;
T_76.5 ;
T_76.4 ; for-loop step statement
    %load/vec4 v0x13f5857d0_0;
    %addi 1, 0, 32;
    %store/vec4 v0x13f5857d0_0, 0, 32;
    %jmp T_76.2;
T_76.3 ; for-loop exit label
    %load/vec4 v0x13f584e40_0;
    %flag_set/vec4 9;
    %flag_get/vec4 9;
    %jmp/0 T_76.16, 9;
    %load/vec4 v0x13f584da0_0;
    %nor/r;
    %and;
T_76.16;
    %flag_set/vec4 8;
    %jmp/0xz  T_76.14, 8;
    %pushi/vec4 1, 0, 1;
    %store/vec4 v0x13f584ee0_0, 0, 1;
T_76.14 ;
T_76.0 ;
    %jmp T_76;
    .thread T_76, $push;
    .scope S_0x13f5835d0;
T_77 ;
    %wait E_0x13f583b70;
    %pushi/vec4 0, 0, 1;
    %store/vec4 v0x13f586800_0, 0, 1;
    %pushi/vec4 0, 0, 64;
    %store/vec4 v0x13f5866a0_0, 0, 64;
    %load/vec4 v0x13f585390_0;
    %flag_set/vec4 9;
    %flag_get/vec4 9;
    %jmp/0 T_77.2, 9;
    %load/vec4 v0x13f585b50_0;
    %nor/r;
    %and;
T_77.2;
    %flag_set/vec4 8;
    %jmp/0xz  T_77.0, 8;
    %pushi/vec4 1, 0, 1;
    %store/vec4 v0x13f586800_0, 0, 1;
    %load/vec4 v0x13f5859a0_0;
    %pad/u 5;
    %ix/vec4 4;
    %load/vec4a v0x13f585f60, 4;
    %store/vec4 v0x13f5866a0_0, 0, 64;
T_77.0 ;
    %jmp T_77;
    .thread T_77, $push;
    .scope S_0x13f5835d0;
T_78 ;
    %wait E_0x13f580b30;
    %pushi/vec4 0, 0, 3;
    %store/vec4 v0x13f585670_0, 0, 3;
    %pushi/vec4 0, 0, 1;
    %store/vec4 v0x13f586e40_0, 0, 1;
    %pushi/vec4 31, 0, 5;
    %store/vec4 v0x13f586ce0_0, 0, 5;
    %pushi/vec4 0, 0, 32;
    %store/vec4 v0x13f585720_0, 0, 32;
T_78.0 ; Top of for-loop
    %load/vec4 v0x13f585720_0;
    %cmpi/s 8, 0, 32;
	  %jmp/0xz T_78.1, 5;
    %load/vec4 v0x13f5879c0_0;
    %load/vec4 v0x13f585720_0;
    %part/s 1;
    %flag_set/vec4 11;
    %flag_get/vec4 11;
    %jmp/0 T_78.7, 11;
    %load/vec4 v0x13f587050_0;
    %load/vec4 v0x13f585720_0;
    %part/s 1;
    %and;
T_78.7;
    %flag_set/vec4 10;
    %flag_get/vec4 10;
    %jmp/0 T_78.6, 10;
    %load/vec4 v0x13f587470_0;
    %load/vec4 v0x13f585720_0;
    %part/s 1;
    %and;
T_78.6;
    %flag_set/vec4 9;
    %flag_get/vec4 9;
    %jmp/0 T_78.5, 9;
    %load/vec4 v0x13f587260_0;
    %load/vec4 v0x13f585720_0;
    %part/s 1;
    %nor/r;
    %and;
T_78.5;
    %flag_set/vec4 8;
    %jmp/0xz  T_78.3, 8;
    %ix/getv/s 4, v0x13f585720_0;
    %load/vec4a v0x13f587860, 4;
    %load/vec4 v0x13f586c30_0;
    %sub;
    %pushi/vec4 31, 0, 5;
    %and;
    %store/vec4 v0x13f586d90_0, 0, 5;
    %load/vec4 v0x13f586e40_0;
    %nor/r;
    %flag_set/vec4 8;
    %jmp/1 T_78.10, 8;
    %load/vec4 v0x13f586d90_0;
    %load/vec4 v0x13f586ce0_0;
    %cmp/u;
    %flag_or 8, 5;
T_78.10;
    %jmp/0xz  T_78.8, 8;
    %load/vec4 v0x13f585720_0;
    %parti/s 3, 0, 2;
    %store/vec4 v0x13f585670_0, 0, 3;
    %pushi/vec4 1, 0, 1;
    %store/vec4 v0x13f586e40_0, 0, 1;
    %load/vec4 v0x13f586d90_0;
    %store/vec4 v0x13f586ce0_0, 0, 5;
T_78.8 ;
T_78.3 ;
T_78.2 ; for-loop step statement
    %load/vec4 v0x13f585720_0;
    %addi 1, 0, 32;
    %store/vec4 v0x13f585720_0, 0, 32;
    %jmp T_78.0;
T_78.1 ; for-loop exit label
    %jmp T_78;
    .thread T_78, $push;
    .scope S_0x13f5835d0;
T_79 ;
    %wait E_0x13f580ae0;
    %pushi/vec4 0, 0, 3;
    %store/vec4 v0x13f588b20_0, 0, 3;
    %pushi/vec4 0, 0, 1;
    %store/vec4 v0x13f588a80_0, 0, 1;
    %pushi/vec4 31, 0, 5;
    %store/vec4 v0x13f588940_0, 0, 5;
    %pushi/vec4 0, 0, 1;
    %store/vec4 v0x13f586a00_0, 0, 1;
    %pushi/vec4 0, 0, 64;
    %store/vec4 v0x13f5868a0_0, 0, 64;
    %pushi/vec4 0, 0, 64;
    %store/vec4 v0x13f586950_0, 0, 64;
    %pushi/vec4 0, 0, 32;
    %store/vec4 v0x13f588bd0_0, 0, 32;
T_79.0 ; Top of for-loop
    %load/vec4 v0x13f588bd0_0;
    %cmpi/s 8, 0, 32;
	  %jmp/0xz T_79.1, 5;
    %load/vec4 v0x13f5879c0_0;
    %load/vec4 v0x13f588bd0_0;
    %part/s 1;
    %flag_set/vec4 9;
    %flag_get/vec4 9;
    %jmp/0 T_79.5, 9;
    %load/vec4 v0x13f5871b0_0;
    %load/vec4 v0x13f588bd0_0;
    %part/s 1;
    %and;
T_79.5;
    %flag_set/vec4 8;
    %jmp/0xz  T_79.3, 8;
    %ix/getv/s 4, v0x13f588bd0_0;
    %load/vec4a v0x13f587860, 4;
    %load/vec4 v0x13f586c30_0;
    %sub;
    %pushi/vec4 31, 0, 5;
    %and;
    %store/vec4 v0x13f5889d0_0, 0, 5;
    %load/vec4 v0x13f588a80_0;
    %nor/r;
    %flag_set/vec4 8;
    %jmp/1 T_79.8, 8;
    %load/vec4 v0x13f5889d0_0;
    %load/vec4 v0x13f588940_0;
    %cmp/u;
    %flag_or 8, 5;
T_79.8;
    %jmp/0xz  T_79.6, 8;
    %load/vec4 v0x13f588bd0_0;
    %parti/s 3, 0, 2;
    %store/vec4 v0x13f588b20_0, 0, 3;
    %pushi/vec4 1, 0, 1;
    %store/vec4 v0x13f588a80_0, 0, 1;
    %load/vec4 v0x13f5889d0_0;
    %store/vec4 v0x13f588940_0, 0, 5;
T_79.6 ;
T_79.3 ;
T_79.2 ; for-loop step statement
    %load/vec4 v0x13f588bd0_0;
    %addi 1, 0, 32;
    %store/vec4 v0x13f588bd0_0, 0, 32;
    %jmp T_79.0;
T_79.1 ; for-loop exit label
    %load/vec4 v0x13f588a80_0;
    %flag_set/vec4 8;
    %jmp/0xz  T_79.9, 8;
    %pushi/vec4 1, 0, 1;
    %store/vec4 v0x13f586a00_0, 0, 1;
    %load/vec4 v0x13f588b20_0;
    %pad/u 5;
    %ix/vec4 4;
    %load/vec4a v0x13f586ef0, 4;
    %store/vec4 v0x13f5868a0_0, 0, 64;
    %load/vec4 v0x13f588b20_0;
    %pad/u 5;
    %ix/vec4 4;
    %load/vec4a v0x13f587310, 4;
    %store/vec4 v0x13f586950_0, 0, 64;
T_79.9 ;
    %jmp T_79;
    .thread T_79, $push;
    .scope S_0x13f5835d0;
T_80 ;
    %wait E_0x13f54f620;
    %load/vec4 v0x13f586aa0_0;
    %flag_set/vec4 8;
    %jmp/0xz  T_80.0, 8;
    %pushi/vec4 0, 0, 8;
    %assign/vec4 v0x13f5865f0_0, 0;
    %pushi/vec4 0, 0, 8;
    %assign/vec4 v0x13f5860a0_0, 0;
    %pushi/vec4 0, 0, 8;
    %assign/vec4 v0x13f5879c0_0, 0;
    %pushi/vec4 0, 0, 8;
    %assign/vec4 v0x13f587050_0, 0;
    %pushi/vec4 0, 0, 8;
    %assign/vec4 v0x13f587470_0, 0;
    %pushi/vec4 0, 0, 8;
    %assign/vec4 v0x13f5871b0_0, 0;
    %pushi/vec4 0, 0, 8;
    %assign/vec4 v0x13f587260_0, 0;
    %pushi/vec4 0, 0, 1;
    %assign/vec4 v0x13f585eb0_0, 0;
    %pushi/vec4 0, 0, 1;
    %assign/vec4 v0x13f588890_0, 0;
    %jmp T_80.1;
T_80.0 ;
    %pushi/vec4 0, 0, 32;
    %store/vec4 v0x13f584f80_0, 0, 32;
T_80.2 ; Top of for-loop
    %load/vec4 v0x13f584f80_0;
    %cmpi/s 8, 0, 32;
	  %jmp/0xz T_80.3, 5;
    %load/vec4 v0x13f5879c0_0;
    %load/vec4 v0x13f584f80_0;
    %part/s 1;
    %flag_set/vec4 9;
    %flag_get/vec4 9;
    %jmp/0 T_80.7, 9;
    %load/vec4 v0x13f587470_0;
    %load/vec4 v0x13f584f80_0;
    %part/s 1;
    %nor/r;
    %and;
T_80.7;
    %flag_set/vec4 8;
    %jmp/0xz  T_80.5, 8;
    %load/vec4 v0x13f5843d0_0;
    %flag_set/vec4 9;
    %flag_get/vec4 9;
    %jmp/0 T_80.10, 9;
    %load/vec4 v0x13f584280_0;
    %ix/getv/s 4, v0x13f584f80_0;
    %load/vec4a v0x13f587520, 4;
    %cmp/e;
    %flag_get/vec4 4;
    %and;
T_80.10;
    %flag_set/vec4 8;
    %jmp/0xz  T_80.8, 8;
    %load/vec4 v0x13f5845b0_0;
    %ix/getv/s 3, v0x13f584f80_0;
    %ix/load 4, 0, 0; Constant delay
    %assign/vec4/a/d v0x13f587310, 0, 4;
    %pushi/vec4 1, 0, 1;
    %ix/load 5, 0, 0;
    %ix/getv/s 4, v0x13f584f80_0;
    %assign/vec4/off/d v0x13f587470_0, 4, 5;
    %jmp T_80.9;
T_80.8 ;
    %load/vec4 v0x13f584480_0;
    %flag_set/vec4 9;
    %flag_get/vec4 9;
    %jmp/0 T_80.13, 9;
    %load/vec4 v0x13f584320_0;
    %ix/getv/s 4, v0x13f584f80_0;
    %load/vec4a v0x13f587520, 4;
    %cmp/e;
    %flag_get/vec4 4;
    %and;
T_80.13;
    %flag_set/vec4 8;
    %jmp/0xz  T_80.11, 8;
    %load/vec4 v0x13f584640_0;
    %ix/getv/s 3, v0x13f584f80_0;
    %ix/load 4, 0, 0; Constant delay
    %assign/vec4/a/d v0x13f587310, 0, 4;
    %pushi/vec4 1, 0, 1;
    %ix/load 5, 0, 0;
    %ix/getv/s 4, v0x13f584f80_0;
    %assign/vec4/off/d v0x13f587470_0, 4, 5;
T_80.11 ;
T_80.9 ;
T_80.5 ;
T_80.4 ; for-loop step statement
    %load/vec4 v0x13f584f80_0;
    %addi 1, 0, 32;
    %store/vec4 v0x13f584f80_0, 0, 32;
    %jmp T_80.2;
T_80.3 ; for-loop exit label
    %load/vec4 v0x13f588a80_0;
    %flag_set/vec4 9;
    %flag_get/vec4 9;
    %jmp/0 T_80.16, 9;
    %load/vec4 v0x13f584a40_0;
    %nor/r;
    %and;
T_80.16;
    %flag_set/vec4 8;
    %jmp/0xz  T_80.14, 8;
    %pushi/vec4 0, 0, 1;
    %ix/load 5, 0, 0;
    %ix/getv 4, v0x13f588b20_0;
    %assign/vec4/off/d v0x13f5879c0_0, 4, 5;
    %pushi/vec4 0, 0, 1;
    %ix/load 5, 0, 0;
    %ix/getv 4, v0x13f588b20_0;
    %assign/vec4/off/d v0x13f587050_0, 4, 5;
    %pushi/vec4 0, 0, 1;
    %ix/load 5, 0, 0;
    %ix/getv 4, v0x13f588b20_0;
    %assign/vec4/off/d v0x13f587470_0, 4, 5;
    %pushi/vec4 0, 0, 1;
    %ix/load 5, 0, 0;
    %ix/getv 4, v0x13f588b20_0;
    %assign/vec4/off/d v0x13f5871b0_0, 4, 5;
    %pushi/vec4 0, 0, 1;
    %ix/load 5, 0, 0;
    %ix/getv 4, v0x13f588b20_0;
    %assign/vec4/off/d v0x13f587260_0, 4, 5;
T_80.14 ;
    %load/vec4 v0x13f584a40_0;
    %flag_set/vec4 8;
    %jmp/0xz  T_80.17, 8;
    %pushi/vec4 0, 0, 1;
    %assign/vec4 v0x13f585eb0_0, 0;
    %pushi/vec4 0, 0, 1;
    %assign/vec4 v0x13f588890_0, 0;
    %pushi/vec4 0, 0, 32;
    %store/vec4 v0x13f584f80_0, 0, 32;
T_80.19 ; Top of for-loop
    %load/vec4 v0x13f584f80_0;
    %cmpi/s 8, 0, 32;
	  %jmp/0xz T_80.20, 5;
    %load/vec4 v0x13f5865f0_0;
    %load/vec4 v0x13f584f80_0;
    %part/s 1;
    %flag_set/vec4 8;
    %jmp/0xz  T_80.22, 8;
    %ix/getv/s 4, v0x13f584f80_0;
    %load/vec4a v0x13f586490, 4;
    %load/vec4 v0x13f586c30_0;
    %sub;
    %pushi/vec4 31, 0, 5;
    %and;
    %store/vec4 v0x13f584860_0, 0, 5;
    %load/vec4 v0x13f584990_0;
    %load/vec4 v0x13f584860_0;
    %cmp/u;
    %jmp/0xz  T_80.24, 5;
    %pushi/vec4 0, 0, 1;
    %ix/load 5, 0, 0;
    %ix/getv/s 4, v0x13f584f80_0;
    %assign/vec4/off/d v0x13f5865f0_0, 4, 5;
    %pushi/vec4 0, 0, 1;
    %ix/load 5, 0, 0;
    %ix/getv/s 4, v0x13f584f80_0;
    %assign/vec4/off/d v0x13f5860a0_0, 4, 5;
T_80.24 ;
T_80.22 ;
    %load/vec4 v0x13f5879c0_0;
    %load/vec4 v0x13f584f80_0;
    %part/s 1;
    %flag_set/vec4 9;
    %flag_get/vec4 9;
    %jmp/0 T_80.28, 9;
    %load/vec4 v0x13f5871b0_0;
    %load/vec4 v0x13f584f80_0;
    %part/s 1;
    %nor/r;
    %and;
T_80.28;
    %flag_set/vec4 8;
    %jmp/0xz  T_80.26, 8;
    %ix/getv/s 4, v0x13f584f80_0;
    %load/vec4a v0x13f587860, 4;
    %load/vec4 v0x13f586c30_0;
    %sub;
    %pushi/vec4 31, 0, 5;
    %and;
    %store/vec4 v0x13f584860_0, 0, 5;
    %load/vec4 v0x13f584990_0;
    %load/vec4 v0x13f584860_0;
    %cmp/u;
    %jmp/0xz  T_80.29, 5;
    %pushi/vec4 0, 0, 1;
    %ix/load 5, 0, 0;
    %ix/getv/s 4, v0x13f584f80_0;
    %assign/vec4/off/d v0x13f5879c0_0, 4, 5;
    %pushi/vec4 0, 0, 1;
    %ix/load 5, 0, 0;
    %ix/getv/s 4, v0x13f584f80_0;
    %assign/vec4/off/d v0x13f587050_0, 4, 5;
    %pushi/vec4 0, 0, 1;
    %ix/load 5, 0, 0;
    %ix/getv/s 4, v0x13f584f80_0;
    %assign/vec4/off/d v0x13f587470_0, 4, 5;
    %pushi/vec4 0, 0, 1;
    %ix/load 5, 0, 0;
    %ix/getv/s 4, v0x13f584f80_0;
    %assign/vec4/off/d v0x13f5871b0_0, 4, 5;
    %pushi/vec4 0, 0, 1;
    %ix/load 5, 0, 0;
    %ix/getv/s 4, v0x13f584f80_0;
    %assign/vec4/off/d v0x13f587260_0, 4, 5;
T_80.29 ;
T_80.26 ;
T_80.21 ; for-loop step statement
    %load/vec4 v0x13f584f80_0;
    %addi 1, 0, 32;
    %store/vec4 v0x13f584f80_0, 0, 32;
    %jmp T_80.19;
T_80.20 ; for-loop exit label
    %jmp T_80.18;
T_80.17 ;
    %pushi/vec4 0, 0, 1;
    %assign/vec4 v0x13f585eb0_0, 0;
    %pushi/vec4 0, 0, 1;
    %assign/vec4 v0x13f588890_0, 0;
    %load/vec4 v0x13f585390_0;
    %flag_set/vec4 8;
    %jmp/0xz  T_80.31, 8;
    %pushi/vec4 1, 0, 1;
    %assign/vec4 v0x13f585eb0_0, 0;
    %load/vec4 v0x13f5859a0_0;
    %pad/u 5;
    %ix/vec4 4;
    %load/vec4a v0x13f586150, 4;
    %assign/vec4 v0x13f585d50_0, 0;
    %load/vec4 v0x13f5859a0_0;
    %pad/u 5;
    %ix/vec4 4;
    %load/vec4a v0x13f586490, 4;
    %assign/vec4 v0x13f585e00_0, 0;
    %load/vec4 v0x13f585b50_0;
    %flag_set/vec4 8;
    %jmp/0 T_80.33, 8;
    %load/vec4 v0x13f584cf0_0;
    %jmp/1 T_80.34, 8;
T_80.33 ; End of true expr.
    %load/vec4 v0x13f586750_0;
    %jmp/0 T_80.34, 8;
 ; End of false expr.
    %blend;
T_80.34;
    %assign/vec4 v0x13f585c90_0, 0;
    %pushi/vec4 0, 0, 1;
    %ix/load 5, 0, 0;
    %ix/getv 4, v0x13f5859a0_0;
    %assign/vec4/off/d v0x13f5865f0_0, 4, 5;
    %pushi/vec4 0, 0, 1;
    %ix/load 5, 0, 0;
    %ix/getv 4, v0x13f5859a0_0;
    %assign/vec4/off/d v0x13f5860a0_0, 4, 5;
T_80.31 ;
    %load/vec4 v0x13f586e40_0;
    %flag_set/vec4 8;
    %jmp/0xz  T_80.35, 8;
    %pushi/vec4 1, 0, 1;
    %assign/vec4 v0x13f588890_0, 0;
    %load/vec4 v0x13f585670_0;
    %pad/u 5;
    %ix/vec4 4;
    %load/vec4a v0x13f587860, 4;
    %assign/vec4 v0x13f5887e0_0, 0;
    %load/vec4 v0x13f585670_0;
    %pad/u 5;
    %ix/vec4 4;
    %load/vec4a v0x13f586ef0, 4;
    %assign/vec4 v0x13f5886a0_0, 0;
    %load/vec4 v0x13f585670_0;
    %pad/u 5;
    %ix/vec4 4;
    %load/vec4a v0x13f587310, 4;
    %assign/vec4 v0x13f588730_0, 0;
    %pushi/vec4 1, 0, 1;
    %ix/load 5, 0, 0;
    %ix/getv 4, v0x13f585670_0;
    %assign/vec4/off/d v0x13f587260_0, 4, 5;
T_80.35 ;
    %load/vec4 v0x13f588580_0;
    %flag_set/vec4 8;
    %jmp/0xz  T_80.37, 8;
    %pushi/vec4 0, 0, 32;
    %store/vec4 v0x13f584f80_0, 0, 32;
T_80.39 ; Top of for-loop
    %load/vec4 v0x13f584f80_0;
    %cmpi/s 8, 0, 32;
	  %jmp/0xz T_80.40, 5;
    %load/vec4 v0x13f5879c0_0;
    %load/vec4 v0x13f584f80_0;
    %part/s 1;
    %flag_set/vec4 9;
    %flag_get/vec4 9;
    %jmp/0 T_80.44, 9;
    %ix/getv/s 4, v0x13f584f80_0;
    %load/vec4a v0x13f587860, 4;
    %load/vec4 v0x13f588610_0;
    %cmp/e;
    %flag_get/vec4 4;
    %and;
T_80.44;
    %flag_set/vec4 8;
    %jmp/0xz  T_80.42, 8;
    %pushi/vec4 1, 0, 1;
    %ix/load 5, 0, 0;
    %ix/getv/s 4, v0x13f584f80_0;
    %assign/vec4/off/d v0x13f5871b0_0, 4, 5;
T_80.42 ;
T_80.41 ; for-loop step statement
    %load/vec4 v0x13f584f80_0;
    %addi 1, 0, 32;
    %store/vec4 v0x13f584f80_0, 0, 32;
    %jmp T_80.39;
T_80.40 ; for-loop exit label
T_80.37 ;
    %load/vec4 v0x13f585540_0;
    %flag_set/vec4 9;
    %flag_get/vec4 9;
    %jmp/0 T_80.47, 9;
    %load/vec4 v0x13f586350_0;
    %and;
T_80.47;
    %flag_set/vec4 8;
    %jmp/0xz  T_80.45, 8;
    %pushi/vec4 1, 0, 1;
    %ix/load 5, 0, 0;
    %ix/getv 4, v0x13f5861f0_0;
    %assign/vec4/off/d v0x13f5865f0_0, 4, 5;
    %pushi/vec4 0, 0, 1;
    %ix/load 5, 0, 0;
    %ix/getv 4, v0x13f5861f0_0;
    %assign/vec4/off/d v0x13f5860a0_0, 4, 5;
    %load/vec4 v0x13f584b80_0;
    %load/vec4 v0x13f5861f0_0;
    %pad/u 5;
    %ix/vec4 3;
    %ix/load 4, 0, 0; Constant delay
    %assign/vec4/a/d v0x13f586490, 0, 4;
    %load/vec4 v0x13f585420_0;
    %load/vec4 v0x13f5861f0_0;
    %pad/u 5;
    %ix/vec4 3;
    %ix/load 4, 0, 0; Constant delay
    %assign/vec4/a/d v0x13f586150, 0, 4;
T_80.45 ;
    %load/vec4 v0x13f5855d0_0;
    %flag_set/vec4 9;
    %flag_get/vec4 9;
    %jmp/0 T_80.50, 9;
    %load/vec4 v0x13f5863f0_0;
    %and;
T_80.50;
    %flag_set/vec4 8;
    %jmp/0xz  T_80.48, 8;
    %pushi/vec4 1, 0, 1;
    %ix/load 5, 0, 0;
    %ix/getv 4, v0x13f5862a0_0;
    %assign/vec4/off/d v0x13f5865f0_0, 4, 5;
    %pushi/vec4 0, 0, 1;
    %ix/load 5, 0, 0;
    %ix/getv 4, v0x13f5862a0_0;
    %assign/vec4/off/d v0x13f5860a0_0, 4, 5;
    %load/vec4 v0x13f585860_0;
    %load/vec4 v0x13f5862a0_0;
    %pad/u 5;
    %ix/vec4 3;
    %ix/load 4, 0, 0; Constant delay
    %assign/vec4/a/d v0x13f586490, 0, 4;
    %load/vec4 v0x13f5854b0_0;
    %load/vec4 v0x13f5862a0_0;
    %pad/u 5;
    %ix/vec4 3;
    %ix/load 4, 0, 0; Constant delay
    %assign/vec4/a/d v0x13f586150, 0, 4;
T_80.48 ;
    %load/vec4 v0x13f588210_0;
    %flag_set/vec4 9;
    %flag_get/vec4 9;
    %jmp/0 T_80.53, 9;
    %load/vec4 v0x13f587720_0;
    %and;
T_80.53;
    %flag_set/vec4 8;
    %jmp/0xz  T_80.51, 8;
    %pushi/vec4 1, 0, 1;
    %ix/load 5, 0, 0;
    %ix/getv 4, v0x13f5875c0_0;
    %assign/vec4/off/d v0x13f5879c0_0, 4, 5;
    %pushi/vec4 0, 0, 1;
    %ix/load 5, 0, 0;
    %ix/getv 4, v0x13f5875c0_0;
    %assign/vec4/off/d v0x13f587050_0, 4, 5;
    %load/vec4 v0x13f587f90_0;
    %ix/load 5, 0, 0;
    %ix/getv 4, v0x13f5875c0_0;
    %assign/vec4/off/d v0x13f587470_0, 4, 5;
    %pushi/vec4 0, 0, 1;
    %ix/load 5, 0, 0;
    %ix/getv 4, v0x13f5875c0_0;
    %assign/vec4/off/d v0x13f5871b0_0, 4, 5;
    %pushi/vec4 0, 0, 1;
    %ix/load 5, 0, 0;
    %ix/getv 4, v0x13f5875c0_0;
    %assign/vec4/off/d v0x13f587260_0, 4, 5;
    %load/vec4 v0x13f588370_0;
    %load/vec4 v0x13f5875c0_0;
    %pad/u 5;
    %ix/vec4 3;
    %ix/load 4, 0, 0; Constant delay
    %assign/vec4/a/d v0x13f587860, 0, 4;
    %load/vec4 v0x13f587e70_0;
    %load/vec4 v0x13f5875c0_0;
    %pad/u 5;
    %ix/vec4 3;
    %ix/load 4, 0, 0; Constant delay
    %assign/vec4/a/d v0x13f587310, 0, 4;
    %load/vec4 v0x13f5880b0_0;
    %load/vec4 v0x13f5875c0_0;
    %pad/u 5;
    %ix/vec4 3;
    %ix/load 4, 0, 0; Constant delay
    %assign/vec4/a/d v0x13f587520, 0, 4;
T_80.51 ;
    %load/vec4 v0x13f5882c0_0;
    %flag_set/vec4 9;
    %flag_get/vec4 9;
    %jmp/0 T_80.56, 9;
    %load/vec4 v0x13f5877c0_0;
    %and;
T_80.56;
    %flag_set/vec4 8;
    %jmp/0xz  T_80.54, 8;
    %pushi/vec4 1, 0, 1;
    %ix/load 5, 0, 0;
    %ix/getv 4, v0x13f587670_0;
    %assign/vec4/off/d v0x13f5879c0_0, 4, 5;
    %pushi/vec4 0, 0, 1;
    %ix/load 5, 0, 0;
    %ix/getv 4, v0x13f587670_0;
    %assign/vec4/off/d v0x13f587050_0, 4, 5;
    %load/vec4 v0x13f588020_0;
    %ix/load 5, 0, 0;
    %ix/getv 4, v0x13f587670_0;
    %assign/vec4/off/d v0x13f587470_0, 4, 5;
    %pushi/vec4 0, 0, 1;
    %ix/load 5, 0, 0;
    %ix/getv 4, v0x13f587670_0;
    %assign/vec4/off/d v0x13f5871b0_0, 4, 5;
    %pushi/vec4 0, 0, 1;
    %ix/load 5, 0, 0;
    %ix/getv 4, v0x13f587670_0;
    %assign/vec4/off/d v0x13f587260_0, 4, 5;
    %load/vec4 v0x13f588420_0;
    %load/vec4 v0x13f587670_0;
    %pad/u 5;
    %ix/vec4 3;
    %ix/load 4, 0, 0; Constant delay
    %assign/vec4/a/d v0x13f587860, 0, 4;
    %load/vec4 v0x13f587f00_0;
    %load/vec4 v0x13f587670_0;
    %pad/u 5;
    %ix/vec4 3;
    %ix/load 4, 0, 0; Constant delay
    %assign/vec4/a/d v0x13f587310, 0, 4;
    %load/vec4 v0x13f588160_0;
    %load/vec4 v0x13f587670_0;
    %pad/u 5;
    %ix/vec4 3;
    %ix/load 4, 0, 0; Constant delay
    %assign/vec4/a/d v0x13f587520, 0, 4;
T_80.54 ;
    %load/vec4 v0x13f5850e0_0;
    %flag_set/vec4 8;
    %jmp/0xz  T_80.57, 8;
    %pushi/vec4 0, 0, 32;
    %store/vec4 v0x13f584f80_0, 0, 32;
T_80.59 ; Top of for-loop
    %load/vec4 v0x13f584f80_0;
    %cmpi/s 8, 0, 32;
	  %jmp/0xz T_80.60, 5;
    %load/vec4 v0x13f5865f0_0;
    %load/vec4 v0x13f584f80_0;
    %part/s 1;
    %flag_set/vec4 10;
    %flag_get/vec4 10;
    %jmp/0 T_80.65, 10;
    %load/vec4 v0x13f5860a0_0;
    %load/vec4 v0x13f584f80_0;
    %part/s 1;
    %nor/r;
    %and;
T_80.65;
    %flag_set/vec4 9;
    %flag_get/vec4 9;
    %jmp/0 T_80.64, 9;
    %ix/getv/s 4, v0x13f584f80_0;
    %load/vec4a v0x13f586490, 4;
    %load/vec4 v0x13f585030_0;
    %cmp/e;
    %flag_get/vec4 4;
    %and;
T_80.64;
    %flag_set/vec4 8;
    %jmp/0xz  T_80.62, 8;
    %load/vec4 v0x13f585180_0;
    %ix/getv/s 3, v0x13f584f80_0;
    %ix/load 4, 0, 0; Constant delay
    %assign/vec4/a/d v0x13f585f60, 0, 4;
    %pushi/vec4 1, 0, 1;
    %ix/load 5, 0, 0;
    %ix/getv/s 4, v0x13f584f80_0;
    %assign/vec4/off/d v0x13f5860a0_0, 4, 5;
T_80.62 ;
    %load/vec4 v0x13f5879c0_0;
    %load/vec4 v0x13f584f80_0;
    %part/s 1;
    %flag_set/vec4 10;
    %flag_get/vec4 10;
    %jmp/0 T_80.69, 10;
    %load/vec4 v0x13f587050_0;
    %load/vec4 v0x13f584f80_0;
    %part/s 1;
    %nor/r;
    %and;
T_80.69;
    %flag_set/vec4 9;
    %flag_get/vec4 9;
    %jmp/0 T_80.68, 9;
    %ix/getv/s 4, v0x13f584f80_0;
    %load/vec4a v0x13f587860, 4;
    %load/vec4 v0x13f585030_0;
    %cmp/e;
    %flag_get/vec4 4;
    %and;
T_80.68;
    %flag_set/vec4 8;
    %jmp/0xz  T_80.66, 8;
    %load/vec4 v0x13f585180_0;
    %ix/getv/s 3, v0x13f584f80_0;
    %ix/load 4, 0, 0; Constant delay
    %assign/vec4/a/d v0x13f586ef0, 0, 4;
    %pushi/vec4 1, 0, 1;
    %ix/load 5, 0, 0;
    %ix/getv/s 4, v0x13f584f80_0;
    %assign/vec4/off/d v0x13f587050_0, 4, 5;
T_80.66 ;
T_80.61 ; for-loop step statement
    %load/vec4 v0x13f584f80_0;
    %addi 1, 0, 32;
    %store/vec4 v0x13f584f80_0, 0, 32;
    %jmp T_80.59;
T_80.60 ; for-loop exit label
T_80.57 ;
    %load/vec4 v0x13f587c70_0;
    %flag_set/vec4 8;
    %jmp/0xz  T_80.70, 8;
    %pushi/vec4 0, 0, 32;
    %store/vec4 v0x13f584f80_0, 0, 32;
T_80.72 ; Top of for-loop
    %load/vec4 v0x13f584f80_0;
    %cmpi/s 8, 0, 32;
	  %jmp/0xz T_80.73, 5;
    %load/vec4 v0x13f5865f0_0;
    %load/vec4 v0x13f584f80_0;
    %part/s 1;
    %flag_set/vec4 10;
    %flag_get/vec4 10;
    %jmp/0 T_80.78, 10;
    %load/vec4 v0x13f5860a0_0;
    %load/vec4 v0x13f584f80_0;
    %part/s 1;
    %nor/r;
    %and;
T_80.78;
    %flag_set/vec4 9;
    %flag_get/vec4 9;
    %jmp/0 T_80.77, 9;
    %ix/getv/s 4, v0x13f584f80_0;
    %load/vec4a v0x13f586490, 4;
    %load/vec4 v0x13f587bc0_0;
    %cmp/e;
    %flag_get/vec4 4;
    %and;
T_80.77;
    %flag_set/vec4 8;
    %jmp/0xz  T_80.75, 8;
    %load/vec4 v0x13f587d10_0;
    %ix/getv/s 3, v0x13f584f80_0;
    %ix/load 4, 0, 0; Constant delay
    %assign/vec4/a/d v0x13f585f60, 0, 4;
    %pushi/vec4 1, 0, 1;
    %ix/load 5, 0, 0;
    %ix/getv/s 4, v0x13f584f80_0;
    %assign/vec4/off/d v0x13f5860a0_0, 4, 5;
T_80.75 ;
    %load/vec4 v0x13f5879c0_0;
    %load/vec4 v0x13f584f80_0;
    %part/s 1;
    %flag_set/vec4 10;
    %flag_get/vec4 10;
    %jmp/0 T_80.82, 10;
    %load/vec4 v0x13f587050_0;
    %load/vec4 v0x13f584f80_0;
    %part/s 1;
    %nor/r;
    %and;
T_80.82;
    %flag_set/vec4 9;
    %flag_get/vec4 9;
    %jmp/0 T_80.81, 9;
    %ix/getv/s 4, v0x13f584f80_0;
    %load/vec4a v0x13f587860, 4;
    %load/vec4 v0x13f587bc0_0;
    %cmp/e;
    %flag_get/vec4 4;
    %and;
T_80.81;
    %flag_set/vec4 8;
    %jmp/0xz  T_80.79, 8;
    %load/vec4 v0x13f587d10_0;
    %ix/getv/s 3, v0x13f584f80_0;
    %ix/load 4, 0, 0; Constant delay
    %assign/vec4/a/d v0x13f586ef0, 0, 4;
    %pushi/vec4 1, 0, 1;
    %ix/load 5, 0, 0;
    %ix/getv/s 4, v0x13f584f80_0;
    %assign/vec4/off/d v0x13f587050_0, 4, 5;
    %load/vec4 v0x13f587b20_0;
    %flag_set/vec4 8;
    %jmp/0xz  T_80.83, 8;
    %load/vec4 v0x13f587a70_0;
    %ix/getv/s 3, v0x13f584f80_0;
    %ix/load 4, 0, 0; Constant delay
    %assign/vec4/a/d v0x13f587310, 0, 4;
    %pushi/vec4 1, 0, 1;
    %ix/load 5, 0, 0;
    %ix/getv/s 4, v0x13f584f80_0;
    %assign/vec4/off/d v0x13f587470_0, 4, 5;
T_80.83 ;
T_80.79 ;
T_80.74 ; for-loop step statement
    %load/vec4 v0x13f584f80_0;
    %addi 1, 0, 32;
    %store/vec4 v0x13f584f80_0, 0, 32;
    %jmp T_80.72;
T_80.73 ; for-loop exit label
T_80.70 ;
T_80.18 ;
T_80.1 ;
    %jmp T_80;
    .thread T_80;
    .scope S_0x13f55eed0;
T_81 ;
    %wait E_0x13f55f390;
    %load/vec4 v0x13f563360_0;
    %load/vec4 v0x13f5630b0_0;
    %concat/vec4; draw_concat_vec4
    %load/vec4 v0x13f562e00_0;
    %concat/vec4; draw_concat_vec4
    %load/vec4 v0x13f562b60_0;
    %concat/vec4; draw_concat_vec4
    %load/vec4 v0x13f5628b0_0;
    %concat/vec4; draw_concat_vec4
    %load/vec4 v0x13f562670_0;
    %concat/vec4; draw_concat_vec4
    %store/vec4 v0x13f5634b0_0, 0, 6;
    %jmp T_81;
    .thread T_81, $push;
    .scope S_0x13f55eed0;
T_82 ;
    %wait E_0x13f55f350;
    %pushi/vec4 0, 0, 1;
    %store/vec4 v0x13f561ff0_0, 0, 1;
    %pushi/vec4 0, 0, 1;
    %store/vec4 v0x13f562090_0, 0, 1;
    %pushi/vec4 0, 0, 3;
    %store/vec4 v0x13f563a80_0, 0, 3;
    %pushi/vec4 0, 0, 3;
    %store/vec4 v0x13f563c80_0, 0, 3;
    %pushi/vec4 0, 0, 1;
    %store/vec4 v0x13f561af0_0, 0, 1;
    %pushi/vec4 0, 0, 1;
    %store/vec4 v0x13f561b90_0, 0, 1;
    %pushi/vec4 0, 0, 32;
    %store/vec4 v0x13f563920_0, 0, 32;
T_82.0 ; Top of for-loop
    %load/vec4 v0x13f563920_0;
    %cmpi/s 6, 0, 32;
	  %jmp/0xz T_82.1, 5;
    %pushi/vec4 0, 0, 1;
    %load/vec4 v0x13f5624c0_0;
    %concat/vec4; draw_concat_vec4
    %load/vec4 v0x13f563920_0;
    %parti/s 3, 0, 2;
    %pad/u 4;
    %add;
    %store/vec4 v0x13f5639d0_0, 0, 4;
    %load/vec4 v0x13f5639d0_0;
    %cmpi/u 6, 0, 4;
    %flag_inv 5; GE is !LT
    %jmp/0xz  T_82.3, 5;
    %load/vec4 v0x13f5639d0_0;
    %subi 6, 0, 4;
    %pad/u 3;
    %store/vec4 v0x13f561450_0, 0, 3;
    %jmp T_82.4;
T_82.3 ;
    %load/vec4 v0x13f5639d0_0;
    %parti/s 3, 0, 2;
    %store/vec4 v0x13f561450_0, 0, 3;
T_82.4 ;
    %load/vec4 v0x13f5634b0_0;
    %load/vec4 v0x13f561450_0;
    %part/u 1;
    %flag_set/vec4 9;
    %flag_get/vec4 9;
    %jmp/0 T_82.7, 9;
    %load/vec4 v0x13f561af0_0;
    %nor/r;
    %and;
T_82.7;
    %flag_set/vec4 8;
    %jmp/0xz  T_82.5, 8;
    %load/vec4 v0x13f561450_0;
    %store/vec4 v0x13f563a80_0, 0, 3;
    %pushi/vec4 1, 0, 1;
    %store/vec4 v0x13f561ff0_0, 0, 1;
    %pushi/vec4 1, 0, 1;
    %store/vec4 v0x13f561af0_0, 0, 1;
    %jmp T_82.6;
T_82.5 ;
    %load/vec4 v0x13f5634b0_0;
    %load/vec4 v0x13f561450_0;
    %part/u 1;
    %flag_set/vec4 10;
    %flag_get/vec4 10;
    %jmp/0 T_82.11, 10;
    %load/vec4 v0x13f561af0_0;
    %and;
T_82.11;
    %flag_set/vec4 9;
    %flag_get/vec4 9;
    %jmp/0 T_82.10, 9;
    %load/vec4 v0x13f561b90_0;
    %nor/r;
    %and;
T_82.10;
    %flag_set/vec4 8;
    %jmp/0xz  T_82.8, 8;
    %load/vec4 v0x13f561450_0;
    %store/vec4 v0x13f563c80_0, 0, 3;
    %pushi/vec4 1, 0, 1;
    %store/vec4 v0x13f562090_0, 0, 1;
    %pushi/vec4 1, 0, 1;
    %store/vec4 v0x13f561b90_0, 0, 1;
T_82.8 ;
T_82.6 ;
T_82.2 ; for-loop step statement
    %load/vec4 v0x13f563920_0;
    %addi 1, 0, 32;
    %store/vec4 v0x13f563920_0, 0, 32;
    %jmp T_82.0;
T_82.1 ; for-loop exit label
    %jmp T_82;
    .thread T_82, $push;
    .scope S_0x13f55eed0;
T_83 ;
    %wait E_0x13f55f260;
    %pushi/vec4 0, 0, 7;
    %store/vec4 v0x13f562290_0, 0, 7;
    %pushi/vec4 0, 0, 64;
    %store/vec4 v0x13f560e40_0, 0, 64;
    %pushi/vec4 0, 0, 5;
    %store/vec4 v0x13f562130_0, 0, 5;
    %pushi/vec4 0, 0, 7;
    %store/vec4 v0x13f560d90_0, 0, 7;
    %pushi/vec4 0, 0, 64;
    %store/vec4 v0x13f562320_0, 0, 64;
    %pushi/vec4 0, 0, 5;
    %store/vec4 v0x13f5621e0_0, 0, 5;
    %load/vec4 v0x13f561ff0_0;
    %flag_set/vec4 8;
    %jmp/0xz  T_83.0, 8;
    %load/vec4 v0x13f563a80_0;
    %dup/vec4;
    %pushi/vec4 0, 0, 3;
    %cmp/u;
    %jmp/1 T_83.2, 6;
    %dup/vec4;
    %pushi/vec4 1, 0, 3;
    %cmp/u;
    %jmp/1 T_83.3, 6;
    %dup/vec4;
    %pushi/vec4 2, 0, 3;
    %cmp/u;
    %jmp/1 T_83.4, 6;
    %dup/vec4;
    %pushi/vec4 3, 0, 3;
    %cmp/u;
    %jmp/1 T_83.5, 6;
    %dup/vec4;
    %pushi/vec4 4, 0, 3;
    %cmp/u;
    %jmp/1 T_83.6, 6;
    %dup/vec4;
    %pushi/vec4 5, 0, 3;
    %cmp/u;
    %jmp/1 T_83.7, 6;
    %jmp T_83.9;
T_83.2 ;
    %load/vec4 v0x13f5625e0_0;
    %store/vec4 v0x13f562290_0, 0, 7;
    %load/vec4 v0x13f562700_0;
    %store/vec4 v0x13f560e40_0, 0, 64;
    %load/vec4 v0x13f562550_0;
    %store/vec4 v0x13f562130_0, 0, 5;
    %jmp T_83.9;
T_83.3 ;
    %load/vec4 v0x13f562820_0;
    %store/vec4 v0x13f562290_0, 0, 7;
    %load/vec4 v0x13f562940_0;
    %store/vec4 v0x13f560e40_0, 0, 64;
    %load/vec4 v0x13f562790_0;
    %store/vec4 v0x13f562130_0, 0, 5;
    %jmp T_83.9;
T_83.4 ;
    %load/vec4 v0x13f562ab0_0;
    %store/vec4 v0x13f562290_0, 0, 7;
    %load/vec4 v0x13f562c10_0;
    %store/vec4 v0x13f560e40_0, 0, 64;
    %load/vec4 v0x13f562a00_0;
    %store/vec4 v0x13f562130_0, 0, 5;
    %jmp T_83.9;
T_83.5 ;
    %load/vec4 v0x13f562d50_0;
    %store/vec4 v0x13f562290_0, 0, 7;
    %load/vec4 v0x13f562ea0_0;
    %store/vec4 v0x13f560e40_0, 0, 64;
    %load/vec4 v0x13f562cc0_0;
    %store/vec4 v0x13f562130_0, 0, 5;
    %jmp T_83.9;
T_83.6 ;
    %load/vec4 v0x13f563000_0;
    %store/vec4 v0x13f562290_0, 0, 7;
    %load/vec4 v0x13f563150_0;
    %store/vec4 v0x13f560e40_0, 0, 64;
    %load/vec4 v0x13f562f50_0;
    %store/vec4 v0x13f562130_0, 0, 5;
    %jmp T_83.9;
T_83.7 ;
    %load/vec4 v0x13f5632b0_0;
    %store/vec4 v0x13f562290_0, 0, 7;
    %load/vec4 v0x13f563400_0;
    %store/vec4 v0x13f560e40_0, 0, 64;
    %load/vec4 v0x13f563200_0;
    %store/vec4 v0x13f562130_0, 0, 5;
    %jmp T_83.9;
T_83.9 ;
    %pop/vec4 1;
T_83.0 ;
    %load/vec4 v0x13f562090_0;
    %flag_set/vec4 8;
    %jmp/0xz  T_83.10, 8;
    %load/vec4 v0x13f563c80_0;
    %dup/vec4;
    %pushi/vec4 0, 0, 3;
    %cmp/u;
    %jmp/1 T_83.12, 6;
    %dup/vec4;
    %pushi/vec4 1, 0, 3;
    %cmp/u;
    %jmp/1 T_83.13, 6;
    %dup/vec4;
    %pushi/vec4 2, 0, 3;
    %cmp/u;
    %jmp/1 T_83.14, 6;
    %dup/vec4;
    %pushi/vec4 3, 0, 3;
    %cmp/u;
    %jmp/1 T_83.15, 6;
    %dup/vec4;
    %pushi/vec4 4, 0, 3;
    %cmp/u;
    %jmp/1 T_83.16, 6;
    %dup/vec4;
    %pushi/vec4 5, 0, 3;
    %cmp/u;
    %jmp/1 T_83.17, 6;
    %jmp T_83.19;
T_83.12 ;
    %load/vec4 v0x13f5625e0_0;
    %store/vec4 v0x13f560d90_0, 0, 7;
    %load/vec4 v0x13f562700_0;
    %store/vec4 v0x13f562320_0, 0, 64;
    %load/vec4 v0x13f562550_0;
    %store/vec4 v0x13f5621e0_0, 0, 5;
    %jmp T_83.19;
T_83.13 ;
    %load/vec4 v0x13f562820_0;
    %store/vec4 v0x13f560d90_0, 0, 7;
    %load/vec4 v0x13f562940_0;
    %store/vec4 v0x13f562320_0, 0, 64;
    %load/vec4 v0x13f562790_0;
    %store/vec4 v0x13f5621e0_0, 0, 5;
    %jmp T_83.19;
T_83.14 ;
    %load/vec4 v0x13f562ab0_0;
    %store/vec4 v0x13f560d90_0, 0, 7;
    %load/vec4 v0x13f562c10_0;
    %store/vec4 v0x13f562320_0, 0, 64;
    %load/vec4 v0x13f562a00_0;
    %store/vec4 v0x13f5621e0_0, 0, 5;
    %jmp T_83.19;
T_83.15 ;
    %load/vec4 v0x13f562d50_0;
    %store/vec4 v0x13f560d90_0, 0, 7;
    %load/vec4 v0x13f562ea0_0;
    %store/vec4 v0x13f562320_0, 0, 64;
    %load/vec4 v0x13f562cc0_0;
    %store/vec4 v0x13f5621e0_0, 0, 5;
    %jmp T_83.19;
T_83.16 ;
    %load/vec4 v0x13f563000_0;
    %store/vec4 v0x13f560d90_0, 0, 7;
    %load/vec4 v0x13f563150_0;
    %store/vec4 v0x13f562320_0, 0, 64;
    %load/vec4 v0x13f562f50_0;
    %store/vec4 v0x13f5621e0_0, 0, 5;
    %jmp T_83.19;
T_83.17 ;
    %load/vec4 v0x13f5632b0_0;
    %store/vec4 v0x13f560d90_0, 0, 7;
    %load/vec4 v0x13f563400_0;
    %store/vec4 v0x13f562320_0, 0, 64;
    %load/vec4 v0x13f563200_0;
    %store/vec4 v0x13f5621e0_0, 0, 5;
    %jmp T_83.19;
T_83.19 ;
    %pop/vec4 1;
T_83.10 ;
    %jmp T_83;
    .thread T_83, $push;
    .scope S_0x13f55eed0;
T_84 ;
    %wait E_0x13f54f620;
    %load/vec4 v0x13f5623b0_0;
    %flag_set/vec4 8;
    %jmp/0xz  T_84.0, 8;
    %pushi/vec4 0, 0, 3;
    %assign/vec4 v0x13f5624c0_0, 0;
    %jmp T_84.1;
T_84.0 ;
    %load/vec4 v0x13f562090_0;
    %flag_set/vec4 8;
    %jmp/0xz  T_84.2, 8;
    %load/vec4 v0x13f563c80_0;
    %store/vec4 v0x13f55f620_0, 0, 3;
    %callf/vec4 TD_tinker_tb.dut.u_cdb.inc_mod6, S_0x13f55f3f0;
    %assign/vec4 v0x13f5624c0_0, 0;
    %jmp T_84.3;
T_84.2 ;
    %load/vec4 v0x13f561ff0_0;
    %flag_set/vec4 8;
    %jmp/0xz  T_84.4, 8;
    %load/vec4 v0x13f563a80_0;
    %store/vec4 v0x13f55f620_0, 0, 3;
    %callf/vec4 TD_tinker_tb.dut.u_cdb.inc_mod6, S_0x13f55f3f0;
    %assign/vec4 v0x13f5624c0_0, 0;
T_84.4 ;
T_84.3 ;
T_84.1 ;
    %jmp T_84;
    .thread T_84;
    .scope S_0x13f3b7400;
T_85 ;
    %wait E_0x13f254e90;
    %pushi/vec4 0, 0, 64;
    %store/vec4 v0x13f5c1950_0, 0, 64;
    %pushi/vec4 0, 0, 1;
    %store/vec4 v0x13f5c1710_0, 0, 1;
    %pushi/vec4 0, 0, 1;
    %store/vec4 v0x13f5c1830_0, 0, 1;
    %load/vec4 v0x13f5b78a0_0;
    %flag_set/vec4 8;
    %jmp/0xz  T_85.0, 8;
    %load/vec4 v0x13f5b7810_0;
    %dup/vec4;
    %pushi/vec4 0, 0, 3;
    %cmp/u;
    %jmp/1 T_85.2, 6;
    %dup/vec4;
    %pushi/vec4 1, 0, 3;
    %cmp/u;
    %jmp/1 T_85.3, 6;
    %dup/vec4;
    %pushi/vec4 5, 0, 3;
    %cmp/u;
    %jmp/1 T_85.4, 6;
    %jmp T_85.6;
T_85.2 ;
    %load/vec4 v0x13f5b4c10_0;
    %store/vec4 v0x13f5c1710_0, 0, 1;
    %load/vec4 v0x13f5b4f90_0;
    %store/vec4 v0x13f5c1830_0, 0, 1;
    %load/vec4 v0x13f5b4cc0_0;
    %store/vec4 v0x13f5c1950_0, 0, 64;
    %jmp T_85.6;
T_85.3 ;
    %load/vec4 v0x13f5b53d0_0;
    %store/vec4 v0x13f5c1710_0, 0, 1;
    %load/vec4 v0x13f5b57b0_0;
    %store/vec4 v0x13f5c1830_0, 0, 1;
    %load/vec4 v0x13f5b5460_0;
    %store/vec4 v0x13f5c1950_0, 0, 64;
    %jmp T_85.6;
T_85.4 ;
    %load/vec4 v0x13f5be100_0;
    %store/vec4 v0x13f5c1950_0, 0, 64;
    %jmp T_85.6;
T_85.6 ;
    %pop/vec4 1;
T_85.0 ;
    %pushi/vec4 0, 0, 64;
    %store/vec4 v0x13f5c19e0_0, 0, 64;
    %pushi/vec4 0, 0, 1;
    %store/vec4 v0x13f5c17a0_0, 0, 1;
    %pushi/vec4 0, 0, 1;
    %store/vec4 v0x13f5c18c0_0, 0, 1;
    %load/vec4 v0x13f5b79c0_0;
    %flag_set/vec4 8;
    %jmp/0xz  T_85.7, 8;
    %load/vec4 v0x13f5b7930_0;
    %dup/vec4;
    %pushi/vec4 0, 0, 3;
    %cmp/u;
    %jmp/1 T_85.9, 6;
    %dup/vec4;
    %pushi/vec4 1, 0, 3;
    %cmp/u;
    %jmp/1 T_85.10, 6;
    %dup/vec4;
    %pushi/vec4 5, 0, 3;
    %cmp/u;
    %jmp/1 T_85.11, 6;
    %jmp T_85.13;
T_85.9 ;
    %load/vec4 v0x13f5b4c10_0;
    %store/vec4 v0x13f5c17a0_0, 0, 1;
    %load/vec4 v0x13f5b4f90_0;
    %store/vec4 v0x13f5c18c0_0, 0, 1;
    %load/vec4 v0x13f5b4cc0_0;
    %store/vec4 v0x13f5c19e0_0, 0, 64;
    %jmp T_85.13;
T_85.10 ;
    %load/vec4 v0x13f5b53d0_0;
    %store/vec4 v0x13f5c17a0_0, 0, 1;
    %load/vec4 v0x13f5b57b0_0;
    %store/vec4 v0x13f5c18c0_0, 0, 1;
    %load/vec4 v0x13f5b5460_0;
    %store/vec4 v0x13f5c19e0_0, 0, 64;
    %jmp T_85.13;
T_85.11 ;
    %load/vec4 v0x13f5be100_0;
    %store/vec4 v0x13f5c19e0_0, 0, 64;
    %jmp T_85.13;
T_85.13 ;
    %pop/vec4 1;
T_85.7 ;
    %jmp T_85;
    .thread T_85, $push;
    .scope S_0x13f3b7400;
T_86 ;
    %wait E_0x13f239420;
    %pushi/vec4 0, 0, 1;
    %store/vec4 v0x13f5be940_0, 0, 1;
    %pushi/vec4 0, 0, 5;
    %store/vec4 v0x13f5bea60_0, 0, 5;
    %load/vec4 v0x13f5b75d0_0;
    %flag_set/vec4 9;
    %flag_get/vec4 9;
    %jmp/0 T_86.2, 9;
    %load/vec4 v0x13f5c1830_0;
    %and;
T_86.2;
    %flag_set/vec4 8;
    %jmp/0xz  T_86.0, 8;
    %pushi/vec4 1, 0, 1;
    %store/vec4 v0x13f5be940_0, 0, 1;
    %load/vec4 v0x13f5b7210_0;
    %store/vec4 v0x13f5bea60_0, 0, 5;
    %jmp T_86.1;
T_86.0 ;
    %load/vec4 v0x13f5b7660_0;
    %flag_set/vec4 9;
    %flag_get/vec4 9;
    %jmp/0 T_86.5, 9;
    %load/vec4 v0x13f5c18c0_0;
    %and;
T_86.5;
    %flag_set/vec4 8;
    %jmp/0xz  T_86.3, 8;
    %pushi/vec4 1, 0, 1;
    %store/vec4 v0x13f5be940_0, 0, 1;
    %load/vec4 v0x13f5b72e0_0;
    %store/vec4 v0x13f5bea60_0, 0, 5;
T_86.3 ;
T_86.1 ;
    %jmp T_86;
    .thread T_86, $push;
    .scope S_0x13f3b7400;
T_87 ;
    %wait E_0x13f238d70;
    %pushi/vec4 0, 0, 64;
    %store/vec4 v0x13f5be9d0_0, 0, 64;
    %load/vec4 v0x13f5b75d0_0;
    %flag_set/vec4 9;
    %flag_get/vec4 9;
    %jmp/0 T_87.2, 9;
    %load/vec4 v0x13f5c1830_0;
    %and;
T_87.2;
    %flag_set/vec4 8;
    %jmp/0xz  T_87.0, 8;
    %load/vec4 v0x13f5b76f0_0;
    %store/vec4 v0x13f5be9d0_0, 0, 64;
    %jmp T_87.1;
T_87.0 ;
    %load/vec4 v0x13f5b7660_0;
    %flag_set/vec4 9;
    %flag_get/vec4 9;
    %jmp/0 T_87.5, 9;
    %load/vec4 v0x13f5c18c0_0;
    %and;
T_87.5;
    %flag_set/vec4 8;
    %jmp/0xz  T_87.3, 8;
    %load/vec4 v0x13f5b7780_0;
    %store/vec4 v0x13f5be9d0_0, 0, 64;
T_87.3 ;
T_87.1 ;
    %jmp T_87;
    .thread T_87, $push;
    .scope S_0x13f2e2a00;
T_88 ;
    %delay 5, 0;
    %load/vec4 v0x13f5c4760_0;
    %inv;
    %store/vec4 v0x13f5c4760_0, 0, 1;
    %jmp T_88;
    .thread T_88;
    .scope S_0x13f2e2a00;
T_89 ;
    %vpi_call/w 5 293 "$dumpfile", "tinker_tb.vcd" {0 0 0};
    %vpi_call/w 5 294 "$dumpvars", 32'sb00000000000000000000000000000000, S_0x13f2e2a00 {0 0 0};
    %pushi/vec4 0, 0, 1;
    %store/vec4 v0x13f5c4760_0, 0, 1;
    %pushi/vec4 1, 0, 1;
    %store/vec4 v0x13f5c4ba0_0, 0, 1;
    %pushi/vec4 0, 0, 32;
    %store/vec4 v0x13f5c4b10_0, 0, 32;
    %pushi/vec4 0, 0, 32;
    %store/vec4 v0x13f5c49f0_0, 0, 32;
    %fork TD_tinker_tb.test1_basic_alu, S_0x13f5c3c60;
    %join;
    %fork TD_tinker_tb.test2_dual_issue, S_0x13f5c3ea0;
    %join;
    %fork TD_tinker_tb.test3_load_store, S_0x13f5c4060;
    %join;
    %fork TD_tinker_tb.test4_branch, S_0x13f5c4220;
    %join;
    %fork TD_tinker_tb.test5_fpu, S_0x13f5c43e0;
    %join;
    %fork TD_tinker_tb.test6_mixed_ilp, S_0x13f5c45a0;
    %join;
    %vpi_call/w 5 307 "$display", "\012========================================" {0 0 0};
    %vpi_call/w 5 308 "$display", "  Results: %0d passed, %0d failed", v0x13f5c4b10_0, v0x13f5c49f0_0 {0 0 0};
    %vpi_call/w 5 309 "$display", "========================================" {0 0 0};
    %load/vec4 v0x13f5c49f0_0;
    %cmpi/e 0, 0, 32;
    %jmp/0xz  T_89.0, 4;
    %vpi_call/w 5 312 "$display", "ALL TESTS PASSED" {0 0 0};
    %jmp T_89.1;
T_89.0 ;
    %vpi_call/w 5 314 "$display", "SOME TESTS FAILED" {0 0 0};
T_89.1 ;
    %vpi_call/w 5 316 "$finish" {0 0 0};
    %end;
    .thread T_89;
# The file index is used to find the file name in the following table.
:file_names 19;
    "N/A";
    "<interactive>";
    "-";
    "./alu.sv";
    "./fpu.sv";
    "tinker_tb.sv";
    "./tinker.sv";
    "./fpu_pipe.sv";
    "./alu_pipe.sv";
    "./memory_reg.sv";
    "./cdb.sv";
    "./decode_rename.sv";
    "./free_list.sv";
    "./fetch_unit.sv";
    "./load_store_queue.sv";
    "./phys_reg_file.sv";
    "./rat.sv";
    "./rob.sv";
    "./reservation_station.sv";
